{"model":{"version":3,"nodes":[{"name":"RootNode","position":[0,0,0],"rotation":[0,0,0],"scale":[0.0254,0.0254,0.0254],"scaleCompensation":false},{"name":"LEVEL82-flechas","position":[0,0,0],"rotation":[-90,-0,0],"scale":[0.3937,0.3937,0.3937],"scaleCompensation":false}],"parents":[-1,0],"skins":[],"morphs":[],"vertices":[{"position":{"type":"float32","components":3,"data":[-4365.16,790.883,-1238.55,-4314.56,840.231,-1216.26,-4365.16,889.899,-1238.55,-4273.17,790.883,-1198.11,-4222.57,840.231,-1175.82,-4273.17,889.899,-1198.11,-4451.11,790.883,-1275.47,-4400.51,840.231,-1253.18,-4451.11,889.899,-1275.47,-4368.73,782.175,-1240.12,-4309.21,840.222,-1213.9,-4314.56,840.231,-1216.26,-4314.56,840.231,-1216.26,-4365.16,790.883,-1238.55,-4368.73,782.175,-1240.12,-4309.21,840.222,-1213.9,-4368.73,898.645,-1240.12,-4365.16,889.899,-1238.55,-4365.16,889.899,-1238.55,-4314.56,840.231,-1216.26,-4309.21,840.222,-1213.9,-4368.73,898.645,-1240.12,-4368.73,782.175,-1240.12,-4365.16,790.883,-1238.55,-4365.16,790.883,-1238.55,-4365.16,889.899,-1238.55,-4368.73,898.645,-1240.12,-4276.74,782.175,-1199.68,-4217.22,840.222,-1173.47,-4222.57,840.231,-1175.82,-4222.57,840.231,-1175.82,-4273.17,790.883,-1198.11,-4276.74,782.175,-1199.68,-4217.22,840.222,-1173.47,-4276.74,898.645,-1199.68,-4273.17,889.899,-1198.11,-4273.17,889.899,-1198.11,-4222.57,840.231,-1175.82,-4217.22,840.222,-1173.47,-4276.74,898.645,-1199.68,-4276.74,782.175,-1199.68,-4273.17,790.883,-1198.11,-4273.17,790.883,-1198.11,-4273.17,889.899,-1198.11,-4276.74,898.645,-1199.68,-4454.68,782.175,-1277.04,-4395.16,840.222,-1250.82,-4400.51,840.231,-1253.18,-4400.51,840.231,-1253.18,-4451.11,790.883,-1275.47,-4454.68,782.175,-1277.04,-4395.16,840.222,-1250.82,-4454.68,898.645,-1277.04,-4451.11,889.899,-1275.47,-4451.11,889.899,-1275.47,-4400.51,840.231,-1253.18,-4395.16,840.222,-1250.82,-4454.68,898.645,-1277.04,-4454.68,782.175,-1277.04,-4451.11,790.883,-1275.47,-4451.11,790.883,-1275.47,-4451.11,889.899,-1275.47,-4454.68,898.645,-1277.04]},"normal":{"type":"float32","components":3,"data":[-0.403134,0,0.915141,-0.403134,0,0.915141,-0.403134,0,0.915141,-0.403113,0,0.91515,-0.403113,0,0.91515,-0.403113,0,0.91515,-0.403134,0,0.915141,-0.403134,0,0.915141,-0.403134,0,0.915141,-0.40314,6.73223e-06,0.915139,-0.40314,6.73223e-06,0.915138,-0.40314,6.73223e-06,0.915139,-0.403136,2.87718e-06,0.91514,-0.403136,2.87718e-06,0.91514,-0.403136,2.87718e-06,0.91514,-0.403137,-3.11027e-06,0.91514,-0.403137,-3.11027e-06,0.91514,-0.403137,-3.11027e-06,0.91514,-0.40314,-7.10653e-06,0.915138,-0.40314,-7.10653e-06,0.915138,-0.40314,-7.10653e-06,0.915138,-0.40313,0,0.915143,-0.40313,0,0.915143,-0.40313,0,0.915143,-0.40313,0,0.915143,-0.40313,0,0.915143,-0.40313,0,0.915143,-0.403106,-8.34772e-06,0.915154,-0.403106,-8.34772e-06,0.915153,-0.403106,-8.34772e-06,0.915153,-0.403114,1.50458e-06,0.91515,-0.403114,1.50458e-06,0.91515,-0.403114,1.50458e-06,0.91515,-0.403113,-8.50284e-07,0.91515,-0.403113,-8.50284e-07,0.91515,-0.403113,-8.50284e-07,0.91515,-0.403106,9.29086e-06,0.915153,-0.403106,9.29086e-06,0.915154,-0.403106,9.29086e-06,0.915153,-0.403111,0,0.915151,-0.403111,0,0.915151,-0.403111,0,0.915151,-0.403111,0,0.915151,-0.403111,0,0.915151,-0.403111,0,0.915151,-0.40314,6.73223e-06,0.915139,-0.40314,6.73223e-06,0.915138,-0.40314,6.73223e-06,0.915139,-0.403137,3.56347e-06,0.91514,-0.403137,3.56347e-06,0.91514,-0.403137,3.56347e-06,0.91514,-0.403137,-3.78156e-06,0.915139,-0.403137,-3.78156e-06,0.91514,-0.403137,-3.78156e-06,0.91514,-0.40314,-7.05389e-06,0.915138,-0.40314,-7.05389e-06,0.915138,-0.40314,-7.05389e-06,0.915138,-0.403129,0,0.915143,-0.403129,0,0.915143,-0.403129,0,0.915143,-0.403129,0,0.915143,-0.403129,0,0.915143,-0.403129,0,0.915143]},"texCoord0":{"type":"float32","components":2,"data":[0.859017,0.880883,0.859017,0.880883,0.859017,0.880883,0.859017,0.880883,0.859017,0.880883,0.859017,0.880883,0.859017,0.880883,0.859017,0.880883,0.859017,0.880883,0.95814,0.877054,0.958215,0.877054,0.958215,0.877054,0.958215,0.877054,0.95814,0.877054,0.95814,0.877054,0.958215,0.877054,0.95814,0.87728,0.95814,0.87728,0.95814,0.87728,0.958215,0.877054,0.958215,0.877054,0.95814,0.87728,0.95814,0.877054,0.95814,0.877054,0.95814,0.877054,0.95814,0.87728,0.95814,0.87728,0.95814,0.877054,0.958215,0.877054,0.958215,0.877054,0.958215,0.877054,0.95814,0.877054,0.95814,0.877054,0.958215,0.877054,0.95814,0.87728,0.95814,0.87728,0.95814,0.87728,0.958215,0.877054,0.958215,0.877054,0.95814,0.87728,0.95814,0.877054,0.95814,0.877054,0.95814,0.877054,0.95814,0.87728,0.95814,0.87728,0.95814,0.877054,0.958215,0.877054,0.958215,0.877054,0.958215,0.877054,0.95814,0.877054,0.95814,0.877054,0.958215,0.877054,0.95814,0.87728,0.95814,0.87728,0.95814,0.87728,0.958215,0.877054,0.958215,0.877054,0.95814,0.87728,0.95814,0.877054,0.95814,0.877054,0.95814,0.877054,0.95814,0.87728,0.95814,0.87728]},"texCoord1":{"type":"float32","components":2,"data":[-7.88055,0.50001,-7.88055,0.50001,-7.88055,0.50001,-7.88055,0.50001,-7.88055,0.50001,-7.88055,0.50001,-7.88055,0.50001,-7.88055,0.50001,-7.88055,0.50001,-7.88055,0.50001,-7.88055,0.50001,-7.88055,0.50001,-7.88055,0.50001,-7.88055,0.50001,-7.88055,0.50001,-7.88055,0.50001,-7.88055,0.50001,-7.88055,0.50001,-7.88055,0.50001,-7.88055,0.50001,-7.88055,0.50001,-7.88055,0.50001,-7.88055,0.50001,-7.88055,0.50001,-7.88055,0.50001,-7.88055,0.50001,-7.88055,0.50001,-7.88055,0.50001,-7.88055,0.50001,-7.88055,0.50001,-7.88055,0.50001,-7.88055,0.50001,-7.88055,0.50001,-7.88055,0.50001,-7.88055,0.50001,-7.88055,0.50001,-7.88055,0.50001,-7.88055,0.50001,-7.88055,0.50001,-7.88055,0.50001,-7.88055,0.50001,-7.88055,0.50001,-7.88055,0.50001,-7.88055,0.50001,-7.88055,0.50001,-7.88055,0.50001,-7.88055,0.50001,-7.88055,0.50001,-7.88055,0.50001,-7.88055,0.50001,-7.88055,0.50001,-7.88055,0.50001,-7.88055,0.50001,-7.88055,0.50001,-7.88055,0.50001,-7.88055,0.50001,-7.88055,0.50001,-7.88055,0.50001,-7.88055,0.50001,-7.88055,0.50001,-7.88055,0.50001,-7.88055,0.50001,-7.88055,0.50001]}}],"meshes":[{"aabb":{"min":[-4454.68,782.175,-1277.04],"max":[-4217.22,898.645,-1173.47]},"vertices":0,"indices":[0,1,2,3,4,5,6,7,8,9,10,11,12,13,14,15,16,17,18,19,20,21,22,23,24,25,26,27,28,29,30,31,32,33,34,35,36,37,38,39,40,41,42,43,44,45,46,47,48,49,50,51,52,53,54,55,56,57,58,59,60,61,62],"type":"triangles","base":0,"count":63}],"meshInstances":[{"node":1,"mesh":0}]}}