{"model":{"version":3,"nodes":[{"name":"RootNode","position":[0,0,0],"rotation":[0,0,0],"scale":[0.0254,0.0254,0.0254],"scaleCompensation":false},{"name":"LEVEL84-flechas","position":[0,0,0],"rotation":[-90,-0,0],"scale":[0.3937,0.3937,0.3937],"scaleCompensation":false}],"parents":[-1,0],"skins":[],"morphs":[],"vertices":[{"position":{"type":"float32","components":3,"data":[-2265.32,-15.6244,-1237.32,-2265.32,-92.4775,-1237.32,-2215.54,-54.0996,-1215.41,-2265.32,-615.538,-1237.32,-2265.32,-692.391,-1237.32,-2215.55,-654.083,-1215.42,-2265.32,584.324,-1237.32,-2265.32,507.47,-1237.32,-2215.55,545.89,-1215.41,-2170.88,-15.6244,-1194.17,-2170.88,-92.4775,-1194.17,-2121.11,-54.0996,-1172.27,-2170.89,-615.538,-1194.18,-2170.89,-692.391,-1194.18,-2121.11,-654.083,-1172.27,-2170.89,584.323,-1194.17,-2170.89,507.47,-1194.17,-2121.11,545.89,-1172.27,-2359.67,-15.6244,-1279.92,-2359.67,-92.4775,-1279.92,-2309.89,-54.0996,-1258.02,-2359.67,-615.538,-1279.93,-2359.67,-692.391,-1279.93,-2309.89,-654.083,-1258.03,-2359.67,584.323,-1279.92,-2359.67,507.47,-1279.92,-2309.89,545.89,-1258.02,-2268.89,-8.08783,-1238.89,-2268.89,-100.003,-1238.89,-2265.32,-92.4775,-1237.32,-2265.32,-92.4775,-1237.32,-2265.32,-15.6244,-1237.32,-2268.89,-100.003,-1238.89,-2209.36,-54.1036,-1212.69,-2215.54,-54.0996,-1215.41,-2215.54,-54.0996,-1215.41,-2265.32,-92.4775,-1237.32,-2268.89,-100.003,-1238.89,-2209.36,-54.1036,-1212.69,-2268.89,-8.08783,-1238.89,-2265.32,-15.6244,-1237.32,-2265.32,-15.6244,-1237.32,-2215.54,-54.0996,-1215.41,-2209.36,-54.1036,-1212.69,-2268.89,-607.993,-1238.89,-2268.89,-699.908,-1238.89,-2265.32,-692.391,-1237.32,-2265.32,-692.391,-1237.32,-2265.32,-615.538,-1237.32,-2268.89,-607.993,-1238.89,-2268.89,-699.908,-1238.89,-2209.36,-654.093,-1212.69,-2215.55,-654.083,-1215.42,-2215.55,-654.083,-1215.42,-2265.32,-692.391,-1237.32,-2268.89,-699.908,-1238.89,-2209.36,-654.093,-1212.69,-2268.89,-607.993,-1238.89,-2265.32,-615.538,-1237.32,-2265.32,-615.538,-1237.32,-2215.55,-654.083,-1215.42,-2209.36,-654.093,-1212.69,-2268.89,591.855,-1238.89,-2268.89,499.94,-1238.89,-2265.32,507.47,-1237.32,-2265.32,507.47,-1237.32,-2265.32,584.324,-1237.32,-2268.89,591.855,-1238.89,-2268.89,499.94,-1238.89,-2209.36,545.889,-1212.69,-2215.55,545.89,-1215.41,-2215.55,545.89,-1215.41,-2265.32,507.47,-1237.32,-2268.89,499.94,-1238.89,-2209.36,545.889,-1212.69,-2268.89,591.855,-1238.89,-2265.32,584.324,-1237.32,-2265.32,584.324,-1237.32,-2215.55,545.89,-1215.41,-2209.36,545.889,-1212.69,-2174.45,-8.08783,-1195.75,-2174.45,-100.003,-1195.75,-2170.88,-92.4775,-1194.17,-2170.88,-92.4775,-1194.17,-2170.88,-15.6244,-1194.17,-2174.45,-8.08783,-1195.75,-2174.45,-100.003,-1195.75,-2114.92,-54.1036,-1169.55,-2121.11,-54.0996,-1172.27,-2121.11,-54.0996,-1172.27,-2170.88,-92.4775,-1194.17,-2174.45,-100.003,-1195.75,-2114.92,-54.1036,-1169.55,-2174.45,-8.08783,-1195.75,-2170.88,-15.6244,-1194.17,-2170.88,-15.6244,-1194.17,-2121.11,-54.0996,-1172.27,-2114.92,-54.1036,-1169.55,-2174.45,-607.993,-1195.75,-2174.45,-699.908,-1195.75,-2170.89,-692.391,-1194.18,-2170.89,-692.391,-1194.18,-2170.89,-615.538,-1194.18,-2174.45,-607.993,-1195.75,-2174.45,-699.908,-1195.75,-2114.92,-654.093,-1169.55,-2121.11,-654.083,-1172.27,-2121.11,-654.083,-1172.27,-2170.89,-692.391,-1194.18,-2174.45,-699.908,-1195.75,-2114.92,-654.093,-1169.55,-2174.45,-607.993,-1195.75,-2170.89,-615.538,-1194.18,-2170.89,-615.538,-1194.18,-2121.11,-654.083,-1172.27,-2114.92,-654.093,-1169.55,-2174.46,591.855,-1195.75,-2174.46,499.94,-1195.75,-2170.89,507.47,-1194.17,-2170.89,507.47,-1194.17,-2170.89,584.323,-1194.17,-2174.46,591.855,-1195.75,-2174.46,499.94,-1195.75,-2114.92,545.889,-1169.55,-2121.11,545.89,-1172.27,-2121.11,545.89,-1172.27,-2170.89,507.47,-1194.17,-2174.46,499.94,-1195.75,-2114.92,545.889,-1169.55,-2174.46,591.855,-1195.75,-2170.89,584.323,-1194.17,-2170.89,584.323,-1194.17,-2121.11,545.89,-1172.27,-2114.92,545.889,-1169.55,-2363.23,-8.08783,-1281.5,-2363.23,-100.003,-1281.5,-2359.67,-92.4775,-1279.92,-2359.67,-92.4775,-1279.92,-2359.67,-15.6244,-1279.92,-2363.23,-8.08783,-1281.5,-2363.23,-100.003,-1281.5,-2303.7,-54.1036,-1255.3,-2309.89,-54.0996,-1258.02,-2309.89,-54.0996,-1258.02,-2359.67,-92.4775,-1279.92,-2363.23,-100.003,-1281.5,-2303.7,-54.1036,-1255.3,-2363.23,-8.08783,-1281.5,-2359.67,-15.6244,-1279.92,-2359.67,-15.6244,-1279.92,-2309.89,-54.0996,-1258.02,-2303.7,-54.1036,-1255.3,-2363.24,-607.993,-1281.5,-2363.24,-699.908,-1281.5,-2359.67,-692.391,-1279.93,-2359.67,-692.391,-1279.93,-2359.67,-615.538,-1279.93,-2363.24,-607.993,-1281.5,-2363.24,-699.908,-1281.5,-2303.7,-654.093,-1255.3,-2309.89,-654.083,-1258.03,-2309.89,-654.083,-1258.03,-2359.67,-692.391,-1279.93,-2363.24,-699.908,-1281.5,-2303.7,-654.093,-1255.3,-2363.24,-607.993,-1281.5,-2359.67,-615.538,-1279.93,-2359.67,-615.538,-1279.93,-2309.89,-654.083,-1258.03,-2303.7,-654.093,-1255.3,-2363.24,591.855,-1281.5,-2363.24,499.94,-1281.5,-2359.67,507.47,-1279.92,-2359.67,507.47,-1279.92,-2359.67,584.323,-1279.92,-2363.24,591.855,-1281.5,-2363.24,499.94,-1281.5,-2303.7,545.889,-1255.3,-2309.89,545.89,-1258.02,-2309.89,545.89,-1258.02,-2359.67,507.47,-1279.92,-2363.24,499.94,-1281.5,-2303.7,545.889,-1255.3,-2363.24,591.855,-1281.5,-2359.67,584.323,-1279.92,-2359.67,584.323,-1279.92,-2309.89,545.89,-1258.02,-2303.7,545.889,-1255.3]},"normal":{"type":"float32","components":3,