{"model":{"version":3,"nodes":[{"name":"RootNode","position":[0,0,0],"rotation":[0,0,0],"scale":[0.0254,0.0254,0.0254],"scaleCompensation":false},{"name":"Mesh1 Diamond Corner Model 90","position":[0,0,0],"rotation":[-90,0,0],"scale":[1,1,1],"scaleCompensation":false}],"parents":[-1,0],"skins":[],"morphs":[],"vertices":[{"position":{"type":"float32","components":3,"data":[-59.055,59.0549,17.3228,-59.055,59.0549,-9.38654e-06,-59.055,47.2441,-1.01375e-05,-59.055,47.2441,7.4803,-59.055,47.2441,17.3228,59.055,-59.0549,7.03991e-06,-59.055,59.0549,-9.38654e-06,-59.055,59.0549,17.3228,59.055,-59.0549,17.3228,59.055,-59.0549,7.03991e-06,59.055,-59.0549,17.3228,47.2441,-59.0549,17.3228,47.2441,-59.0549,7.48032,47.2441,-59.0549,3.12105e-06,-59.055,47.2441,7.4803,47.2441,-59.0549,7.48032,47.2441,-59.0549,17.3228,-59.055,47.2441,17.3228,-59.055,47.2441,17.3228,47.2441,-59.0549,17.3228,59.055,-59.0549,17.3228,-59.055,59.0549,17.3228]},"normal":{"type":"float32","components":3,"data":[-1,-2.57026e-07,-3.39204e-07,-1,2.80013e-14,-4.40424e-07,-1,-2.46087e-07,-2.7264e-07,-1,-5.559e-07,-1.08077e-07,-1,-3.22983e-07,-3.87573e-07,0.707106,0.707107,4.6714e-07,0.707106,0.707107,4.6714e-07,0.707106,0.707107,4.6714e-07,0.707106,0.707107,4.6714e-07,-6.37276e-08,-1,-1.84514e-07,7.11245e-14,-1,-2.20212e-07,-9.35131e-08,-1,-2.8397e-07,-1.66846e-07,-1,-2.63438e-07,0,-1,0,-0.707106,-0.707107,-5.59518e-07,-0.707107,-0.707107,-8.22167e-07,-0.707107,-0.707107,-8.1076e-07,-0.707106,-0.707107,-5.48111e-07,-2.91403e-07,-1.62292e-07,1,-3.22982e-07,-1.97379e-07,1,-3.20819e-07,-1.94977e-07,1,-2.90683e-07,-1.61491e-07,1]},"texCoord0":{"type":"float32","components":2,"data":[0.313769,0.111241,0.313778,0.111241,0.313778,0.111247,0.313774,0.111247,0.313769,0.111247,0.313777,0.11124,0.313777,0.11124,0.313776,0.11124,0.313777,0.11124,0.313769,0.111241,0.313778,0.111241,0.313778,0.111248,0.313773,0.111248,0.313769,0.111248,0.313774,0.111247,0.313773,0.111248,0.313778,0.111248,0.313769,0.111247,0.113765,0.501557,0.113774,0.501557,0.113774,0.501551,0.113765,0.50155]}}],"meshes":[{"aabb":{"min":[-59.055,-59.0549,-1.01375e-05],"max":[59.055,59.0549,17.3228]},"vertices":0,"indices":[0,1,2,0,2,3,0,3,4,5,6,7,7,8,5,9,10,11,9,11,12,9,12,13,14,15,16,16,17,14,18,19,20,20,21,18],"type":"triangles","base":0,"count":36}],"meshInstances":[{"node":1,"mesh":0}]}}