{"model":{"version":3,"nodes":[{"name":"RootNode","position":[0,0,0],"rotation":[0,0,0],"scale":[0.0254,0.0254,0.0254],"scaleCompensation":false},{"name":"Mesh1 Wall_right Model","position":[0,0,0],"rotation":[-90,0,0],"scale":[1,1,1],"scaleCompensation":false}],"parents":[-1,0],"skins":[],"morphs":[],"vertices":[{"position":{"type":"float32","components":3,"data":[-59.055,59.0549,17.3229,-47.2441,59.0549,17.3229,-47.2441,59.0549,7.48033,-47.2441,59.0549,1.86559e-05,-59.055,59.0549,1.92425e-05,-59.055,-59.0549,-2.15892e-05,-59.055,-59.0549,17.3228,-59.055,59.0549,17.3229,-59.055,59.0549,1.92425e-05,-47.2441,-59.0549,17.3228,-47.2441,59.0549,17.3229,-59.055,59.0549,17.3229,-59.055,-59.0549,17.3228,-59.055,-59.0549,-2.15892e-05,-47.2441,-59.0549,-1.98292e-05,-47.2441,-59.0549,7.48029,-47.2441,-59.0549,17.3228,-59.055,-59.0549,17.3228,47.2441,-49.2126,17.3228,47.2441,-49.2126,7.4803,0,-49.2126,7.4803,0,-49.2126,17.3228,47.2441,59.0549,17.3229,47.2441,59.0549,7.48033,47.2441,-49.2126,7.4803,47.2441,-49.2126,17.3228,59.055,59.0549,17.3229,47.2441,59.0549,17.3229,47.2441,-49.2126,17.3228,59.055,-59.0549,17.3228,59.055,-59.0549,17.3228,0,-59.0549,17.3228,0,-59.0549,7.48029,0,-59.0549,-1.98292e-05,59.055,-59.0549,-1.98292e-05,59.055,59.0549,1.92425e-05,59.055,59.0549,17.3229,59.055,-59.0549,17.3228,59.055,-59.0549,-1.98292e-05,59.055,59.0549,1.92425e-05,47.2441,59.0549,1.86559e-05,47.2441,59.0549,7.48033,47.2441,59.0549,17.3229,59.055,59.0549,17.3229,0,-59.0549,17.3228,0,-49.2126,17.3228,0,-49.2126,7.4803,0,-59.0549,7.48029,-47.2441,-59.0549,17.3228,-47.2441,-59.0549,7.48029,-47.2441,59.0549,7.48033,-47.2441,59.0549,17.3229,59.055,-59.0549,17.3228,47.2441,-49.2126,17.3228,0,-49.2126,17.3228,0,-59.0549,17.3228]},"normal":{"type":"float32","components":3,"data":[-5.70872e-08,1,2.55311e-07,0,1,3.87573e-07,-2.32917e-07,1,1.08077e-07,-1.23044e-07,1,1.3632e-07,1.09382e-14,1,2.20212e-07,-1,0,0,-1,0,0,-1,0,0,-1,0,0,0,-3.22979e-07,1,0,-3.22979e-07,1,0,-3.22979e-07,1,0,-3.22979e-07,1,1.27455e-07,-1,-3.69027e-07,0,-1,0,3.33692e-07,-1,-5.26875e-07,1.87026e-07,-1,-5.6794e-07,0,-1,-4.40424e-07,-0.707107,0.707107,5.48111e-07,-0.707107,0.707107,5.48111e-07,0,1,7.75146e-07,0,1,7.75146e-07,-1,0,0,-1,0,0,-0.707107,0.707107,5.48111e-07,-0.707107,0.707107,5.48111e-07,3.72403e-09,-3.17512e-07,1,0,-3.17106e-07,1,2.46403e-08,-3.56387e-07,1,3.00247e-08,-3.51551e-07,1,-9.88435e-09,-1,-4.41919e-07,0,-1,-7.75146e-07,-7.13871e-08,-1,-3.46825e-07,-1.05724e-07,-1,-8.00016e-08,0,-1,-4.40424e-07,1,0,0,1,0,0,1,0,0,1,0,0,6.37276e-08,1,1.84514e-07,0,1,0,1.66846e-07,1,2.63437e-07,9.35131e-08,1,2.8397e-07,0,1,2.20212e-07,-1,0,0,-1,0,0,-1,0,0,-1,0,0,1,0,0,1,0,0,1,0,0,1,0,0,3.00247e-08,-3.51551e-07,1,2.46403e-08,-3.56387e-07,1,0,-3.87581e-07,1,0,-3.87581e-07,1]},"texCoord0":{"type":"float32","components":2,"data":[0.313769,0.111244,0.313769,0.111251,0.313774,0.111251,0.313778,0.111251,0.313778,0.111244,0.313769,0.111308,0.313778,0.111308,0.313778,0.111243,0.313769,0.111243,0.113774,0.501538,0.113774,0.501637,0.113765,0.501637,0.113765,0.501538,0.313778,0.111244,0.313778,0.111251,0.313774,0.111251,0.313769,0.111251,0.313769,0.111244,0.313769,0.111302,0.313774,0.111302,0.313774,0.111276,0.313769,0.111276,0.313778,0.111243,0.313773,0.111243,0.313773,0.111303,0.313778,0.111303,0.113765,0.50154,0.113774,0.50154,0.113774,0.501624,0.113765,0.501631,0.313769,0.111308,0.313769,0.111276,0.313774,0.111276,0.313778,0.111276,0.313778,0.111308,0.313769,0.111243,0.313778,0.111243,0.313778,0.111308,0.313769,0.111308,0.313778,0.111308,0.313778,0.111302,0.313774,0.111302,0.313769,0.111302,0.313769,0.111308,0.313778,0.111308,0.313778,0.111303,0.313773,0.111303,0.313773,0.111308,0.313778,0.111308,0.313773,0.111308,0.313773,0.111243,0.313778,0.111243,0.113765,0.501556,0.113774,0.501567,0.113774,0.501612,0.113765,0.501612]}}],"meshes":[{"aabb":{"min":[-59.055,-59.0549,-2.15892e-05],"max":[59.055,59.0549,17.3229]},"vertices":0,"indices":[0,1,2,0,2,3,0,3,4,5,6,7,7,8,5,9,10,11,11,12,9,13,14,15,13,15,16,13,16,17,18,19,20,20,21,18,22,23,24,24,25,22,26,27,28,28,29,26,30,31,32,30,32,33,30,33,34,35,36,37,37,38,35,39,40,41,39,41,42,39,42,43,44,45,46,46,47,44,48,49,50,50,51,48,52,53,54,54,55,52],"type":"triangles","base":0,"count":90}],"meshInstances":[{"node":1,"mesh":0}]}}