{"model":{"version":3,"nodes":[{"name":"RootNode","position":[0,0,0],"rotation":[0,0,0],"scale":[0.0254,0.0254,0.0254],"scaleCompensation":false},{"name":"golf_bosque_piedramediaB","position":[0,0,0],"rotation":[-90,-0,0],"scale":[1,1,1],"scaleCompensation":false}],"parents":[-1,0],"skins":[],"morphs":[],"vertices":[{"position":{"type":"float32","components":3,"data":[-41.2431,-35.6409,-4.84327,-39.3941,-12.2598,21.5513,-55.9089,-14.3979,-4.84589,-39.6125,30.5457,21.7744,-39.3941,-12.2598,21.5513,-31.6061,26.0549,31.7244,42.8043,25.0182,25.3253,19.4043,35.7146,29.1084,42.76,1.07668,21.2084,55.4708,21.8877,-4.84161,42.8043,25.0182,25.3253,42.76,1.07668,21.2084,55.4708,21.8877,-4.84161,42.76,1.07668,21.2084,55.9089,-7.25923,-4.83636,42.76,1.07668,21.2084,-31.6061,26.0549,31.7244,12.2894,-32.6079,12.9559,-39.3941,-12.2598,21.5513,-41.2431,-35.6409,-4.84327,12.2894,-32.6079,12.9559,21.7773,48.6279,-4.8412,42.8043,25.0182,25.3253,55.4708,21.8877,-4.84161,19.4043,35.7146,29.1084,-31.6061,26.0549,31.7244,42.76,1.07668,21.2084,21.7773,48.6279,-4.8412,19.4043,35.7146,29.1084,42.8043,25.0182,25.3253,21.7773,48.6279,-4.8412,-39.6125,30.5457,21.7744,19.4043,35.7146,29.1084,-31.6061,26.0549,31.7244,19.4043,35.7146,29.1084,-39.6125,30.5457,21.7744,21.7773,48.6279,-4.8412,-48.4273,38.5895,-4.84493,-39.6125,30.5457,21.7744,-48.4273,38.5895,-4.84493,-55.9089,-14.3979,-4.84589,-39.3941,-12.2598,21.5513,-39.3941,-12.2598,21.5513,-39.6125,30.5457,21.7744,-48.4273,38.5895,-4.84493,42.76,1.07668,21.2084,12.2894,-32.6079,12.9559,17.9442,-48.6279,-4.84051,17.9442,-48.6279,-4.84051,55.9089,-7.25923,-4.83636,42.76,1.07668,21.2084,-39.3941,-12.2598,21.5513,12.2894,-32.6079,12.9559,-31.6061,26.0549,31.7244,12.2894,-32.6079,12.9559,-41.2431,-35.6409,-4.84327,17.9442,-48.6279,-4.84051]},"normal":{"type":"float32","components":3,"data":[-0.71777,-0.495478,0.489191,-0.71777,-0.495478,0.48919,-0.71777,-0.495478,0.489191,-0.780666,-0.00724163,0.624907,-0.780666,-0.00724163,0.624907,-0.780666,-0.00724163,0.624907,0.0815199,-0.169053,0.98223,0.0815199,-0.169053,0.98223,0.0815199,-0.169053,0.98223,0.917233,-0.0691571,0.392303,0.917233,-0.069157,0.392303,0.917233,-0.069157,0.392303,0.894339,0.0135253,0.447186,0.894339,0.0135253,0.447186,0.894339,0.0135253,0.447186,0.043554,-0.274723,0.960536,0.043554,-0.274723,0.960536,0.043554,-0.274723,0.960536,-0.177885,-0.730389,0.659461,-0.177885,-0.730389,0.659461,-0.177885,-0.730389,0.659461,0.611846,0.770942,0.176897,0.611846,0.770942,0.176897,0.611846,0.770942,0.176896,0.0822906,-0.168539,0.982254,0.0822906,-0.168539,0.982254,0.0822906,-0.168539,0.982254,0.435743,0.830728,0.346437,0.435743,0.830728,0.346437,0.435743,0.830728,0.346437,-0.124368,0.930271,0.345149,-0.124368,0.930271,0.345149,-0.124368,0.930271,0.345149,-0.136802,0.856975,0.496869,-0.136802,0.856975,0.496869,-0.136802,0.856975,0.496869,-0.133784,0.93551,0.32699,-0.133784,0.93551,0.32699,-0.133784,0.93551,0.32699,-0.846011,0.119443,0.519614,-0.846011,0.119443,0.519614,-0.846011,0.119443,0.519614,-0.949868,-0.00647691,0.312585,-0.949868,-0.00647691,0.312585,-0.949868,-0.00647691,0.312585,0.46137,-0.58151,0.670062,0.46137,-0.58151,0.670062,0.46137,-0.58151,0.670063,0.634984,-0.582787,0.507104,0.634984,-0.582787,0.507104,0.634984,-0.582787,0.507104,0.0550344,-0.26667,0.962215,0.0550344,-0.26667,0.962215,0.0550344,-0.26667,0.962215,-0.166478,-0.758578,0.629956,-0.166478,-0.758578,0.629956,-0.166478,-0.758578,0.629956]},"texCoord0":{"type":"float32","components":2,"data":[0.692935,0.20763,0.692917,0.207643,0.692927,0.207622,0.692896,0.207635,0.692917,0.207643,0.692898,0.207643,0.692883,0.207674,0.692884,0.207661,0.692893,0.207678,0.692871,0.207693,0.692883,0.207674,0.692893,0.207678,0.692871,0.207693,0.692893,0.207678,0.692894,0.207704,0.692893,0.207678,0.692898,0.207643,0.692923,0.207667,0.692917,0.207643,0.692935,0.20763,0.692923,0.207667,0.692855,0.207656,0.692883,0.207674,0.692871,0.207693,0.692884,0.207661,0.692898,0.207643,0.692893,0.207678,0.692855,0.207656,0.692884,0.207661,0.692883,0.207674,0.692855,0.207656,0.692896,0.207635,0.692884,0.207661,0.692898,0.207643,0.692884,0.207661,0.692896,0.207635,0.692855,0.207656,0.692891,0.207615,0.692896,0.207635,0.692891,0.207615,0.692927,0.207622,0.692917,0.207643,0.692917,0.207643,0.692896,0.207635,0.692891,0.207615,0.692893,0.207678,0.692923,0.207667,0.69293,0.207694,0.69293,0.207694,0.692894,0.207704,0.692893,0.207678,0.692917,0.207643,0.692923,0.207667,0.692898,0.207643,0.692923,0.207667,0.692935,0.20763,0.69293,0.207694]}}],"meshes":[{"aabb":{"min":[-55.9089,-48.6279,-4.84589],"max":[55.9089,48.6279,31.7244]},"vertices":0,"indices":[0,1,2,3,4,5,6,7,8,9,10,11,12,13,14,15,16,17,18,19,20,21,22,23,24,25,26,27,28,29,30,31,32,33,34,35,36,37,38,39,40,41,42,43,44,45,46,47,48,49,50,51,52,53,54,55,56],"type":"triangles","base":0,"count":57}],"meshInstances":[{"node":1,"mesh":0}]}}