{"model":{"version":3,"nodes":[{"name":"RootNode","position":[0,0,0],"rotation":[0,0,0],"scale":[0.0254,0.0254,0.0254],"scaleCompensation":false},{"name":"Mesh1 T_split Model 90","position":[0,0,0],"rotation":[-90,0,0],"scale":[1,1,1],"scaleCompensation":false}],"parents":[-1,0],"skins":[],"morphs":[],"vertices":[{"position":{"type":"float32","components":3,"data":[59.055,59.0549,17.3229,59.055,47.2441,17.3229,59.055,47.2441,7.48035,59.055,47.2441,3.19848e-05,59.055,59.0549,3.3909e-05,59.055,59.0549,3.3909e-05,-59.055,59.0549,-1.58398e-05,-59.055,59.0549,17.3228,59.055,59.0549,17.3229,-59.055,47.2441,17.3228,59.055,47.2441,17.3229,59.055,59.0549,17.3229,-59.055,59.0549,17.3228,-59.055,59.0549,-1.58398e-05,-59.055,47.2441,-1.65907e-05,-59.055,47.2441,7.4803,-59.055,47.2441,17.3228,-59.055,59.0549,17.3228,-59.0549,-59.0549,17.3228,-47.2441,-59.0549,17.3228,-59.055,-47.2441,17.3228,-59.055,-47.2441,7.48028,-59.055,-47.2441,17.3228,-47.2441,-59.0549,17.3228,-47.2441,-59.0549,7.48029,-47.2441,-59.0549,-2.91688e-05,-47.2441,-59.0549,7.48029,-47.2441,-59.0549,17.3228,-59.0549,-59.0549,17.3228,-59.0549,-59.0549,-3.44957e-05,-59.055,-47.2441,-3.19848e-05,-59.0549,-59.0549,-3.44957e-05,-59.0549,-59.0549,17.3228,-59.055,-47.2441,17.3228,-59.055,-47.2441,7.48028,47.2442,-59.0549,9.92632e-06,59.055,-59.0549,1.52531e-05,59.055,-59.0549,17.3228,47.2441,-59.0549,17.3228,47.2441,-59.0549,7.48032,47.2441,-59.0549,17.3228,59.055,-59.0549,17.3228,59.055,-47.2441,17.3228,47.2441,-59.0549,7.48032,47.2441,-59.0549,17.3228,59.055,-47.2441,17.3228,59.055,-47.244,7.48033,59.055,-59.0549,1.52531e-05,59.055,-47.244,1.65907e-05,59.055,-47.244,7.48033,59.055,-47.2441,17.3228,59.055,-59.0549,17.3228,-59.055,47.2441,17.3228,-59.055,47.2441,7.4803,59.055,47.2441,7.48035,59.055,47.2441,17.3229]},"normal":{"type":"float32","components":3,"data":[1,-3.7829e-07,8.65001e-08,1,6.259e-14,-3.87573e-07,1,-5.3939e-07,2.59682e-07,1,-6.84824e-07,4.66916e-07,1,-6.45968e-07,4.40424e-07,-8.60352e-14,1,2.20212e-07,-9.2755e-14,1,2.20212e-07,-9.20683e-14,1,2.20212e-07,-8.53485e-14,1,2.20212e-07,-3.87574e-07,-1.61492e-07,1,-3.87574e-07,-1.61492e-07,1,-3.87574e-07,-1.61492e-07,1,-3.87574e-07,-1.61492e-07,1,-1,-3.91912e-08,-3.51076e-07,-1,3.24227e-14,-5.09965e-07,-1,2.19535e-07,-1.63336e-07,-1,-7.68957e-08,-2.7264e-07,-1,-3.22983e-07,-4.40424e-07,-3.22982e-07,-1.61492e-07,1,-3.22982e-07,-1.61492e-07,1,-3.22982e-07,-1.61492e-07,1,0.707106,0.707108,5.48111e-07,0.707106,0.707108,5.48111e-07,0.707106,0.707108,5.48111e-07,0.707106,0.707108,5.48111e-07,7.03138e-05,-1,-2.2015e-07,0.321296,0.946979,4.9155e-07,-3.22982e-07,-1,-2.20212e-07,-3.22982e-07,-1,-2.20212e-07,-3.22982e-07,-1,-2.20212e-07,-1,-1.04584e-06,-2.7264e-07,-1,-1.29193e-06,-4.40424e-07,-1,-8.92053e-07,-1.67784e-07,-1,-6.45966e-07,-1.42249e-13,-0.396436,0.918062,2.02168e-07,-7.06074e-05,-1,-2.20274e-07,9.9318e-14,-1,-2.20212e-07,8.18653e-14,-1,-2.20212e-07,7.11248e-14,-1,-2.20212e-07,-0.321296,-0.946979,-4.9155e-07,-3.22983e-07,-1.61491e-07,1,-3.22983e-07,-1.61491e-07,1,-3.22983e-07,-1.61491e-07,1,-0.707108,0.707106,9.2902e-08,-0.707108,0.707106,-9.73667e-13,-0.707108,0.707105,1.81152e-07,-0.707108,0.707105,2.74055e-07,1,5.99814e-07,2.51677e-07,1,9.68946e-07,0,1,9.68945e-07,2.55256e-13,1,3.69131e-07,4.08959e-07,1,-1.06687e-13,6.60636e-07,2.90681e-07,-1,-3.87573e-07,2.90681e-07,-1,-3.87573e-07,2.90681e-07,-1,-3.87573e-07,2.90681e-07,-1,-3.87573e-07]},"texCoord0":{"type":"float32","components":2,"data":[0.313769,0.111292,0.313769,0.111298,0.313774,0.111298,0.313778,0.111298,0.313778,0.111292,0.313769,0.11124,0.313769,0.111305,0.313778,0.111305,0.313778,0.11124,0.113774,0.501538,0.113774,0.501637,0.113765,0.501637,0.113765,0.501538,0.313778,0.111292,0.313778,0.111298,0.313774,0.111298,0.313769,0.111298,0.313769,0.111292,0.113776,0.501613,0.113776,0.501625,0.113774,0.501625,0.31378,0.111307,0.313769,0.111307,0.313769,0.111305,0.31378,0.111305,0.313769,0.111298,0.313773,0.111298,0.313778,0.111298,0.313778,0.111305,0.313769,0.111305,0.313778,0.111248,0.313778,0.111255,0.313769,0.111255,0.313769,0.111248,0.313774,0.111248,0.313769,0.111246,0.313769,0.11124,0.313778,0.11124,0.313778,0.111246,0.313773,0.111246,0.113776,0.501614,0.113776,0.501625,0.113765,0.501625,0.31378,0.111307,0.313769,0.111307,0.313769,0.111305,0.31378,0.111305,0.313778,0.111255,0.313778,0.111248,0.313774,0.111248,0.313769,0.111248,0.313769,0.111255,0.313778,0.111305,0.313773,0.111305,0.313773,0.11124,0.313778,0.11124]}}],"meshes":[{"aabb":{"min":[-59.055,-59.0549,-3.44957e-05],"max":[59.055,59.0549,17.3229]},"vertices":0,"indices":[0,1,2,0,2,3,0,3,4,5,6,7,7,8,5,9,10,11,11,12,9,13,14,15,13,15,16,13,16,17,18,19,20,21,22,23,23,24,21,25,26,27,25,27,28,25,28,29,30,31,32,30,32,33,30,33,34,35,36,37,35,37,38,35,38,39,40,41,42,43,44,45,45,46,43,47,48,49,47,49,50,47,50,51,52,53,54,54,55,52],"type":"triangles","base":0,"count":90}],"meshInstances":[{"node":1,"mesh":0}]}}