{"model":{"version":3,"nodes":[{"name":"RootNode","position":[0,0,0],"rotation":[0,0,0],"scale":[0.0254,0.0254,0.0254],"scaleCompensation":false},{"name":"Mesh1 Block Model","position":[0,0,0],"rotation":[-90,0,0],"scale":[1,1,1],"scaleCompensation":false}],"parents":[-1,0],"skins":[],"morphs":[],"vertices":[{"position":{"type":"float32","components":3,"data":[59.055,59.0549,2.2293e-05,-59.055,59.0549,2.17063e-05,59.055,59.0549,17.3229,-59.055,59.0549,17.3229,-59.055,59.0549,17.3229,-59.055,59.0549,2.17063e-05,-59.055,-59.0549,17.3228,-59.055,-59.0549,-2.11197e-05,59.055,59.0549,17.3229,-59.055,59.0549,17.3229,59.055,-59.0549,17.3228,-59.055,-59.0549,17.3228,-59.055,-59.0549,17.3228,-59.055,-59.0549,-2.11197e-05,59.055,-59.0549,17.3228,59.055,-59.0549,-2.17063e-05,59.055,59.0549,2.2293e-05,59.055,-59.0549,-2.17063e-05,-59.055,59.0549,2.17063e-05,-59.055,-59.0549,-2.11197e-05,59.055,-59.0549,17.3228,59.055,-59.0549,-2.17063e-05,59.055,59.0549,17.3229,59.055,59.0549,2.2293e-05]},"normal":{"type":"float32","components":3,"data":[-1.09381e-15,1,2.20212e-07,-1.01407e-16,1,2.20212e-07,-9.92402e-16,1,2.20212e-07,0,1,2.20212e-07,-1,0,0,-1,0,0,-1,0,0,-1,0,0,0,-3.55277e-07,1,0,-3.55277e-07,1,0,-3.55277e-07,1,0,-3.55277e-07,1,0,-1,-4.40424e-07,0,-1,-4.40424e-07,0,-1,-4.40424e-07,0,-1,-4.40424e-07,4.96707e-09,3.72529e-07,-1,2.26173e-15,3.67562e-07,-1,-2.26173e-15,3.67562e-07,-1,-4.96707e-09,3.62595e-07,-1,1,0,0,1,0,0,1,0,0,1,0,0]},"texCoord0":{"type":"float32","components":2,"data":[0.313779,0.111284,0.313779,0.111284,0.313779,0.111284,0.313779,0.111284,0.313779,0.111284,0.313779,0.111284,0.313779,0.111284,0.313779,0.111284,0.113775,0.501594,0.113775,0.501594,0.113775,0.501594,0.113775,0.501594,0.313779,0.111284,0.313779,0.111284,0.313779,0.111284,0.313779,0.111284,0.313779,0.111284,0.313779,0.111284,0.313779,0.111284,0.313779,0.111284,0.313779,0.111284,0.313779,0.111284,0.313779,0.111284,0.313779,0.111284]}}],"meshes":[{"aabb":{"min":[-59.055,-59.0549,-2.17063e-05],"max":[59.055,59.0549,17.3229]},"vertices":0,"indices":[0,1,2,3,2,1,4,5,6,7,6,5,8,9,10,11,10,9,12,13,14,15,14,13,16,17,18,19,18,17,20,21,22,23,22,21],"type":"triangles","base":0,"count":36}],"meshInstances":[{"node":1,"mesh":0}]}}