{"model":{"version":3,"nodes":[{"name":"RootNode","position":[0,0,0],"rotation":[0,0,0],"scale":[0.0254,0.0254,0.0254],"scaleCompensation":false},{"name":"Mesh1 Corner Model","position":[0,0,0],"rotation":[-90,0,0],"scale":[1,1,1],"scaleCompensation":false}],"parents":[-1,0],"skins":[],"morphs":[],"vertices":[{"position":{"type":"float32","components":3,"data":[-59.055,-59.0549,17.3228,-59.055,-59.0549,-2.15892e-05,-47.2441,-59.0549,-1.98292e-05,-47.2441,-59.0549,7.48029,-47.2441,-59.0549,17.3228,-59.055,-59.0549,-2.15892e-05,-59.055,-59.0549,17.3228,-59.055,59.0549,17.3229,-59.055,59.0549,1.92425e-05,59.055,59.0549,17.3229,59.055,59.0549,1.92425e-05,-59.055,59.0549,1.92425e-05,-59.055,59.0549,17.3229,59.055,59.0549,17.3229,-59.055,59.0549,17.3229,-47.2441,47.2441,17.3228,59.055,47.2441,17.3228,59.055,59.0549,1.92425e-05,59.055,59.0549,17.3229,59.055,47.2441,17.3228,59.055,47.2441,7.48033,59.055,47.2441,1.48074e-05,-47.2441,-59.0549,7.48029,-47.2441,47.2441,7.48033,-47.2441,47.2441,17.3228,-47.2441,-59.0549,17.3228,59.055,47.2441,17.3228,-47.2441,47.2441,17.3228,-47.2441,47.2441,7.48033,59.055,47.2441,7.48033,-47.2441,47.2441,17.3228,-59.055,59.0549,17.3229,-59.055,-59.0549,17.3228,-47.2441,-59.0549,17.3228]},"normal":{"type":"float32","components":3,"data":[1.14174e-07,-1,-5.10623e-07,6.56292e-14,-1,-4.40424e-07,2.46087e-07,-1,-2.7264e-07,4.65833e-07,-1,-2.16154e-07,0,-1,-7.75146e-07,-1,0,0,-1,0,0,-1,0,0,-1,0,0,0,1,2.20212e-07,0,1,2.20212e-07,0,1,2.20212e-07,0,1,2.20212e-07,-1.07742e-14,-3.22983e-07,1,2.10719e-12,-3.22981e-07,1,2.00796e-12,-3.22981e-07,1,-1.15907e-14,-3.22983e-07,1,1,0,0,1,0,0,1,0,0,1,0,0,1,0,0,1,0,0,1,0,0,1,0,0,1,0,0,-2.10935e-09,-1,-1.13994e-06,-3.58865e-08,-1,-7.75146e-07,-3.37771e-08,-1,-7.97927e-07,0,-1,-1.16272e-06,2.00796e-12,-3.22981e-07,1,2.10719e-12,-3.22981e-07,1,2.96886e-13,-3.22978e-07,1,0,-3.22978e-07,1]},"texCoord0":{"type":"float32","components":2,"data":[0.313769,0.111241,0.313778,0.111241,0.313778,0.111247,0.313774,0.111247,0.313769,0.111247,0.313769,0.111306,0.313778,0.111306,0.313778,0.111241,0.313769,0.111241,0.313769,0.111304,0.313778,0.111304,0.313778,0.111241,0.313769,0.111241,0.113774,0.50154,0.113774,0.501631,0.113765,0.501622,0.113765,0.50154,0.313769,0.111241,0.313778,0.111241,0.313778,0.111248,0.313773,0.111248,0.313769,0.111248,0.313773,0.111306,0.313773,0.111248,0.313778,0.111248,0.313778,0.111306,0.313769,0.111304,0.313769,0.111247,0.313774,0.111247,0.313774,0.111304,0.113774,0.501622,0.113765,0.501631,0.113765,0.50154,0.113774,0.50154]}}],"meshes":[{"aabb":{"min":[-59.055,-59.0549,-2.15892e-05],"max":[59.055,59.0549,17.3229]},"vertices":0,"indices":[0,1,2,0,2,3,0,3,4,5,6,7,7,8,5,9,10,11,11,12,9,13,14,15,15,16,13,17,18,19,17,19,20,17,20,21,22,23,24,24,25,22,26,27,28,28,29,26,30,31,32,32,33,30],"type":"triangles","base":0,"count":54}],"meshInstances":[{"node":1,"mesh":0}]}}