{"model":{"version":3,"nodes":[{"name":"RootNode","position":[0,0,0],"rotation":[0,0,0],"scale":[0.0254,0.0254,0.0254],"scaleCompensation":false},{"name":"LEVEL12-flechas","position":[0,0,0],"rotation":[-90,-0,0],"scale":[0.3937,0.3937,0.3937],"scaleCompensation":false}],"parents":[-1,0],"skins":[],"morphs":[],"vertices":[{"position":{"type":"float32","components":3,"data":[-4060.96,-1592.18,-1224.45,-4011.72,-1550.05,-1214.32,-4060.96,-1508.19,-1224.45,-3974.72,-1592.18,-1206.47,-3925.48,-1550.05,-1196.33,-3974.72,-1508.19,-1206.47,-4145.41,-1592.18,-1241.28,-4096.17,-1550.05,-1231.15,-4145.41,-1508.19,-1241.28,-4064.78,-1600.54,-1225.24,-4005.76,-1550.04,-1213.09,-4011.72,-1550.05,-1214.32,-4011.72,-1550.05,-1214.32,-4060.96,-1592.18,-1224.45,-4064.78,-1600.54,-1225.24,-4005.76,-1550.04,-1213.09,-4064.78,-1499.87,-1225.24,-4060.96,-1508.19,-1224.45,-4060.96,-1508.19,-1224.45,-4011.72,-1550.05,-1214.32,-4005.76,-1550.04,-1213.09,-4064.78,-1499.87,-1225.24,-4064.78,-1600.54,-1225.24,-4060.96,-1592.18,-1224.45,-4060.96,-1508.19,-1224.45,-4064.78,-1499.87,-1225.24,-3978.54,-1600.54,-1207.25,-3919.52,-1550.04,-1195.11,-3925.48,-1550.05,-1196.33,-3925.48,-1550.05,-1196.33,-3974.72,-1592.18,-1206.47,-3978.54,-1600.54,-1207.25,-3919.52,-1550.04,-1195.11,-3978.54,-1499.87,-1207.25,-3974.72,-1508.19,-1206.47,-3974.72,-1508.19,-1206.47,-3925.48,-1550.05,-1196.33,-3919.52,-1550.04,-1195.11,-3978.54,-1499.87,-1207.25,-3978.54,-1600.54,-1207.25,-3974.72,-1592.18,-1206.47,-3974.72,-1592.18,-1206.47,-3974.72,-1508.19,-1206.47,-3978.54,-1499.87,-1207.25,-4149.23,-1600.54,-1242.06,-4090.21,-1550.04,-1229.92,-4096.17,-1550.05,-1231.15,-4096.17,-1550.05,-1231.15,-4145.41,-1592.18,-1241.28,-4149.23,-1600.54,-1242.06,-4090.21,-1550.04,-1229.92,-4149.23,-1499.87,-1242.06,-4145.41,-1508.19,-1241.28,-4145.41,-1508.19,-1241.28,-4096.17,-1550.05,-1231.15,-4090.21,-1550.04,-1229.92,-4149.23,-1499.87,-1242.06,-4149.23,-1600.54,-1242.06,-4145.41,-1592.18,-1241.28,-4145.41,-1508.19,-1241.28,-4149.23,-1499.87,-1242.06]},"normal":{"type":"float32","components":3,"data":[-0.201523,0,0.979484,-0.201523,0,0.979484,-0.201523,0,0.979484,-0.201522,0,0.979484,-0.201522,0,0.979484,-0.201522,0,0.979484,-0.201524,0,0.979484,-0.201524,0,0.979484,-0.201524,0,0.979484,-0.20152,-2.71219e-06,0.979484,-0.20152,-2.71219e-06,0.979484,-0.20152,-2.71219e-06,0.979484,-0.201525,3.26595e-06,0.979483,-0.201525,3.26595e-06,0.979483,-0.201525,3.26595e-06,0.979483,-0.201524,-2.84431e-06,0.979483,-0.201524,-2.84431e-06,0.979483,-0.201524,-2.84431e-06,0.979483,-0.20152,3.39413e-06,0.979484,-0.20152,3.39413e-06,0.979484,-0.20152,3.39413e-06,0.979484,-0.201519,0,0.979485,-0.201519,0,0.979485,-0.201519,0,0.979485,-0.201519,0,0.979485,-0.201519,0,0.979485,-0.201524,2.11505e-06,0.979484,-0.201524,2.11505e-06,0.979484,-0.201524,2.11505e-06,0.979484,-0.201521,-1.536e-06,0.979484,-0.201521,-1.536e-06,0.979484,-0.201521,-1.536e-06,0.979484,-0.201521,1.27243e-06,0.979484,-0.201521,1.27243e-06,0.979484,-0.201521,1.27243e-06,0.979484,-0.201524,-2.52696e-06,0.979484,-0.201524,-2.52696e-06,0.979484,-0.201524,-2.52696e-06,0.979484,-0.201524,0,0.979484,-0.201524,0,0.979484,-0.201524,0,0.979484,-0.201524,0,0.979484,-0.201524,0,0.979484,-0.201524,0,0.979484,-0.20152,-3.68261e-06,0.979484,-0.20152,-3.68261e-06,0.979484,-0.20152,-3.68261e-06,0.979484,-0.201527,4.01163e-06,0.979483,-0.201527,4.01163e-06,0.979483,-0.201527,4.01163e-06,0.979483,-0.201526,-3.46808e-06,0.979483,-0.201526,-3.46808e-06,0.979483,-0.201526,-3.46808e-06,0.979483,-0.20152,4.57535e-06,0.979484,-0.20152,4.57534e-06,0.979484,-0.20152,4.57534e-06,0.979484,-0.201519,0,0.979485,-0.201519,0,0.979485,-0.201519,0,0.979485,-0.201519,0,0.979485,-0.201519,0,0.979485]},"texCoord0":{"type":"float32","components":2,"data":[0.859017,0.880883,0.859017,0.880883,0.859017,0.880883,0.859017,0.880883,0.859017,0.880883,0.859017,0.880883,0.859017,0.880883,0.859017,0.880883,0.859017,0.880883,0.955543,0.881057,0.955618,0.881136,0.955618,0.881136,0.955618,0.881136,0.955543,0.881057,0.955543,0.881057,0.955618,0.881136,0.955543,0.881136,0.955543,0.881136,0.955543,0.881136,0.955618,0.881136,0.955618,0.881136,0.955543,0.881136,0.955543,0.881057,0.955543,0.881057,0.955543,0.881136,0.955543,0.881136,0.955543,0.881057,0.955618,0.881136,0.955618,0.881136,0.955618,0.881136,0.955543,0.881057,0.955543,0.881057,0.955618,0.881136,0.955543,0.881136,0.955543,0.881136,0.955543,0.881136,0.955618,0.881136,0.955618,0.881136,0.955543,0.881136,0.955543,0.881057,0.955543,0.881057,0.955543,0.881057,0.955543,0.881136,0.955543,0.881136,0.955543,0.881057,0.955618,0.881136,0.955618,0.881136,0.955618,0.881136,0.955543,0.881057,0.955543,0.881057,0.955618,0.881136,0.955543,0.881136,0.955543,0.881136,0.955543,0.881136,0.955618,0.881136,0.955618,0.881136,0.955543,0.881136,0.955543,0.881057,0.955543,0.881057,0.955543,0.881136,0.955543,0.881136]}}],"meshes":[{"aabb":{"min":[-4149.23,-1600.54,-1242.06],"max":[-3919.52,-1499.87,-1195.11]},"vertices":0,"indices":[0,1,2,3,4,5,6,7,8,9,10,11,12,13,14,15,16,17,18,19,20,21,22,23,23,24,25,26,27,28,29,30,31,32,33,34,35,36,37,38,39,40,41,42,43,44,45,46,47,48,49,50,51,52,53,54,55,56,57,58,58,59,60],"type":"triangles","base":0,"count":63}],"meshInstances":[{"node":1,"mesh":0}]}}