{"model":{"version":3,"nodes":[{"name":"RootNode","position":[0,0,0],"rotation":[0,0,0],"scale":[0.0254,0.0254,0.0254],"scaleCompensation":false},{"name":"LEVEL4-flechas","position":[0,0,0],"rotation":[-90,-0,0],"scale":[0.3937,0.3937,0.3937],"scaleCompensation":false}],"parents":[-1,0],"skins":[],"morphs":[],"vertices":[{"position":{"type":"float32","components":3,"data":[-4313.71,-54.4484,-1215.12,-4361.29,-10.6936,-1236.06,-4361.29,-97.674,-1236.06,-4227.69,-54.4486,-1178.24,-4275.27,-10.6931,-1199.19,-4275.27,-97.6739,-1199.19,-4398.08,-54.4484,-1252.82,-4445.66,-10.6936,-1273.76,-4445.66,-97.674,-1273.76,-4313.71,239.755,-1215.12,-4361.29,283.51,-1236.06,-4361.29,196.529,-1236.06,-4227.69,239.754,-1178.24,-4275.27,283.51,-1199.19,-4275.27,196.529,-1199.19,-4398.08,239.755,-1252.82,-4445.66,283.509,-1273.76,-4445.66,196.529,-1273.76,-4313.71,-352.788,-1215.12,-4361.29,-309.033,-1236.06,-4361.29,-396.014,-1236.06,-4227.69,-352.788,-1178.24,-4275.27,-309.033,-1199.19,-4275.27,-396.014,-1199.19,-4398.08,-352.788,-1252.82,-4445.66,-309.033,-1273.76,-4445.66,-396.014,-1273.76,-4307.58,-54.4685,-1212.42,-4365.22,-1.45374,-1237.79,-4361.29,-10.6936,-1236.06,-4361.29,-10.6936,-1236.06,-4313.71,-54.4484,-1215.12,-4307.58,-54.4685,-1212.42,-4365.22,-1.45374,-1237.79,-4365.22,-106.842,-1237.79,-4361.29,-97.674,-1236.06,-4361.29,-97.674,-1236.06,-4361.29,-10.6936,-1236.06,-4365.22,-106.842,-1237.79,-4307.58,-54.4685,-1212.42,-4313.71,-54.4484,-1215.12,-4313.71,-54.4484,-1215.12,-4361.29,-97.674,-1236.06,-4365.22,-106.842,-1237.79,-4221.56,-54.4688,-1175.54,-4279.2,-1.45312,-1200.92,-4275.27,-10.6931,-1199.19,-4275.27,-10.6931,-1199.19,-4227.69,-54.4486,-1178.24,-4221.56,-54.4688,-1175.54,-4279.2,-1.45312,-1200.92,-4279.2,-106.842,-1200.92,-4275.27,-97.6739,-1199.19,-4275.27,-97.6739,-1199.19,-4275.27,-10.6931,-1199.19,-4279.2,-1.45312,-1200.92,-4279.2,-106.842,-1200.92,-4221.56,-54.4688,-1175.54,-4227.69,-54.4486,-1178.24,-4227.69,-54.4486,-1178.24,-4275.27,-97.6739,-1199.19,-4279.2,-106.842,-1200.92,-4391.95,-54.4685,-1250.12,-4449.59,-1.45374,-1275.5,-4445.66,-10.6936,-1273.76,-4445.66,-10.6936,-1273.76,-4398.08,-54.4484,-1252.82,-4391.95,-54.4685,-1250.12,-4449.59,-1.45374,-1275.5,-4449.59,-106.842,-1275.5,-4445.66,-97.674,-1273.76,-4445.66,-10.6936,-1273.76,-4449.59,-106.842,-1275.5,-4391.95,-54.4685,-1250.12,-4398.08,-54.4484,-1252.82,-4398.08,-54.4484,-1252.82,-4445.66,-97.674,-1273.76,-4449.59,-106.842,-1275.5,-4307.58,239.735,-1212.42,-4365.22,292.749,-1237.79,-4361.29,283.51,-1236.06,-4361.29,283.51,-1236.06,-4313.71,239.755,-1215.12,-4307.58,239.735,-1212.42,-4365.22,292.749,-1237.79,-4365.22,187.361,-1237.79,-4361.29,196.529,-1236.06,-4361.29,283.51,-1236.06,-4365.22,292.749,-1237.79,-4365.22,187.361,-1237.79,-4307.58,239.735,-1212.42,-4313.71,239.755,-1215.12,-4313.71,239.755,-1215.12,-4361.29,196.529,-1236.06,-4365.22,187.361,-1237.79,-4221.56,239.734,-1175.54,-4279.2,292.75,-1200.92,-4275.27,283.51,-1199.19,-4275.27,283.51,-1199.19,-4227.69,239.754,-1178.24,-4221.56,239.734,-1175.54,-4279.2,292.75,-1200.92,-4279.2,187.361,-1200.92,-4275.27,196.529,-1199.19,-4275.27,196.529,-1199.19,-4275.27,283.51,-1199.19,-4279.2,187.361,-1200.92,-4221.56,239.734,-1175.54,-4227.69,239.754,-1178.24,-4227.69,239.754,-1178.24,-4275.27,196.529,-1199.19,-4279.2,187.361,-1200.92,-4391.95,239.735,-1250.12,-4449.59,292.749,-1275.5,-4445.66,283.509,-1273.76,-4445.66,283.509,-1273.76,-4398.08,239.755,-1252.82,-4391.95,239.735,-1250.12,-4449.59,292.749,-1275.5,-4449.59,187.361,-1275.5,-4445.66,196.529,-1273.76,-4445.66,196.529,-1273.76,-4445.66,283.509,-1273.76,-4449.59,292.749,-1275.5,-4449.59,187.361,-1275.5,-4391.95,239.735,-1250.12,-4398.08,239.755,-1252.82,-4398.08,239.755,-1252.82,-4445.66,196.529,-1273.76,-4449.59,187.361,-1275.5,-4307.58,-352.808,-1212.42,-4365.22,-299.794,-1237.79,-4361.29,-309.033,-1236.06,-4361.29,-309.033,-1236.06,-4313.71,-352.788,-1215.12,-4307.58,-352.808,-1212.42,-4365.22,-299.794,-1237.79,-4365.22,-405.182,-1237.79,-4361.29,-396.014,-1236.06,-4361.29,-309.033,-1236.06,-4365.22,-299.794,-1237.79,-4365.22,-405.182,-1237.79,-4307.58,-352.808,-1212.42,-4313.71,-352.788,-1215.12,-4313.71,-352.788,-1215.12,-4361.29,-396.014,-1236.06,-4365.22,-405.182,-1237.79,-4221.56,-352.809,-1175.54,-4279.2,-299.793,-1200.92,-4275.27,-309.033,-1199.19,-4275.27,-309.033,-1199.19,-4227.69,-352.788,-1178.24,-4221.56,-352.809,-1175.54,-4279.2,-299.793,-1200.92,-4279.2,-405.182,-1200.92,-4275.27,-396.014,-1199.19,-4275.27,-396.014,-1199.19,-4275.27,-309.033,-1199.19,-4279.2,-299.793,-1200.92,-4279.2,-405.182,-1200.92,-4221.56,-352.809,-1175.54,-4227.69,-352.788,-1178.24,-4227.69,-352.788,-1178.24,-4275.27,-396.014,-1199.19,-4279.2,-405.182,-1200.92,-4391.95,-352.808,-1250.12,-4449.59,-299.794,-1275.5,-4445.66,-309.033,-1273.76,-4445.66,-309.033,-1273.76,-4398.08,-352.788,-1252.82,-4391.95,-352.808,-1250.12,-4449.59,-299.794,-1275.5,-4449.59,-405.182,-1275.5,-4445.66,-396.014,-1273.76,-4445.66,-309.033,-1273.76,-4449.59,-299.794,-1275.5,-4449.59,-405.182,-1275.5,-4391.95,-352.808,-1250.12,-4398.08,-352.788,-1252.82,-4398.08,-352.788,-1252.82,-4445.66,-396.014,-1273.76,-4449.59,-405.182,-1275.5]},"normal":{"type":"float32","components":3,