{"model":{"version":3,"nodes":[{"name":"RootNode","position":[0,0,0],"rotation":[0,0,0],"scale":[0.0254,0.0254,0.0254],"scaleCompensation":false},{"name":"golf_bosque_piedragrandeA","position":[0,0,0],"rotation":[-90,-0,0],"scale":[1,1,1],"scaleCompensation":false}],"parents":[-1,0],"skins":[],"morphs":[],"vertices":[{"position":{"type":"float32","components":3,"data":[97.0959,-66.4937,64.8192,86.682,24.0582,64.054,74.1622,-55.4459,87.137,-54.9144,-72.0364,-5.10546,5.57901,-95.5721,77.5841,-81.2156,39.8564,60.2847,-54.9144,-72.0364,-5.10546,-81.2156,39.8564,60.2847,-128.632,79.9836,-3.48452,-81.2156,39.8564,60.2847,74.1622,-55.4459,87.137,-12.3687,82.4365,39.7353,86.682,24.0582,64.054,117.193,31.2057,-3.01664,-12.3687,82.4365,39.7353,28.7292,-126.992,-3.4071,5.57901,-95.5721,77.5841,-54.9144,-72.0364,-5.10546,5.57901,-95.5721,77.5841,74.1622,-55.4459,87.137,-81.2156,39.8564,60.2847,28.7292,-126.992,-3.4071,97.0959,-66.4937,64.8192,5.57901,-95.5721,77.5841,74.1622,-55.4459,87.137,5.57901,-95.5721,77.5841,97.0959,-66.4937,64.8192,28.7292,-126.992,-3.4071,128.632,-70.1563,-3.7131,97.0959,-66.4937,64.8192,128.632,-70.1563,-3.7131,117.193,31.2057,-3.01664,86.682,24.0582,64.054,86.682,24.0582,64.054,97.0959,-66.4937,64.8192,128.632,-70.1563,-3.7131,-12.3687,82.4365,39.7353,-59.8745,126.991,-4.77721,-128.632,79.9836,-3.48452,-128.632,79.9836,-3.48452,-81.2156,39.8564,60.2847,-12.3687,82.4365,39.7353,86.682,24.0582,64.054,-12.3687,82.4365,39.7353,74.1622,-55.4459,87.137,-12.3687,82.4365,39.7353,117.193,31.2057,-3.01664,-59.8745,126.991,-4.77721]},"normal":{"type":"float32","components":3,"data":[0.716201,0.0882166,0.692296,0.716201,0.0882166,0.692296,0.716201,0.0882166,0.692296,-0.779092,-0.442597,0.443987,-0.779092,-0.442597,0.443987,-0.779092,-0.442597,0.443987,-0.836439,-0.409488,0.364266,-0.836439,-0.409488,0.364266,-0.836439,-0.409488,0.364266,0.0576717,0.356744,0.93242,0.0576717,0.356744,0.93242,0.0576717,0.356744,0.93242,0.432801,0.854275,0.287921,0.432801,0.854274,0.287921,0.432801,0.854274,0.287921,-0.544012,-0.822944,0.163751,-0.544012,-0.822944,0.163751,-0.544012,-0.822944,0.163751,-0.153748,0.0276342,0.987724,-0.153748,0.0276342,0.987724,-0.153748,0.0276342,0.987724,0.327479,-0.845567,0.421631,0.327479,-0.845567,0.421631,0.327479,-0.845567,0.421631,0.309836,-0.686238,0.658087,0.309836,-0.686238,0.658087,0.309836,-0.686238,0.658087,0.477488,-0.837882,0.264499,0.477488,-0.837882,0.264499,0.477488,-0.837882,0.264499,0.901769,0.0988741,0.420756,0.901769,0.0988741,0.420756,0.90177,0.0988741,0.420756,0.905334,0.10759,0.410846,0.905334,0.10759,0.410846,0.905334,0.10759,0.410846,-0.314202,0.482066,0.817857,-0.314202,0.482066,0.817857,-0.314202,0.482066,0.817857,-0.254438,0.721942,0.643475,-0.254438,0.721942,0.643475,-0.254438,0.721942,0.643475,-0.0650517,0.287667,0.955519,-0.0650517,0.287667,0.955519,-0.0650517,0.287667,0.955519,0.442456,0.824402,0.352978,0.442456,0.824402,0.352978,0.442456,0.824402,0.352979]},"texCoord0":{"type":"float32","components":2,"data":[0.69231,0.209993,0.692564,0.209993,0.692564,0.210248,0.69231,0.209993,0.692564,0.209993,0.692564,0.210248,0.69231,0.209993,0.692564,0.209993,0.692564,0.210248,0.69231,0.209993,0.692564,0.209993,0.692564,0.210248,0.69231,0.209993,0.692564,0.209993,0.692564,0.210248,0.69231,0.209993,0.692564,0.209993,0.692564,0.210248,0.69231,0.209993,0.692564,0.209993,0.692564,0.210248,0.69231,0.209993,0.692564,0.209993,0.692564,0.210248,0.69231,0.209993,0.692564,0.209993,0.692564,0.210248,0.69231,0.209993,0.692564,0.209993,0.692564,0.210248,0.69231,0.209993,0.692564,0.209993,0.692564,0.210248,0.692564,0.210248,0.69231,0.210248,0.69231,0.209993,0.692564,0.210248,0.69231,0.210248,0.69231,0.209993,0.69231,0.209993,0.692564,0.209993,0.692564,0.210248,0.69231,0.209993,0.692564,0.209993,0.692564,0.210248,0.69231,0.209993,0.692564,0.209993,0.692564,0.210248]}}],"meshes":[{"aabb":{"min":[-128.632,-126.992,-5.10546],"max":[128.632,126.991,87.137]},"vertices":0,"indices":[0,1,2,3,4,5,6,7,8,9,10,11,12,13,14,15,16,17,18,19,20,21,22,23,24,25,26,27,28,29,30,31,32,33,34,35,36,37,38,39,40,41,42,43,44,45,46,47],"type":"triangles","base":0,"count":48}],"meshInstances":[{"node":1,"mesh":0}]}}