{"model":{"version":3,"nodes":[{"name":"RootNode","position":[0,0,0],"rotation":[0,0,0],"scale":[0.0254,0.0254,0.0254],"scaleCompensation":false},{"name":"Object001","position":[165.386,-339.564,-23.0883],"rotation":[-90,-0,0],"scale":[138.087,138.087,138.087],"scaleCompensation":false}],"parents":[-1,0],"skins":[],"morphs":[],"vertices":[{"position":{"type":"float32","components":3,"data":[-4.77381,26.5568,5.35882,-4.03367,29.3352,5.61363,-7.11669,26.4614,5.0905,-5.30074,24.861,1.53757,-4.77381,26.5568,5.35882,-7.11669,26.4614,5.0905,-5.30074,24.861,1.53757,-7.11669,26.4614,5.0905,-7.50984,24.2731,1.5808,-7.11669,26.4614,5.0905,-7.24212,34.3081,5.13984,-11.66,28.5557,4.37109,-11.3569,32.9205,5.12039,-12.0122,33.6758,1.98279,-11.66,28.5557,4.37109,-3.40882,29.2511,2.03284,-4.77381,26.5568,5.35882,-5.30074,24.861,1.53757,-4.03367,29.3352,5.61363,-7.24212,34.3081,5.13984,-7.11669,26.4614,5.0905,-3.40882,29.2511,2.03284,-4.03367,29.3352,5.61363,-4.77381,26.5568,5.35882,-3.40882,29.2511,2.03284,-7.24212,34.3081,5.13984,-4.03367,29.3352,5.61363,-3.40882,29.2511,2.03284,-6.84399,35.1648,1.80054,-7.24212,34.3081,5.13984,-11.3569,32.9205,5.12039,-7.24212,34.3081,5.13984,-6.84399,35.1648,1.80054,-6.84399,35.1648,1.80054,-12.0122,33.6758,1.98279,-11.3569,32.9205,5.12039,-11.66,28.5557,4.37109,-11.6104,25.573,1.58046,-7.50984,24.2731,1.5808,-7.50984,24.2731,1.5808,-7.11669,26.4614,5.0905,-11.66,28.5557,4.37109,-11.3569,32.9205,5.12039,-11.66,28.5557,4.37109,-7.24212,34.3081,5.13984,-11.66,28.5557,4.37109,-12.0122,33.6758,1.98279,-11.6104,25.573,1.58046,33.8552,-9.79325,2.16067,32.7469,-9.94307,5.75343,33.7444,-11.0352,2.16046,22.7822,-9.43036,2.04005,23.6553,-11.0286,6.10873,23.7215,-7.34627,1.79529,23.6553,-11.0286,6.10873,31.2242,-14.0098,5.78241,29.554,-6.95164,4.63684,32.7469,-9.94307,5.75343,33.8552,-9.79325,2.16067,29.554,-6.95164,4.63684,24.9914,-13.6698,2.24523,23.6553,-11.0286,6.10873,22.7822,-9.43036,2.04005,25.3423,-13.3571,6.48845,31.2242,-14.0098,5.78241,23.6553,-11.0286,6.10873,24.9914,-13.6698,2.24523,25.3423,-13.3571,6.48845,23.6553,-11.0286,6.10873,24.9914,-13.6698,2.24523,31.2242,-14.0098,5.78241,25.3423,-13.3571,6.48845,24.9914,-13.6698,2.24523,31.746,-14.7408,1.99502,31.2242,-14.0098,5.78241,31.746,-14.7408,1.99502,33.7444,-11.0352,2.16046,32.7469,-9.94307,5.75343,32.7469,-9.94307,5.75343,31.2242,-14.0098,5.78241,31.746,-14.7408,1.99502,29.554,-6.95164,4.63684,27.3189,-4.98775,1.79497,23.7215,-7.34627,1.79529,23.7215,-7.34627,1.79529,23.6553,-11.0286,6.10873,29.554,-6.95164,4.63684,32.7469,-9.94307,5.75343,29.554,-6.95164,4.63684,31.2242,-14.0098,5.78241,29.554,-6.95164,4.63684,33.8552,-9.79325,2.16067,27.3189,-4.98775,1.79497,-24.1059,-24.6522,2.57519,-23.5678,-24.1798,4.59437,-24.3266,-23.9503,2.44492,-18.0234,-22.4535,1.69916,-18.6249,-22.4054,5.3499,-18.0763,-23.8102,1.83091,-18.6249,-22.4054,5.3499,-23.5148,-21.6079,4.61154,-21.1962,-25.2253,3.93292,-23.5678,-24.1798,4.59437,-24.1059,-24.6522,2.57519,-21.1962,-25.2253,3.93292,-18.0234,-22.4535,1.69916,-18.6992,-21.789,4.80486,-18.6249,-22.4054,5.3499,-20.1444,-20.5813,1.92384,-18.6992,-21.789,4.80486,-18.0234,-22.4535,1.69916,-20.099,-20.8185,5.0298,-23.5148,-21.6079,4.61154,-18.6249,-22.4054,5.3499,-20.1444,-20.5813,1.92384,-20.099,-20.8185,5.0298,-18.6992,-21.789,4.80486,-20.099,-20.8185,5.0298,-18.6249,-22.4054,5.3499,-18.6992,-21.789,4.80486,-20.1444,-20.5813,1.92384,-23.5148,-21.6079,4.61154,-20.099,-20.8185,5.0298,-20.1444,-20.5813,1.92384,-24.0905,-21.5043,1.57258,-23.5148,-21.6079,4.61154,-24.0905,-21.5043,1.57258,-24.3266,-23.9503,2.44492,-23.5678,-24.1798,4.59437,-23.5678,-24.1798,4.59437,-23.5148,-21.6079,4.61154,-24.0905,-21.5043,1.57258,-18.6249,-22.4054,5.3499,-21.1962,-25.2253,3.93292,-19.4946,-25.8786,2.32024,-19.4946,-25.8786,2.32024,-18.0763,-23.8102,1.83091,-18.6249,-22.4054,5.3499,-23.5678,-24.1798,4.59437,-21.1962,-25.2253,3.93292,-23.5148,-21.6079,4.61154,-21.1962,-25.2253,3.93292,-24.1059,-24.6522,2.57519,-19.4946,-25.8786,2.32024]},"normal":{"type":"float32","components":3,