{"model":{"version":3,"nodes":[{"name":"RootNode","position":[0,0,0],"rotation":[0,0,0],"scale":[0.0254,0.0254,0.0254],"scaleCompensation":false},{"name":"Mesh1 Hole_square Model 270","position":[0,0,0],"rotation":[-90,0,0],"scale":[1,1,1],"scaleCompensation":false}],"parents":[-1,0],"skins":[],"morphs":[],"vertices":[{"position":{"type":"float32","components":3,"data":[-59.055,-47.2441,-3.14919e-05,-59.055,-59.0549,-3.57862e-05,-59.055,-47.2441,7.48028,-59.055,-47.2441,17.3228,-59.055,-59.0549,17.3228,47.2441,47.2441,17.3229,59.055,59.0549,17.3229,-59.055,47.2441,17.3228,-59.055,59.0549,17.3228,-59.055,47.2441,-1.83048e-06,-59.055,47.2441,17.3228,-59.055,59.0549,7.03819e-07,-59.055,59.0549,17.3228,59.055,59.0549,17.3229,59.0549,59.0549,3.57861e-05,-59.055,59.0549,17.3228,-59.055,59.0549,7.03819e-07,59.055,59.0549,17.3229,59.055,-59.0549,17.3228,59.0549,59.0549,3.57861e-05,59.055,-59.0549,-1.29048e-06,-59.055,-59.0549,17.3228,-59.055,-59.0549,-3.57862e-05,59.055,-59.0549,17.3228,59.055,-59.0549,-1.29048e-06,-59.055,47.2441,7.48031,47.2441,47.2441,7.48034,-59.055,47.2441,17.3228,47.2441,47.2441,17.3229,47.2441,-47.2441,7.48031,47.2441,-47.2441,17.3228,47.2441,47.2441,7.48034,47.2441,47.2441,17.3229,47.2441,-47.2441,7.48031,-59.055,-47.2441,7.48028,47.2441,-47.2441,17.3228,-59.055,-47.2441,17.3228,59.055,59.0549,17.3229,47.2441,47.2441,17.3229,59.055,-59.0549,17.3228,47.2441,-47.2441,17.3228,59.055,-59.0549,17.3228,47.2441,-47.2441,17.3228,-59.055,-59.0549,17.3228,-59.055,-47.2441,17.3228]},"normal":{"type":"float32","components":3,"data":[-1,-6.45966e-07,0,-1,-6.45966e-07,-2.38379e-13,-1,-6.45966e-07,-3.40344e-13,-1,-6.45966e-07,-3.6687e-13,-1,-6.45966e-07,-2.84499e-13,-3.1401e-07,-3.31954e-07,1,-3.14124e-07,-3.30816e-07,1,-3.06716e-07,-3.24121e-07,1,-3.0683e-07,-3.22982e-07,1,-1,3.55623e-14,-2.20212e-07,-0.707107,-0.707107,-6.07432e-07,-1,1.23044e-07,-1.3632e-07,-1,3.22983e-07,1.42249e-13,3.22977e-08,1,4.40424e-07,3.22977e-08,1,4.40424e-07,3.22977e-08,1,4.40424e-07,3.22977e-08,1,4.40424e-07,1,-6.45955e-08,-6.60636e-07,1,2.33149e-08,-6.12478e-08,1,-5.56125e-08,-5.99388e-07,1,3.22979e-08,2.84495e-14,1.35135e-13,-1,-4.40424e-07,1.34476e-13,-1,-4.40424e-07,1.28682e-13,-1,-4.40424e-07,1.28023e-13,-1,-4.40424e-07,2.15319e-07,-1,-7.75147e-07,2.15319e-07,-1,-7.75146e-07,-0.707107,-0.707107,-6.07432e-07,2.15319e-07,-1,-7.75147e-07,-1,-2.01861e-07,-3.87573e-07,-1,-2.01861e-07,-3.87573e-07,-1,-2.01861e-07,-3.87573e-07,-1,-2.01861e-07,-3.87573e-07,-2.15319e-07,1,7.75146e-07,-2.15319e-07,1,7.75147e-07,-2.15319e-07,1,7.75146e-07,-2.15319e-07,1,7.75147e-07,-3.14124e-07,-3.30816e-07,1,-3.1401e-07,-3.31954e-07,1,-3.14904e-07,-3.14904e-07,1,-3.14861e-07,-3.15283e-07,1,-3.14904e-07,-3.14904e-07,1,-3.14861e-07,-3.15283e-07,1,-3.05161e-07,-3.21845e-07,1,-3.05035e-07,-3.22983e-07,1]},"texCoord0":{"type":"float32","components":2,"data":[0.313778,0.11125,0.313778,0.111244,0.313774,0.11125,0.313769,0.11125,0.313769,0.111244,0.113765,0.501627,0.113774,0.501637,0.113765,0.50154,0.113774,0.50154,0.313778,0.111301,0.313769,0.111301,0.313778,0.111308,0.313769,0.111308,0.313778,0.111239,0.313769,0.111239,0.313778,0.111303,0.313769,0.111303,0.313769,0.111308,0.313769,0.111244,0.313778,0.111308,0.313778,0.111244,0.313778,0.111303,0.313769,0.111303,0.313778,0.111239,0.313769,0.111239,0.313773,0.111303,0.313773,0.111245,0.313778,0.111303,0.313778,0.111245,0.313774,0.11125,0.313769,0.11125,0.313774,0.111301,0.313769,0.111301,0.313773,0.111245,0.313773,0.111303,0.313778,0.111245,0.313778,0.111303,0.113765,0.501637,0.113774,0.501627,0.113765,0.50154,0.113774,0.501549,0.113765,0.501637,0.113774,0.501627,0.113765,0.50154,0.113774,0.50154]}}],"meshes":[{"aabb":{"min":[-59.055,-59.0549,-3.57862e-05],"max":[59.055,59.0549,17.3229]},"vertices":0,"indices":[0,1,2,2,1,3,3,1,4,5,6,7,8,7,6,9,10,11,11,10,12,13,14,15,16,15,14,17,18,19,20,19,18,21,22,23,24,23,22,25,26,27,28,27,26,29,30,31,32,31,30,33,34,35,36,35,34,37,38,39,40,39,38,41,42,43,44,43,42],"type":"triangles","base":0,"count":69}],"meshInstances":[{"node":1,"mesh":0}]}}