{"model":{"version":3,"nodes":[{"name":"RootNode","position":[0,0,0],"rotation":[0,0,0],"scale":[0.0254,0.0254,0.0254],"scaleCompensation":false},{"name":"golf_hielo_piedragrandeA","position":[0,0,0],"rotation":[-90,-0,0],"scale":[1,1,1],"scaleCompensation":false}],"parents":[-1,0],"skins":[],"morphs":[],"vertices":[{"position":{"type":"float32","components":3,"data":[-321.298,319.821,-4.69794,-265.473,250.075,132.61,-239.458,372.194,-4.71178,188.06,-272.512,157.647,237.857,-62.5894,181.801,211.221,-63.9306,194.567,211.221,-63.9306,194.567,165.318,-257.455,172.3,188.06,-272.512,157.647,219.412,-366.782,-4.68983,188.06,-272.512,157.647,52.1543,-261.424,130.826,219.412,-366.782,-4.68983,52.1543,-261.424,130.826,5.21313,-441.509,-4.66201,-297.662,-89.3495,87.8954,52.1543,-261.424,130.826,40.0264,-247.233,147.573,40.0264,-247.233,147.573,-282.461,-88.6024,107.996,-297.662,-89.3495,87.8954,-311.665,-332.189,-4.68276,-297.662,-89.3495,87.8954,-356.76,-274.328,-4.68578,-265.473,250.075,132.61,-321.298,319.821,-4.69794,-297.662,-89.3495,87.8954,356.76,-43.0515,-4.68718,188.06,-272.512,157.647,219.412,-366.782,-4.68983,44.2803,279.942,185.532,-265.473,250.075,132.61,-252.783,224.31,149.218,-252.783,224.31,149.218,32.7722,251.844,198.006,44.2803,279.942,185.532,356.76,-43.0515,-4.68718,237.857,-62.5894,181.801,188.06,-272.512,157.647,356.76,-43.0515,-4.68718,44.2803,279.942,185.532,237.857,-62.5894,181.801,356.76,-43.0515,-4.68718,87.9192,441.509,-4.70657,44.2803,279.942,185.532,87.9192,441.509,-4.70657,-239.458,372.194,-4.71178,-265.473,250.075,132.61,-265.473,250.075,132.61,44.2803,279.942,185.532,87.9192,441.509,-4.70657,5.21313,-441.509,-4.66201,52.1543,-261.424,130.826,-297.662,-89.3495,87.8954,-297.662,-89.3495,87.8954,-311.665,-332.189,-4.68276,5.21313,-441.509,-4.66201,237.857,-62.5894,181.801,44.2803,279.942,185.532,32.7722,251.844,198.006,32.7722,251.844,198.006,211.221,-63.9306,194.567,237.857,-62.5894,181.801,-297.662,-89.3495,87.8954,-321.298,319.821,-4.69794,-356.76,-274.328,-4.68578,165.318,-257.455,172.3,211.221,-63.9306,194.567,40.0264,-247.233,147.573,40.0264,-247.233,147.573,32.7722,251.844,198.006,-282.461,-88.6024,107.996,211.221,-63.9306,194.567,32.7722,251.844,198.006,40.0264,-247.233,147.573,-252.783,224.31,149.218,-282.461,-88.6024,107.996,32.7722,251.844,198.006,52.1543,-261.424,130.826,188.06,-272.512,157.647,165.318,-257.455,172.3,165.318,-257.455,172.3,40.0264,-247.233,147.573,52.1543,-261.424,130.826,-265.473,250.075,132.61,-297.662,-89.3495,87.8954,-282.461,-88.6024,107.996,-282.461,-88.6024,107.996,-252.783,224.31,149.218,-265.473,250.075,132.61]},"normal":{"type":"float32","components":3,"data":[-0.452486,0.707232,0.543212,-0.452487,0.707232,0.543212,-0.452486,0.707232,0.543212,0.43146,-0.203473,0.878886,0.43146,-0.203473,0.878886,0.43146,-0.203473,0.878886,0.431513,-0.203474,0.87886,0.431513,-0.203474,0.87886,0.431513,-0.203474,0.87886,-0.163761,-0.866498,0.471554,-0.163761,-0.866498,0.471554,-0.163761,-0.866498,0.471554,0.217222,-0.622373,0.751975,0.217222,-0.622373,0.751975,0.217222,-0.622373,0.751975,-0.446396,-0.815708,0.367901,-0.446396,-0.815708,0.367901,-0.446396,-0.815708,0.367901,-0.446396,-0.815715,0.367885,-0.446396,-0.815715,0.367885,-0.446396,-0.815715,0.367885,-0.394466,-0.30739,0.865972,-0.394467,-0.30739,0.865972,-0.394466,-0.30739,0.865972,-0.919346,0.0355639,0.39184,-0.919346,0.0355639,0.39184,-0.919346,0.0355639,0.39184,0.853372,-0.362059,0.37506,0.853372,-0.362059,0.37506,0.853372,-0.362059,0.37506,-0.192467,0.462931,0.865246,-0.192467,0.462931,0.865246,-0.192467,0.462931,0.865246,-0.192469,0.462945,0.865239,-0.192469,0.462945,0.865239,-0.192469,0.462945,0.865239,0.827399,-0.253909,0.50094,0.827399,-0.253909,0.50094,0.827399,-0.253909,0.50094,0.746334,0.416121,0.519451,0.746334,0.416121,0.519451,0.746334,0.416121,0.519451,0.745625,0.413703,0.522392,0.745625,0.413703,0.522392,0.745625,0.413703,0.522392,-0.15934,0.75251,0.639015,-0.15934,0.75251,0.639015,-0.15934,0.75251,0.639015,-0.178911,0.76978,0.612723,-0.178911,0.76978,0.612723,-0.178911,0.76978,0.612723,-0.345485,-0.505018,0.790947,-0.345485,-0.505018,0.790947,-0.345485,-0.505018,0.790947,-0.119981,-0.347602,0.929934,-0.119981,-0.347602,0.929934,-0.119981,-0.347602,0.929934,0.412187,0.223321,0.883306,0.412187,0.223321,0.883306,0.412187,0.223321,0.883306,0.412113,0.22327,0.883354,0.412113,0.22327,0.883354,0.412113,0.22327,0.883354,-0.886313,0.0529088,0.460055,-0.886313,0.0529088,0.460055,-0.886313,0.0529088,0.460055,-0.198341,-0.0654773,0.977944,-0.198341,-0.0654773,0.977944,-0.198341,-0.0654773,0.977944,-0.170228,-0.101521,0.980161,-0.170228,-0.101521,0.980161,-0.170228,-0.101521,0.980161,-0.160768,-0.101545,0.981755,-0.160768,-0.101545,0.981755,-0.160768,-0.101545,0.981755,-0.156582,-0.114384,0.981019,-0.156582,-0.114384,0.981019,-0.156582,-0.114384,0.981019,-0.176405,-0.810279,0.558865,-0.176405,-0.810279,0.558865,-0.176405,-0.810279,0.558865,-0.176396,-0.810296,0.558842,-0.176396,-0.810296,0.558842,-0.176396,-0.810296,0.558842,-0.797543,-0.00383689,0.603249,-0.797543,-0.00383689,0.603249,-0.797543,-0.00383689,0.603249,-0.797445,-0.00385129,0.603379,-0.797445,-0.00385129,0.603379,-0.797445,-0.00385129,0.603379]},"texCoord0":{"type":"float32","components":2,"data":[0.491484,0.188071,0.518511,0.188071,0.518511,0.215098,0.429207,0.010273,0.458334,0.010273,0.458334,0.0394,0.458334,0.0394,0.429207,0.0394,0.429207,0.010273,0.491484,0.188071,0.518511,0.188071,0.518511,0.215098,0.491484,0.188071,0.518511,0.188071,0.518511,0.215098,0.429207,0.010273,0.458334,0.010273,0.458334,0.0394,0.458334,0.0394,0.429207,0.0394,0.429207,0.010273,0.491484,0.188071,0.518511,0.188071,0.518511,0.215098,0.491484,0.188071,0.518511,0.188071,0.518511,0.215098,0.491484,0.188071,0.518511,0.188071,0.518511,0.215098,0.429207,0.010273,0.458334,0.010273,0.458334,0.0394,0.458334,0.0394,0.429207,0.0394,0.429207,0.010273,0.491484,0.188071,0.518511,0.188071,0.518511,0.215098,0.491484,0.188071,0.518511,0.188071,0.518511,0.215098,0.491484,0.188071,0.518511,0.188071,0.518511,0.215098,0.491484,0.188071,0.518511,0.188071,0.518511,0.215098,0.518511,0.215098,0.491484,0.215098,0.491484,0.188071,0.491484,0.188071,0.518511,0.188071,0.518511,0.215098,0.518511,0.215098,0.491484,0.215098,0.491484,0.188071,0.429207,0.010273,0.458334,0.010273,0.458334,0.0394,0.458334,0.0394,0.429207,0.0394,0.429207,0.010273,0.491484,0.188071,0.518511,0.188071,0.518511,0.215098,0.429207,0.010273,0.458334,0.010273,0.458334,0.0394,0.429207,0.010273,0.458334,0.010273,0.458334,0.0394,0.429207,0.010273,0.458334,0.010273,0.458334,0.0394,0.429207,0.010273,0.458334,0.010273,0.458334,0.0394,0.429207,0.010273,0.458334,0.010273,0.458334,0.0394,0.458334,0.0394,0.429207,0.0394,0.429207,0.010273,0.429207,0.010273,0.458334,0.010273,0.458334,0.0394,0.458334,0.0394,0.429207,0.0394,0.429207,0.010273]}}],"meshes":[{"aabb":{"min":[-356.76,-441.509,-4.71178],"max":[356.76,441.509,198.006]},"vertices":0,"indices":[0,1,2,3,4,5,6,7,8,9,10,11,12,13,14,15,16,17,18,19,20,21,22,23,24,25,26,27,28,29,30,31,32,33,34,35,36,37,38,39,40,41,42,43,44,45,46,47,48,49,50,51,52,53,54,55,56,57,58,59,60,61,62,63,64,65,66,67,68,69,70,71,72,73,74,75,76,77,78,79,80,81,82,83,84,85,86,87,88,89],"type":"triangles","base":0,"count":90}],"meshInstances":[{"node":1,"mesh":0}]}}