{"model":{"version":3,"nodes":[{"name":"RootNode","position":[0,0,0],"rotation":[0,0,0],"scale":[0.0254,0.0254,0.0254],"scaleCompensation":false},{"name":"LEVEL20-flechas","position":[0,0,0],"rotation":[-90,-0,0],"scale":[1,1,1],"scaleCompensation":false}],"parents":[-1,0],"skins":[],"morphs":[],"vertices":[{"position":{"type":"float32","components":3,"data":[-410.446,-148.264,-461.511,-389.673,-129.707,-469.685,-431.001,-129.707,-469.685,-410.446,-115.827,-475.912,-389.673,-97.2698,-484.086,-431.001,-97.2699,-484.086,-410.446,-181.746,-446.92,-389.673,-163.188,-455.094,-431.001,-163.189,-455.094,-410.451,-150.233,-460.644,-385.902,-128.302,-470.304,-389.673,-129.707,-469.685,-389.673,-129.707,-469.685,-410.446,-148.264,-461.511,-410.451,-150.233,-460.644,-385.902,-128.302,-470.304,-434.743,-128.302,-470.304,-431.001,-129.707,-469.685,-431.001,-129.707,-469.685,-389.673,-129.707,-469.685,-385.902,-128.302,-470.304,-434.743,-128.302,-470.304,-410.451,-150.233,-460.644,-410.446,-148.264,-461.511,-410.446,-148.264,-461.511,-431.001,-129.707,-469.685,-434.743,-128.302,-470.304,-410.451,-117.796,-475.045,-385.902,-95.8647,-484.705,-389.673,-97.2698,-484.086,-389.673,-97.2698,-484.086,-410.446,-115.827,-475.912,-410.451,-117.796,-475.045,-385.902,-95.8647,-484.705,-434.743,-95.8648,-484.705,-431.001,-97.2699,-484.086,-431.001,-97.2699,-484.086,-389.673,-97.2698,-484.086,-385.902,-95.8647,-484.705,-434.743,-95.8648,-484.705,-410.451,-117.796,-475.045,-410.446,-115.827,-475.912,-410.446,-115.827,-475.912,-431.001,-97.2699,-484.086,-434.743,-95.8648,-484.705,-410.451,-183.714,-446.053,-385.902,-161.783,-455.713,-389.673,-163.188,-455.094,-389.673,-163.188,-455.094,-410.446,-181.746,-446.92,-410.451,-183.714,-446.053,-385.902,-161.783,-455.713,-434.743,-161.783,-455.713,-431.001,-163.189,-455.094,-431.001,-163.189,-455.094,-389.673,-163.188,-455.094,-385.902,-161.783,-455.713,-434.743,-161.783,-455.713,-410.451,-183.714,-446.053,-410.446,-181.746,-446.92,-410.446,-181.746,-446.92,-431.001,-163.189,-455.094,-434.743,-161.783,-455.713]},"normal":{"type":"float32","components":3,"data":[-5.95326e-07,0.403103,0.915154,-5.95326e-07,0.403104,0.915154,-5.95326e-07,0.403103,0.915154,-7.44155e-07,0.403102,0.915155,-7.44155e-07,0.403102,0.915155,-7.44155e-07,0.403102,0.915155,-5.95324e-07,0.403102,0.915155,-5.95324e-07,0.403102,0.915155,-5.95324e-07,0.403102,0.915155,-5.03312e-06,0.403107,0.915153,-5.03312e-06,0.403107,0.915153,-5.03312e-06,0.403107,0.915153,6.24772e-06,0.403097,0.915157,6.24772e-06,0.403097,0.915157,6.24772e-06,0.403097,0.915157,-6.29668e-07,0.403098,0.915157,-6.29667e-07,0.403098,0.915157,-6.29668e-07,0.403098,0.915157,-5.95316e-07,0.403097,0.915157,-5.95316e-07,0.403097,0.915157,-5.95316e-07,0.403097,0.915157,-6.44349e-06,0.403097,0.915157,-6.44349e-06,0.403097,0.915157,-6.44349e-06,0.403097,0.915157,3.8936e-06,0.403108,0.915153,3.8936e-06,0.403108,0.915153,3.8936e-06,0.403108,0.915153,7.8575e-06,0.403094,0.915158,7.8575e-06,0.403094,0.915158,7.8575e-06,0.403094,0.915159,4.57881e-06,0.403097,0.915157,4.57881e-06,0.403097,0.915157,4.57881e-06,0.403097,0.915157,-7.55632e-07,0.403114,0.91515,-7.55632e-07,0.403114,0.91515,-7.55632e-07,0.403114,0.91515,-7.44176e-07,0.403114,0.91515,-7.44176e-07,0.403114,0.91515,-7.44176e-07,0.403114,0.91515,-6.44349e-06,0.403097,0.915157,-6.44349e-06,0.403097,0.915157,-6.44349e-06,0.403097,0.915157,-9.85238e-06,0.403094,0.915159,-9.85238e-06,0.403094,0.915159,-9.85238e-06,0.403094,0.915159,-6.84364e-06,0.403107,0.915153,-6.84364e-06,0.403107,0.915153,-6.84364e-06,0.403107,0.915153,4.87836e-06,0.403097,0.915157,4.87836e-06,0.403097,0.915157,4.87836e-06,0.403097,0.915157,-7.556e-07,0.403097,0.915157,-7.556e-07,0.403097,0.915157,-7.556e-07,0.403097,0.915157,-5.9531e-07,0.403093,0.915159,-5.9531e-07,0.403093,0.915159,-5.9531e-07,0.403093,0.915159,-5.27856e-06,0.403097,0.915157,-5.27856e-06,0.403097,0.915157,-5.27856e-06,0.403097,0.915157,2.92558e-06,0.403105,0.915154,2.92558e-06,0.403105,0.915154,2.92558e-06,0.403105,0.915154]},"texCoord0":{"type":"float32","components":2,"data":[0.859017,0.880883,0.859017,0.880883,0.859017,0.880883,0.859017,0.880883,0.859017,0.880883,0.859017,0.880883,0.859017,0.880883,0.859017,0.880883,0.859017,0.880883,0.955347,0.879781,0.955347,0.879854,0.955347,0.879854,0.955347,0.879854,0.955347,0.879781,0.955347,0.879781,0.955347,0.879854,0.955132,0.879854,0.955132,0.879854,0.955132,0.879854,0.955347,0.879854,0.955347,0.879854,0.955132,0.879854,0.955347,0.879781,0.955347,0.879781,0.955347,0.879781,0.955132,0.879854,0.955132,0.879854,0.955347,0.879781,0.955347,0.879854,0.955347,0.879854,0.955347,0.879854,0.955347,0.879781,0.955347,0.879781,0.955347,0.879854,0.955132,0.879854,0.955132,0.879854,0.955132,0.879854,0.955347,0.879854,0.955347,0.879854,0.955132,0.879854,0.955347,0.879781,0.955347,0.879781,0.955347,0.879781,0.955132,0.879854,0.955132,0.879854,0.955347,0.879781,0.955347,0.879854,0.955347,0.879854,0.955347,0.879854,0.955347,0.879781,0.955347,0.879781,0.955347,0.879854,0.955132,0.879854,0.955132,0.879854,0.955132,0.879854,0.955347,0.879854,0.955347,0.879854,0.955132,0.879854,0.955347,0.879781,0.955347,0.879781,0.955347,0.879781,0.955132,0.879854,0.955132,0.879854]}}],"meshes":[{"aabb":{"min":[-434.743,-183.714,-484.705],"max":[-385.902,-95.8647,-446.053]},"vertices":0,"indices":[0,1,2,3,4,5,6,7,8,9,10,11,12,13,14,15,16,17,18,19,20,21,22,23,24,25,26,27,28,29,30,31,32,33,34,35,36,37,38,39,40,41,42,43,44,45,46,47,48,49,50,51,52,53,54,55,56,57,58,59,60,61,62],"type":"triangles","base":0,"count":63}],"meshInstances":[{"node":1,"mesh":0}]}}