{"model":{"version":3,"nodes":[{"name":"RootNode","position":[0,0,0],"rotation":[0,0,0],"scale":[0.0254,0.0254,0.0254],"scaleCompensation":false},{"name":"Mesh1 Square_corner_1 Model 270","position":[0,0,0],"rotation":[-90,0,0],"scale":[1,1,1],"scaleCompensation":false}],"parents":[-1,0],"skins":[],"morphs":[],"vertices":[{"position":{"type":"float32","components":3,"data":[-59.055,59.0549,17.3229,-59.0549,59.0549,2.68691e-05,-59.055,-47.2441,9.55079e-06,-59.055,-47.2441,17.3228,59.055,-59.0549,17.3228,59.055,-47.2441,17.3228,-47.2441,-47.2441,17.3228,-47.2441,-59.0549,17.3228,59.055,-59.0549,17.3228,-47.2441,-59.0549,17.3228,-47.2441,-59.0549,3.12105e-06,59.055,-59.0549,-2.68691e-05,59.055,-59.0549,-2.68691e-05,59.055,-47.2441,-2.43582e-05,59.055,-47.2441,7.48029,59.055,-47.2441,17.3228,59.055,-59.0549,17.3228,-47.2441,-59.0549,3.12105e-06,-47.2441,-59.0549,17.3228,-59.055,-47.2441,17.3228,-59.055,-47.2441,9.55079e-06,47.2441,59.0549,7.48031,59.055,47.2441,7.48031,59.055,47.2441,17.3228,47.2441,59.0549,17.3228,59.055,59.0549,17.3228,47.2441,59.0549,17.3228,59.055,47.2441,17.3228,59.055,47.2441,17.3228,59.055,47.2441,7.48031,59.055,47.2441,-8.96413e-06,59.055,59.0549,-8.21323e-06,59.055,59.0549,17.3228,59.055,59.0549,17.3228,59.055,59.0549,-8.21323e-06,47.2441,59.0549,-3.70771e-06,47.2441,59.0549,7.48031,47.2441,59.0549,17.3228,-47.2441,59.0549,17.3229,-47.2441,59.0549,7.48034,-47.2441,59.0549,2.17769e-05,-59.0549,59.0549,2.68691e-05,-59.055,59.0549,17.3229,-47.2441,-47.2441,17.3228,-47.2441,-47.2441,7.48032,-47.2441,59.0549,7.48034,-47.2441,59.0549,17.3229,59.055,-47.2441,17.3228,59.055,-47.2441,7.48029,-47.2441,-47.2441,7.48032,-47.2441,-47.2441,17.3228,-47.2441,-47.2441,17.3228,-47.2441,59.0549,17.3229,-59.055,59.0549,17.3229,-59.055,-47.2441,17.3228,-59.055,-47.2441,17.3228,-47.2441,-59.0549,17.3228,-47.2441,-47.2441,17.3228]},"normal":{"type":"float32","components":3,"data":[-1,2.85053e-08,-6.15342e-07,-1,3.58866e-08,-6.60636e-07,-0.92388,-0.382683,-3.12234e-07,-0.92388,-0.382683,-2.01495e-07,3.05035e-07,-1.61492e-07,1,3.05035e-07,-1.61492e-07,1,3.17e-07,-1.61491e-07,1,3.11017e-07,-1.61492e-07,1,-6.26472e-14,-1,-2.20212e-07,-0.382684,-0.923879,-1.19178e-07,-0.382684,-0.923879,-2.05404e-07,-6.21284e-14,-1,-2.20212e-07,1,-6.45966e-07,-1.19189e-13,1,-6.45966e-07,0,1,-6.45966e-07,-1.70172e-13,1,-6.45966e-07,-1.83435e-13,1,-6.45967e-07,-1.4225e-13,-0.382684,-0.923879,-2.05404e-07,-0.382684,-0.923879,-1.19178e-07,-0.92388,-0.382683,-2.01495e-07,-0.92388,-0.382683,-3.12234e-07,-0.707105,-0.707109,-6.36361e-07,-0.707105,-0.707109,-2.74056e-07,-0.707105,-0.707109,-4.59862e-07,-0.707105,-0.707109,-8.22166e-07,4.84473e-07,-1.61492e-07,1,4.84473e-07,-1.61492e-07,1,4.84473e-07,-1.61492e-07,1,1,1.9994e-07,-8.38919e-08,-0.605083,0.796162,3.08571e-07,1,1.40006e-14,-2.20212e-07,1,1.23044e-07,-1.3632e-07,1,3.22984e-07,7.11249e-14,-2.65895e-07,1,2.55311e-07,-3.22982e-07,1,2.20212e-07,-1.99938e-07,1,1.3632e-07,-9.00654e-08,1,1.08077e-07,-3.22982e-07,1,3.87573e-07,3.22982e-07,1,2.20212e-07,-0.211046,0.977476,2.15252e-07,3.22983e-07,1,2.20212e-07,3.22982e-07,1,2.20212e-07,3.22982e-07,1,2.20212e-07,1,-2.44877e-07,-3.1923e-07,1,-2.51205e-07,-3.87573e-07,1,-1.49874e-07,7.06803e-07,1,-1.43546e-07,7.75146e-07,1.79432e-07,1,3.87573e-07,1.79432e-07,1,3.87573e-07,1.79432e-07,1,3.87573e-07,1.79432e-07,1,3.87573e-07,3.17e-07,-1.61491e-07,1,3.22982e-07,-1.61489e-07,1,3.22982e-07,-1.61489e-07,1,3.22982e-07,-1.6149e-07,1,3.22982e-07,-1.6149e-07,1,3.11017e-07,-1.61492e-07,1,3.17e-07,-1.61491e-07,1]},"texCoord0":{"type":"float32","components":2,"data":[0.313769,0.111314,0.313778,0.111314,0.313778,0.111257,0.313769,0.111257,0.113765,0.50154,0.113774,0.50154,0.113774,0.501622,0.113765,0.501622,0.313778,0.111308,0.313778,0.111249,0.313769,0.111249,0.313769,0.111308,0.313778,0.111251,0.313778,0.111257,0.313774,0.111257,0.313769,0.111257,0.313769,0.111251,0.313779,0.111314,0.313779,0.111303,0.31378,0.111303,0.31378,0.111314,0.31378,0.111305,0.31378,0.111307,0.313769,0.111307,0.313769,0.111305,0.113776,0.501613,0.113776,0.501624,0.113775,0.501624,0.313769,0.111308,0.313774,0.111308,0.313778,0.111308,0.313778,0.111314,0.313769,0.111314,0.313778,0.111308,0.313769,0.111308,0.313769,0.111301,0.313773,0.111301,0.313778,0.111301,0.313778,0.111249,0.313773,0.111249,0.313769,0.111249,0.313769,0.111243,0.313778,0.111243,0.313769,0.111257,0.313774,0.111257,0.313774,0.111314,0.313769,0.111314,0.313778,0.111308,0.313773,0.111308,0.313773,0.111249,0.313778,0.111249,0.113765,0.501622,0.113765,0.50154,0.113774,0.50154,0.113774,0.501622,0.113774,0.501603,0.113773,0.501603,0.113774,0.501594]}}],"meshes":[{"aabb":{"min":[-59.055,-59.0549,-2.68691e-05],"max":[59.055,59.0549,17.3229]},"vertices":0,"indices":[0,1,2,2,3,0,4,5,6,6,7,4,8,9,10,10,11,8,12,13,14,12,14,15,12,15,16,17,18,19,19,20,17,21,22,23,23,24,21,25,26,27,28,29,30,28,30,31,28,31,32,33,34,35,33,35,36,33,36,37,38,39,40,38,40,41,38,41,42,43,44,45,45,46,43,47,48,49,49,50,47,51,52,53,53,54,51,55,56,57],"type":"triangles","base":0,"count":90}],"meshInstances":[{"node":1,"mesh":0}]}}