{"model":{"version":3,"nodes":[{"name":"RootNode","position":[0,0,0],"rotation":[0,0,0],"scale":[0.0254,0.0254,0.0254],"scaleCompensation":false},{"name":"LEVEL63-rampas","position":[0,0,0],"rotation":[-90,-0,0],"scale":[1,1,1],"scaleCompensation":false}],"parents":[-1,0],"skins":[],"morphs":[],"vertices":[{"position":{"type":"float32","components":3,"data":[-468.043,49.6203,-466.738,-468.043,144.108,-466.738,-468.043,144.108,-457.243,-468.043,144.108,-457.243,-468.043,49.6204,-457.243,-586.152,144.108,-491.784,-468.043,49.6204,-457.243,-468.043,144.108,-457.243,-468.043,49.6204,-457.243,-586.152,144.108,-491.784,-586.152,49.6204,-491.784,-590.042,49.6203,-501.818,-590.042,144.108,-501.818,-468.043,144.108,-466.738,-468.043,144.108,-466.738,-468.043,49.6203,-466.738,-590.042,49.6203,-501.818,-566.38,96.0211,-491.78,-566.38,97.1836,-491.78,-567.542,96.0211,-491.951,-567.542,97.1836,-491.951,-567.542,96.0211,-491.951,-566.38,97.1836,-491.78,-567.542,97.1836,-491.951,-566.38,97.1836,-491.78,-567.542,97.1836,-492.025,-566.38,97.1836,-491.96,-566.38,97.1836,-491.78,-566.38,96.0211,-491.96,-567.542,96.0211,-492.025,-566.38,97.1836,-491.96,-567.542,96.0211,-492.025,-567.542,97.1836,-492.025,-566.38,97.1836,-491.96,-567.542,96.0211,-491.951,-567.542,96.0211,-492.025,-566.38,96.0211,-491.78,-566.38,96.0211,-491.96,-566.38,96.0211,-491.78,-567.542,96.0211,-492.025,-566.38,96.0211,-491.96,-566.38,97.1836,-491.96,-566.38,96.0211,-491.78,-566.38,97.1836,-491.78,-564.615,96.363,-491.932,-564.498,96.799,-491.932,-564.81,96.6489,-491.928,-564.615,96.363,-491.932,-564.352,96.5005,-491.945,-564.498,96.799,-491.932]},"normal":{"type":"float32","components":3,"data":[1,0,0,1,0,0,1,0,0,1,0,0,1,0,0,-0.28069,0,0.959798,-0.28069,0,0.959798,-0.28069,0,0.959798,-0.28069,0,0.959798,-0.28069,0,0.959798,-0.28069,0,0.959798,0.276342,0,-0.961059,0.276342,0,-0.961059,0.276342,0,-0.961059,0.276342,0,-0.961059,0.276342,0,-0.961059,0.276342,0,-0.961059,-0.145576,0,0.989347,-0.145576,0,0.989347,-0.145576,0,0.989347,-0.145569,-7.64261e-06,0.989348,-0.145569,-7.64261e-06,0.989348,-0.145569,-7.64261e-06,0.989348,0,1,0,0,1,0,0,1,0,0,1,0,0,1,0,0.0563526,0,-0.998411,0.0563526,0,-0.998411,0.0563526,0,-0.998411,0.0563526,0,-0.998411,0.0563526,0,-0.998411,0.0563526,0,-0.998411,6.56306e-06,-1,0,6.56306e-06,-1,0,6.56306e-06,-1,0,-2.39122e-06,-1,4.23657e-05,-2.39122e-06,-1,4.23657e-05,-2.39122e-06,-1,4.23657e-05,1,0,0,1,0,0,1,0,0,1,0,0,0.0175209,-0.00469356,0.999835,0.0175209,-0.00469356,0.999835,0.0175209,-0.00469356,0.999835,0.0573416,-0.0153609,0.998236,0.0573416,-0.0153609,0.998236,0.0573416,-0.0153609,0.998236]},"texCoord0":{"type":"float32","components":2,"data":[0.861429,0.071492,0.861429,0.0715685,0.861429,0.0715685,0.861429,0.0715685,0.861429,0.071492,-24.9296,119.569,-23.9284,118.768,-23.9284,119.569,-23.9284,118.768,-24.9296,119.569,-24.9296,118.768,0.861429,0.071492,0.861429,0.0715685,0.861429,0.0715685,0.861429,0.0715685,0.861429,0.071492,0.861429,0.071492,-123.307,133.843,-123.307,134.844,-124.308,133.843,-124.308,134.844,-124.308,133.843,-123.307,134.844,0.861144,0.0715796,0.861242,0.0715796,0.861144,0.0715796,0.861242,0.0715796,0.861242,0.0715796,0.861242,0.0714822,0.861144,0.0714822,0.861242,0.0715796,0.861144,0.0714822,0.861144,0.0715796,0.861242,0.0715796,0.861144,0.0714822,0.861144,0.0714822,0.861242,0.0714822,0.861242,0.0714822,0.861242,0.0714822,0.861144,0.0714822,0.861242,0.0714822,0.861242,0.0715796,0.861242,0.0714822,0.861242,0.0715796,0.700103,0.380124,0.613683,0.70264,0.55675,0.726234,0.700103,0.380124,0.723714,0.437074,0.731734,0.498169]}}],"meshes":[{"aabb":{"min":[-590.042,49.6203,-501.818],"max":[-468.043,144.108,-457.243]},"vertices":0,"indices":[0,1,2,3,4,0,5,6,7,8,9,10,11,12,13,14,15,16,17,18,19,20,21,22],"type":"triangles","base":0,"count":24},{"aabb":{"min":[-590.042,49.6203,-501.818],"max":[-468.043,144.108,-457.243]},"vertices":0,"indices":[23,24,25,26,25,27,28,29,30,31,32,33,34,35,36,37,38,39,40,41,42,43,42,41],"type":"triangles","base":0,"count":24},{"aabb":{"min":[-590.042,49.6203,-501.818],"max":[-468.043,144.108,-457.243]},"vertices":0,"indices":[44,45,46,47,48,49],"type":"triangles","base":0,"count":6}],"meshInstances":[{"node":1,"mesh":0},{"node":1,"mesh":1},{"node":1,"mesh":2}]}}