{"model":{"version":3,"nodes":[{"name":"RootNode","position":[0,0,0],"rotation":[0,0,0],"scale":[0.0254,0.0254,0.0254],"scaleCompensation":false},{"name":"golf_desert_piedramediaC","position":[0,0,0],"rotation":[-90,-0,0],"scale":[1,1,1.44509],"scaleCompensation":false}],"parents":[-1,0],"skins":[],"morphs":[],"vertices":[{"position":{"type":"float32","components":3,"data":[-162.821,294.368,-6.65719,-238.25,42.6952,39.3426,-121.068,260.147,41.1566,258.849,144.89,13.8486,154.93,295.469,37.5031,261.161,26.3819,31.2195,261.161,26.3819,31.2195,-121.068,260.147,41.1566,114.535,-80.9258,27.3063,-179.237,-160.537,38.1896,113.484,-129.6,-6.16042,114.535,-80.9258,27.3063,154.93,295.469,37.5031,-121.068,260.147,41.1566,261.161,26.3819,31.2195,154.93,295.469,37.5031,258.849,144.89,13.8486,271.644,178.474,-6.23024,271.644,178.474,-6.23024,178.781,316.034,-5.73356,154.93,295.469,37.5031,-121.068,260.147,41.1566,27.8732,367.162,-6.23147,-162.821,294.368,-6.65719,-179.237,-160.537,38.1896,114.535,-80.9258,27.3063,-238.25,42.6952,39.3426,113.484,-129.6,-6.16042,-179.237,-160.537,38.1896,-198.717,-205.19,-6.12523,282.441,-15.4955,-6.22612,296.527,27.3424,-6.10443,261.161,26.3819,31.2195,193.02,-90.4203,-5.51662,282.441,-15.4955,-6.22612,261.161,26.3819,31.2195,261.161,26.3819,31.2195,114.535,-80.9258,27.3063,193.02,-90.4203,-5.51662,113.484,-129.6,-6.16042,193.02,-90.4203,-5.51662,114.535,-80.9258,27.3063,296.527,27.3424,-6.10443,258.849,144.89,13.8486,261.161,26.3819,31.2195,-227.208,-164.635,-6.14635,-198.717,-205.19,-6.12523,-179.237,-160.537,38.1896,-162.821,294.368,-6.65719,-296.527,47.6727,-6.39581,-238.25,42.6952,39.3426,178.781,316.034,-5.73356,27.8732,367.162,-6.23147,154.93,295.469,37.5031,27.8732,367.162,-6.23147,-121.068,260.147,41.1566,154.93,295.469,37.5031,258.849,144.89,13.8486,296.527,27.3424,-6.10443,271.644,178.474,-6.23024,-238.25,42.6952,39.3426,114.535,-80.9258,27.3063,-121.068,260.147,41.1566,-238.25,42.6952,39.3426,-296.527,47.6727,-6.39581,-227.208,-164.635,-6.14635,-227.208,-164.635,-6.14635,-179.237,-160.537,38.1896,-238.25,42.6952,39.3426,73.9643,-174.563,4.0336,57.0065,-265.408,19.5986,88.0913,-186.143,20.2124,179.676,-280.282,16.8501,88.0913,-186.143,20.2124,133.31,-350.692,15.5258,76.9739,-334.176,19.2085,132.955,-367.162,4.20183,133.31,-350.692,15.5258,143.731,-189.23,18.9763,88.0913,-186.143,20.2124,179.676,-280.282,16.8501,143.731,-189.23,18.9763,179.676,-280.282,16.8501,183.224,-228.818,4.17803,183.224,-228.818,4.17803,151.801,-182.272,4.34612,143.731,-189.23,18.9763,88.0913,-186.143,20.2124,100.74,-164.971,4.17767,73.9643,-174.563,4.0336,76.9739,-334.176,19.2085,133.31,-350.692,15.5258,57.0065,-265.408,19.5986,132.955,-367.162,4.20183,76.9739,-334.176,19.2085,70.3825,-349.285,4.21357,159.868,-353.905,4.41956,191.644,-279.957,4.22062,179.676,-280.282,16.8501,179.676,-280.282,16.8501,133.31,-350.692,15.5258,159.868,-353.905,4.41956,132.955,-367.162,4.20183,159.868,-353.905,4.41956,133.31,-350.692,15.5258,60.7418,-335.563,4.20653,70.3825,-349.285,4.21357,76.9739,-334.176,19.2085,73.9643,-174.563,4.0336,37.2864,-263.723,4.12205,57.0065,-265.408,19.5986,151.801,-182.272,4.34612,100.74,-164.971,4.17767,143.731,-189.23,18.9763,100.74,-164.971,4.17767,88.0913,-186.143,20.2124,143.731,-189.23,18.9763,179.676,-280.282,16.8501,191.644,-279.957,4.22062,183.224,-228.818,4.17803,57.0065,-265.408,19.5986,133.31,-350.692,15.5258,88.0913,-186.143,20.2124,57.0065,-265.408,19.5986,37.2864,-263.723,4.12205,60.7418,-335.563,4.20653,60.7418,-335.563,4.20653,76.9739,-334.176,19.2085,57.0065,-265.408,19.5986]},"normal":{"type":"float32","components":3,"data":[-0.59283,0.313277,0.741896,-0.59283,0.313277,0.741896,-0.59283,0.313277,0.741897,0.40843,0.14018,0.901962,0.40843,0.14018,0.901962,0.40843,0.14018,0.901962,0.00201161,-0.0391873,0.99923,0.00201161,-0.0391873,0.99923,0.00201161,-0.0391873,0.99923,0.181655,-0.559796,0.808474,0.181655,-0.559796,0.808474,0.181655,-0.559796,0.808474,0.0154415,-0.0172493,0.999732,0.0154415,-0.0172493,0.999732,0.0154415,-0.0172493,0.999732,0.556313,0.259941,0.78927,0.556313,0.259941,0.78927,0.556313,0.259941,0.78927,0.672594,0.451933,0.585981,0.672594,0.451933,0.585981,0.672594,0.451933,0.585981,-0.255921,0.666321,0.700372,-0.255921,0.666321,0.700372,-0.255921,0.666321,0.700372,0.0357463,0.00471022,0.99935,0.0357463,0.00471022,0.99935,0.0357463,0.00471022,0.99935,0.177093,-0.731131,0.658851,0.177093,-0.731131,0.658851,0.177093,-0.731131,0.658851,0.708597,-0.234885,0.665372,0.708597,-0.234885,0.665372,0.708597,-0.234885,0.665372,0.410714,-0.482858,0.77341,0.410714,-0.482858,0.77341,0.410714,-0.482858,0.77341,0.300301,-0.441175,0.845685,0.300301,-0.441175,0.845685,0.300301,-0.441175,0.845685,0.264641,-0.550235,0.791964,0.264641,-0.550235,0.791964,0.264641,-0.550235,0.791964,0.719655,0.114427,0.684838,0.719655,0.114427,0.684838,0.719655,0.114427,0.684838,-0.596761,-0.418889,0.684403,-0.596761,-0.418889,0.684403,-0.596761,-0.418889,0.684403,-0.570459,0.309988,0.760582,-0.570459,0.309988,0.760582,-0.570459,0.309988,0.760582,0.270323,0.803046,0.531077,0.270323,0.803046,0.531077,0.270323,0.803046,0.531077,-0.0469047,0.458305,0.887556,-0.0469047,0.458305,0.887556,-0.0469047,0.458305,0.887556,0.732735,0.121201,0.669634,0.732735,0.121201,0.669634,0.732735,0.121201,0.669634,0.026224,-0.0224692,0.999404,0.026224,-0.0224692,0.999404,0.026224,-0.0224692,0.999403,-0.615433,-0.200044,0.762381,-0.615433,-0.200044,0.762381,-0.615433,-0.200044,0.762381,-0.656705,-0.194819,0.728549,-0.656705,-0.194819,0.728549,-0.656705,-0.194819,0.728549,-0.637103,0.244187,0.731076,-0.637103,0.244187,0.731076,-0.637103,0.244187,0.731076,0.0103607,-0.0256234,0.999618,0.0103608,-0.0256234,0.999618,0.0103608,-0.0256234,0.999618,-0.11098,-0.561422,0.820054,-0.11098,-0.561422,0.820054,-0.11098,-0.561422,0.820054,0.0213823,-0.0149024,0.99966,0.0213823,-0.0149024,0.99966,0.0213823,-0.0149024,0.99966,0.494805,0.175461,0.851106,0.494805,0.175461,0.851106,0.494805,0.175461,0.851106,0.672609,0.451952,0.585949,0.672609,0.451952,0.585949,0.672609,0.451952,0.585949,-0.245259,0.674163,0.696672,-0.245259,0.674163,0.696672,-0.245259,0.674163,0.696672,0.0694563,0.014508,0.99748,0.0694563,0.014508,0.997479,0.0694563,0.014508,0.997479,-0.185621,-0.650195,0.736743,-0.185621,-0.650195,0.736743,-0.185621,-0.650195,0.736743,0.696775,-0.297657,0.652614,0.696775,-0.297657,0.652614,0.696775,-0.297657,0.652614,0.348394,-0.246431,0.904375,0.348394,-0.246431,0.904375,0.348394,-0.246431,0.904375,0.264626,-0.550226,0.791975,0.264626,-0.550226,0.791975,0.264626,-0.550226,0.791975,-0.596756,-0.418894,0.684404,-0.596756,-0.418894,0.684404,-0.596757,-0.418894,0.684405,-0.586176,0.241903,0.773228,-0.586176,0.241903,0.773228,-0.586176,0.241903,0.773228,0.270347,0.80306,0.531044,0.270347,0.80306,0.531044,0.270347,0.80306,0.531044,0.0503908,0.583681,0.810418,0.0503908,0.583681,0.810418,0.0503908,0.583681,0.810418,0.719178,0.118986,0.684562,0.719178,0.118986,0.684562,0.719178,0.118986,0.684562,0.0310707,-0.0199236,0.999319,0.0310707,-0.0199236,0.999319,0.0310707,-0.0199236,0.999319,-0.615421,-0.200038,0.762392,-0.615421,-0.200038,0.762392,-0.615421,-0.200038,0.762392,-0.656701,-0.194811,0.728555,-0.656701,-0.194811,0.728555,-0.656701,-0.194811,0.728555]},"texCoord0":{"type":"float32","components":2,