{"model":{"version":3,"nodes":[{"name":"RootNode","position":[0,0,0],"rotation":[0,0,0],"scale":[0.0254,0.0254,0.0254],"scaleCompensation":false},{"name":"Mesh1 Split_start Model 180","position":[0,0,0],"rotation":[-90,0,0],"scale":[1,1,1],"scaleCompensation":false}],"parents":[-1,0],"skins":[],"morphs":[],"vertices":[{"position":{"type":"float32","components":3,"data":[59.055,-59.0549,17.3228,47.2441,-59.0549,17.3228,47.2441,-59.0549,7.48032,47.2441,-59.0549,5.86657e-07,59.055,-59.0549,5.86656e-07,59.055,59.0549,-5.86663e-07,59.055,59.0549,17.3228,59.055,-59.0549,17.3228,59.055,-59.0549,5.86656e-07,47.2442,59.0549,17.3228,47.2441,-59.0549,17.3228,59.055,-59.0549,17.3228,59.055,59.0549,17.3228,-5.90549,-59.0549,5.86661e-07,5.90554,-59.0549,5.8666e-07,5.90554,-59.0549,7.48032,5.90554,-59.0549,17.3228,-5.90549,-59.0549,17.3228,-5.90549,-59.0549,7.48032,-5.90549,-59.0549,7.48032,-5.90549,-59.0549,17.3228,-5.90546,2.29967e-06,17.3228,-5.90544,59.0549,7.48031,-5.90544,59.0549,-5.8666e-07,-5.90544,59.0549,7.48031,5.90558,59.0549,7.48031,5.90558,59.0549,-5.8666e-07,5.90554,-59.0549,17.3228,5.90554,-59.0549,7.48032,5.90558,59.0549,7.48031,5.90556,-2.29971e-06,17.3228,5.90554,-59.0549,17.3228,5.90556,-2.29971e-06,17.3228,-5.90546,2.29967e-06,17.3228,-5.90549,-59.0549,17.3228,5.90556,-2.29971e-06,17.3228,5.90558,59.0549,7.48031,-5.90544,59.0549,7.48031,-5.90546,2.29967e-06,17.3228,47.2442,59.0549,7.48031,47.2441,-59.0549,7.48032,47.2441,-59.0549,17.3228,47.2442,59.0549,17.3228,59.055,59.0549,17.3228,59.055,59.0549,-5.86663e-07,47.2442,59.0549,-5.86662e-07,47.2442,59.0549,7.48031,47.2442,59.0549,17.3228,-47.244,59.0549,17.3228,-47.244,59.0549,7.48031,-47.244,59.0549,-5.86657e-07,-59.055,59.0549,-1.75998e-06,-59.055,59.0549,17.3228,-59.055,-59.0549,17.3228,-59.055,59.0549,17.3228,-59.055,59.0549,-1.75998e-06,-59.055,-59.0549,1.75998e-06,-59.055,59.0549,17.3228,-59.055,-59.0549,17.3228,-47.2441,-59.0549,17.3228,-47.244,59.0549,17.3228,-47.2441,-59.0549,7.48032,-47.244,59.0549,7.48031,-47.244,59.0549,17.3228,-47.2441,-59.0549,17.3228,-59.055,-59.0549,1.75998e-06,-47.2441,-59.0549,5.86663e-07,-47.2441,-59.0549,7.48032,-47.2441,-59.0549,17.3228,-59.055,-59.0549,17.3228]},"normal":{"type":"float32","components":3,"data":[8.57642e-08,-1,-4.26731e-07,3.22983e-07,-1,-7.75147e-07,-1.42852e-07,-1,-2.16154e-07,-1.23044e-07,-1,-1.3632e-07,-1.69574e-20,-1,-2.20212e-07,1,6.45958e-08,1.31878e-15,1,6.45958e-08,0,1,6.45958e-08,1.2906e-14,1,6.45958e-08,1.42248e-14,0,0,1,0,0,1,0,0,1,0,0,1,-1.31643e-08,-1,-3.52301e-07,-3.22978e-07,-1,0,-1.56134e-07,-1,-2.63437e-07,1.70404e-07,-1,-5.56609e-07,3.22978e-07,-1,-6.60636e-07,1,0,0,-1,3.8715e-07,2.54688e-09,-1,3.87574e-07,1.50214e-13,-1,3.83761e-07,2.2879e-08,-1,3.83537e-07,2.4223e-08,3.22978e-07,1,0,3.22978e-07,1,0,3.22978e-07,1,0,3.22978e-07,1,0,1,-3.83751e-07,-2.56437e-09,1,-3.83537e-07,-1.48649e-13,1,-3.85542e-07,-2.40569e-08,1,-3.87575e-07,-4.84465e-08,0,0,1,0,0,1,0,0,1,0,0,1,6.26652e-08,0.1644,0.986394,5.30974e-08,0.1644,0.986394,5.44517e-08,0.1644,0.986394,6.40195e-08,0.1644,0.986394,-1,3.87575e-07,1.59013e-14,-1,3.87575e-07,3.00427e-13,-1,3.87575e-07,2.84526e-13,-1,3.87575e-07,0,0,1,0,0,1,0,0,1,0,0,1,0,0,1,0,0,1,0,1,0,0,0,1,0,0,1,0,0,1,0,-1,0,0,-1,0,0,-1,0,0,-1,0,0,0,0,1,0,0,1,0,0,1,0,0,1,1,-3.87575e-07,0,1,-3.87575e-07,0,1,-3.87575e-07,0,1,-3.87575e-07,0,0,-1,0,0,-1,0,0,-1,0,0,-1,0,0,-1,0]},"texCoord0":{"type":"float32","components":2,"data":[0.313769,0.11128,0.313769,0.111286,0.313774,0.111286,0.313778,0.111286,0.313778,0.11128,0.313769,0.111305,0.313778,0.111305,0.313778,0.11124,0.313769,0.11124,0.113774,0.501538,0.113774,0.501637,0.113765,0.501637,0.113765,0.501538,0.313778,0.111264,0.313778,0.111258,0.313774,0.111258,0.313769,0.111258,0.313769,0.111264,0.313774,0.111264,0.313773,0.11124,0.313778,0.11124,0.313778,0.111272,0.313773,0.111305,0.313783,0.111312,0.313783,0.111312,0.313783,0.111312,0.313783,0.111312,0.313778,0.11124,0.313773,0.11124,0.313773,0.111305,0.313778,0.111272,0.113765,0.501637,0.113765,0.501588,0.113774,0.501588,0.113774,0.501637,0.313769,0.111278,0.313769,0.111229,0.313778,0.111229,0.313778,0.111278,0.313773,0.111305,0.313773,0.11124,0.313778,0.11124,0.313778,0.111305,0.313769,0.11128,0.313778,0.11128,0.313778,0.111286,0.313774,0.111286,0.313769,0.111286,0.313769,0.111287,0.313774,0.111287,0.313778,0.111287,0.313778,0.111293,0.313769,0.111293,0.313778,0.11124,0.313778,0.111305,0.313769,0.111305,0.313769,0.11124,0.113774,0.501538,0.113774,0.501637,0.113765,0.501637,0.113765,0.501538,0.313773,0.11124,0.313773,0.111305,0.313778,0.111305,0.313778,0.11124,0.313778,0.111293,0.313778,0.111287,0.313774,0.111287,0.313769,0.111287,0.313769,0.111293]}}],"meshes":[{"aabb":{"min":[-59.055,-59.0549,-1.75998e-06],"max":[59.055,59.0549,17.3228]},"vertices":0,"indices":[0,1,2,0,2,3,0,3,4,5,6,7,7,8,5,9,10,11,11,12,9,13,14,15,13,15,16,13,16,17,13,17,18,19,20,21,21,22,19,23,24,25,25,26,23,27,28,29,29,30,27,31,32,33,33,34,31,35,36,37,37,38,35,39,40,41,41,42,39,43,44,45,43,45,46,43,46,47,48,49,50,48,50,51,48,51,52,53,54,55,55,56,53,57,58,59,59,60,57,61,62,63,63,64,61,65,66,67,65,67,68,65,68,69],"type":"triangles","base":0,"count":114}],"meshInstances":[{"node":1,"mesh":0}]}}