{"model":{"version":3,"nodes":[{"name":"RootNode","position":[0,0,0],"rotation":[0,0,0],"scale":[0.0254,0.0254,0.0254],"scaleCompensation":false},{"name":"Mesh1 Ramp_sharp Model 90","position":[0,0,0],"rotation":[-90,0,0],"scale":[1,1,1],"scaleCompensation":false}],"parents":[-1,0],"skins":[],"morphs":[],"vertices":[{"position":{"type":"float32","components":3,"data":[59.055,59.0549,17.3229,59.055,47.2441,17.3229,59.055,47.2441,7.48035,59.055,47.2441,3.25714e-05,59.055,59.0549,3.44957e-05,-59.055,59.0549,-1.46665e-05,-59.055,59.0549,17.3228,59.055,59.0549,17.3229,59.055,59.0549,3.44957e-05,59.055,47.2441,17.3229,59.055,59.0549,17.3229,-59.055,59.0549,17.3228,-59.055,47.2441,17.3228,29.5275,47.2441,17.3229,59.055,-59.0549,17.3228,59.055,-47.2441,17.3228,29.5275,-47.2441,17.3228,-59.055,-47.2442,17.3228,-59.0549,-59.0549,17.3228,-59.0549,-59.0549,17.3228,-59.055,-47.2442,17.3228,-59.055,-47.2442,7.48028,-59.055,-47.2442,-3.08115e-05,-59.0549,-59.0549,-3.27357e-05,59.055,-59.0549,1.52531e-05,59.055,-59.0549,17.3228,-59.0549,-59.0549,17.3228,-59.0549,-59.0549,-3.27357e-05,-59.055,59.0549,-1.46665e-05,-59.055,47.2441,-1.54174e-05,-59.055,47.2441,7.4803,-59.055,47.2441,17.3228,-59.055,59.0549,17.3228,-59.055,47.2441,17.3228,-59.055,47.2441,7.4803,-29.5276,47.2441,7.48031,29.5275,47.2441,17.3229,29.5275,47.2441,7.48034,-29.5276,47.2441,7.48031,29.5275,47.2441,17.3229,59.055,-47.2441,17.3228,59.055,-47.2441,7.48033,29.5276,-47.2441,7.48032,29.5275,-47.2441,17.3228,59.055,47.2441,7.48035,59.055,47.2441,17.3229,29.5275,47.2441,7.48034,59.055,-59.0549,17.3228,59.055,-59.0549,1.52531e-05,59.055,-47.2441,1.71773e-05,59.055,-47.2441,7.48033,59.055,-47.2441,17.3228,-59.055,-47.2442,7.48028,-59.055,-47.2442,17.3228,29.5275,-47.2441,17.3228,-29.5276,-47.2442,7.4803]},"normal":{"type":"float32","components":3,"data":[1,-3.7829e-07,8.65001e-08,1,6.259e-14,-3.87573e-07,1,-5.3939e-07,2.59682e-07,1,-6.84824e-07,4.66916e-07,1,-6.45968e-07,4.40424e-07,-8.59338e-14,1,2.20212e-07,-8.53485e-14,1,2.20212e-07,-9.1076e-14,1,2.20212e-07,-9.16612e-14,1,2.20212e-07,-3.87574e-07,-1.61492e-07,1,-3.87574e-07,-1.61492e-07,1,-3.87574e-07,-1.61492e-07,1,-3.87574e-07,-1.61492e-07,1,-3.87573e-07,-5.51215e-06,1,-3.87575e-07,-1.61492e-07,1,-3.87575e-07,-1.61492e-07,1,-3.87574e-07,-1.6149e-07,1,-3.87574e-07,-1.61493e-07,1,-3.87574e-07,-1.61493e-07,1,-1,-7.59855e-07,-2.49067e-07,-1,-6.4597e-07,-3.87573e-07,-1,-1.06578e-07,2.59682e-07,-1,-7.60908e-07,-7.83652e-08,-1,-1.29194e-06,-4.40424e-07,8.5731e-14,-1,-2.20212e-07,8.53486e-14,-1,-2.20212e-07,8.90911e-14,-1,-2.20212e-07,8.94736e-14,-1,-2.20212e-07,-1,-3.91912e-08,-3.51076e-07,-1,3.24226e-14,-5.09965e-07,-1,2.19535e-07,-1.63336e-07,-1,-7.68957e-08,-2.7264e-07,-1,-3.22983e-07,-4.40424e-07,2.58384e-07,-1,-3.87574e-07,2.58384e-07,-1,-3.87573e-07,2.58383e-07,-1,-3.87576e-07,3.75284e-07,-1,-3.87574e-07,-2.58382e-07,1,3.87573e-07,-2.58382e-07,1,3.87573e-07,-2.58382e-07,1,3.87573e-07,-3.87575e-07,1,3.87573e-07,-3.87575e-07,1,3.87573e-07,-3.87575e-07,1,3.87573e-07,-3.87575e-07,1,3.87573e-07,3.87575e-07,-1,-3.87573e-07,3.87575e-07,-1,-3.87573e-07,3.87575e-07,-1,-3.87573e-07,1,3.69131e-07,2.51676e-07,1,9.68952e-07,6.60637e-07,1,5.9982e-07,4.08961e-07,1,0,0,1,0,0,-2.58383e-07,1,3.87574e-07,-2.58383e-07,1,3.87573e-07,-2.58383e-07,1,3.87576e-07,-2.58384e-07,1,3.87583e-07]},"texCoord0":{"type":"float32","components":2,"data":[0.313769,0.111247,0.313769,0.111254,0.313774,0.111254,0.313778,0.111254,0.313778,0.111247,0.313769,0.111306,0.313778,0.111306,0.313778,0.111242,0.313769,0.111242,0.113774,0.501637,0.113765,0.501637,0.113765,0.501538,0.113774,0.501538,0.113774,0.501612,0.113774,0.501637,0.113765,0.501637,0.113765,0.501612,0.113765,0.501538,0.113774,0.501538,0.313769,0.111311,0.313769,0.111305,0.313774,0.111305,0.313778,0.111305,0.313778,0.111311,0.313769,0.111242,0.313778,0.111242,0.313778,0.111307,0.313769,0.111307,0.313778,0.111247,0.313778,0.111254,0.313774,0.111254,0.313769,0.111254,0.313769,0.111247,0.313778,0.111306,0.313773,0.111306,0.313773,0.111289,0.313778,0.111257,0.313785,0.11132,0.313785,0.11132,0.313785,0.11132,0.313778,0.111243,0.313773,0.111243,0.313773,0.111259,0.313778,0.111259,0.313773,0.111241,0.313778,0.111241,0.313773,0.111257,0.31378,0.111325,0.31378,0.111308,0.313769,0.111308,0.313769,0.111315,0.313769,0.111325,0.313773,0.111308,0.313778,0.111308,0.313778,0.111259,0.313773,0.111291]}}],"meshes":[{"aabb":{"min":[-59.055,-59.0549,-3.27357e-05],"max":[59.055,59.0549,17.3229]},"vertices":0,"indices":[0,1,2,0,2,3,0,3,4,5,6,7,7,8,5,9,10,11,9,11,12,9,12,13,14,15,16,14,16,17,14,17,18,19,20,21,19,21,22,19,22,23,24,25,26,26,27,24,28,29,30,28,30,31,28,31,32,33,34,35,35,36,33,37,38,39,40,41,42,42,43,40,44,45,36,36,46,44,47,48,49,47,49,50,47,50,51,52,53,54,54,55,52],"type":"triangles","base":0,"count":93}],"meshInstances":[{"node":1,"mesh":0}]}}