{"model":{"version":3,"nodes":[{"name":"RootNode","position":[0,0,0],"rotation":[0,0,0],"scale":[0.0254,0.0254,0.0254],"scaleCompensation":false},{"name":"LEVEL103-rampas","position":[0,0,0],"rotation":[-90,-0,0],"scale":[0.3937,0.3937,0.3937],"scaleCompensation":false}],"parents":[-1,0],"skins":[],"morphs":[],"vertices":[{"position":{"type":"float32","components":3,"data":[-3289.14,996.094,-1293.35,-3289.14,696.094,-1293.35,-2989.14,996.094,-1221.65,-2989.14,696.094,-1221.65,-2989.14,996.094,-1221.65,-3289.14,696.094,-1293.35,-2989.14,696.094,-1221.65,-2989.14,696.094,-1243.38,-2989.14,996.094,-1221.65,-2989.14,996.094,-1243.38,-3289.14,996.094,-1293.35,-2989.14,996.094,-1221.65,-2989.14,996.094,-1243.38,-2989.14,996.094,-1243.38,-3289.14,996.094,-1312.35,-3289.14,996.094,-1293.35,-3289.14,996.094,-1293.35,-3289.14,996.094,-1293.35,-3289.14,996.094,-1312.35,-2989.14,696.094,-1243.38,-2989.14,696.094,-1221.65,-3289.14,696.094,-1293.35,-2989.14,696.094,-1243.38,-3289.14,696.094,-1293.35,-3289.14,696.094,-1312.35,-3289.14,696.094,-1293.35,-3289.14,696.094,-1312.35,-3289.14,696.094,-1293.35,-3289.14,996.094,-1312.35,-2989.14,996.094,-1243.38,-2989.14,696.094,-1243.38,-2989.14,696.094,-1243.38,-3289.14,696.094,-1312.35,-3289.14,996.094,-1312.35,-3289.14,696.094,-1305.9,-3289.14,996.094,-1305.9,-3289.14,996.094,-1312.35,-3289.14,696.094,-1312.35]},"normal":{"type":"float32","components":3,"data":[-0.232434,-3.95757e-07,0.972612,-0.232434,-3.95757e-07,0.972612,-0.232434,-3.95757e-07,0.972612,-0.232434,-3.95757e-07,0.972612,-0.232434,-3.95757e-07,0.972612,-0.232434,-3.95757e-07,0.972612,1,0,0,1,0,0,1,0,0,1,0,0,-4.67849e-07,1,2.80904e-06,-4.67849e-07,1,2.80904e-06,-4.67849e-07,1,2.80904e-06,0,1,0,0,1,0,0,1,0,1,0,0,1,0,0,1,0,0,4.67849e-07,-1,-2.80904e-06,4.67849e-07,-1,-2.80904e-06,4.67849e-07,-1,-2.80904e-06,0,-1,0,0,-1,0,0,-1,0,1,0,0,1,0,0,1,0,0,0.224045,3.96557e-07,-0.974579,0.224045,3.96557e-07,-0.974579,0.224045,3.96557e-07,-0.974579,0.224045,3.96557e-07,-0.974579,0.224045,3.96557e-07,-0.974579,0.224045,3.96557e-07,-0.974579,-1,0,0,-1,0,0,-1,0,0,-1,0,0]},"texCoord0":{"type":"float32","components":2,"data":[41.3812,1.63103,41.3812,0.636659,42.3798,1.63103,42.3798,0.636659,42.3798,1.63103,41.3812,0.636659,0.860572,0.0876096,0.860572,0.0876096,0.860572,0.0877088,0.860572,0.0877088,0.860563,0.0877088,0.860572,0.0877088,0.860572,0.0877088,0.860572,0.0877088,0.860472,0.0877088,0.860496,0.0877088,0.860472,0.0877088,0.860496,0.0877088,0.860472,0.0877088,0.860572,0.0876096,0.860572,0.0876096,0.860563,0.0876096,0.860572,0.0876096,0.860496,0.0876096,0.860472,0.0876096,0.860472,0.0876096,0.860472,0.0876096,0.860496,0.0876096,0.860472,0.0876096,0.860572,0.0876096,0.860572,0.0876096,0.860572,0.0876096,0.860472,0.0876096,0.860472,0.0876096,0.860472,0.0876096,0.860472,0.0876096,0.860472,0.0876096,0.860472,0.0876096]}}],"meshes":[{"aabb":{"min":[-3289.14,696.094,-1312.35],"max":[-2989.14,996.094,-1221.65]},"vertices":0,"indices":[0,1,2,3,4,5],"type":"triangles","base":0,"count":6},{"aabb":{"min":[-3289.14,696.094,-1312.35],"max":[-2989.14,996.094,-1221.65]},"vertices":0,"indices":[6,7,8,9,8,7,10,11,12,13,14,15,16,17,18,19,20,21,22,23,24,25,26,27,28,29,30,31,32,33],"type":"triangles","base":0,"count":30},{"aabb":{"min":[-3289.14,696.094,-1312.35],"max":[-2989.14,996.094,-1221.65]},"vertices":0,"indices":[34,35,36,36,37,34],"type":"triangles","base":0,"count":6}],"meshInstances":[{"node":1,"mesh":0},{"node":1,"mesh":1},{"node":1,"mesh":2}]}}