{"model":{"version":3,"nodes":[{"name":"RootNode","position":[0,0,0],"rotation":[0,0,0],"scale":[0.0254,0.0254,0.0254],"scaleCompensation":false},{"name":"Mesh1 Square_corner_1 Model 180","position":[0,0,0],"rotation":[-90,0,0],"scale":[1,1,1],"scaleCompensation":false}],"parents":[-1,0],"skins":[],"morphs":[],"vertices":[{"position":{"type":"float32","components":3,"data":[-59.055,-59.0549,17.3228,-59.055,-59.0549,1.75997e-06,47.2441,-59.0549,4.54747e-12,47.2441,-59.0549,17.3228,59.055,59.0549,17.3228,47.2441,59.0549,17.3228,47.2441,-47.2441,17.3228,59.055,-47.2441,17.3228,59.055,59.0549,17.3228,59.055,-47.2441,17.3228,59.055,-47.2441,6.36646e-12,59.055,59.0549,-1.17331e-06,59.055,59.0549,-1.17331e-06,47.2441,59.0549,-1.17332e-06,47.2441,59.0549,7.48031,47.2441,59.0549,17.3228,59.055,59.0549,17.3228,59.055,-47.2441,6.36646e-12,59.055,-47.2441,17.3228,47.2441,-59.0549,17.3228,47.2441,-59.0549,4.54747e-12,-59.055,47.2441,7.48031,-47.2441,59.0549,7.48031,-47.2441,59.0549,17.3228,-59.055,47.2441,17.3228,-59.055,59.0549,17.3228,-59.055,47.2441,17.3228,-47.2441,59.0549,17.3228,-47.2441,59.0549,17.3228,-47.2441,59.0549,7.48031,-47.2441,59.0549,-1.17332e-06,-59.055,59.0549,-2.34664e-06,-59.055,59.0549,17.3228,-59.055,59.0549,17.3228,-59.055,59.0549,-2.34664e-06,-59.055,47.2441,-5.45697e-12,-59.055,47.2441,7.48031,-59.055,47.2441,17.3228,-59.055,-47.2441,17.3228,-59.055,-47.2441,7.48031,-59.055,-47.2441,-4.54747e-12,-59.055,-59.0549,1.75997e-06,-59.055,-59.0549,17.3228,47.2441,-47.2441,17.3228,47.2441,-47.2441,7.48031,-59.055,-47.2441,7.48031,-59.055,-47.2441,17.3228,47.2441,59.0549,17.3228,47.2441,59.0549,7.48031,47.2441,-47.2441,7.48031,47.2441,-47.2441,17.3228,47.2441,-47.2441,17.3228,-59.055,-47.2441,17.3228,-59.055,-59.0549,17.3228,47.2441,-59.0549,17.3228,47.2441,-59.0549,17.3228,59.055,-47.2441,17.3228,47.2441,-47.2441,17.3228]},"normal":{"type":"float32","components":3,"data":[3.69062e-09,-1,-1.97565e-07,-3.646e-15,-1,-2.20212e-07,0.382683,-0.92388,-1.22565e-08,0.382683,-0.92388,4.31129e-08,0,0,1,0,0,1,-4.21341e-10,3.79213e-09,1,0,0,1,1,3.58865e-08,-8.12721e-16,0.923879,-0.382684,8.42716e-08,0.923879,-0.382684,4.11587e-08,1,3.58865e-08,0,0,1,0,0,1,0,0,1,0,0,1,0,0,1,0,0.923879,-0.382684,4.11587e-08,0.923879,-0.382684,8.42716e-08,0.382683,-0.92388,4.31129e-08,0.382683,-0.92388,-1.22565e-08,0.707108,-0.707106,3.62305e-07,0.707108,-0.707105,0,0.707108,-0.707106,1.85806e-07,0.707108,-0.707106,5.4811e-07,0,0,1,0,0,1,0,0,1,0,1,0,1,0,0,0,1,0,0,1,0,0,1,0,-1,-3.22983e-07,1.10731e-13,-1,-3.22983e-07,0,-1,-3.22982e-07,0,-1,-3.22983e-07,6.98139e-14,-1,-3.22983e-07,2.50359e-13,-1,0,0,1,0,0,-1,0,0,-1,0,0,-1,0,0,-3.86314e-07,1,-9.11238e-08,-3.94751e-07,1,0,-2.59643e-07,1,-1.45917e-06,-2.51205e-07,1,-1.55029e-06,-1,-4.30638e-07,0,-1,-4.30638e-07,0,-1,-4.30638e-07,0,-1,-4.30638e-07,0,-4.21341e-10,3.79213e-09,1,-1.79433e-08,1.61492e-07,1,-1.66792e-08,1.50115e-07,1,0,0,1,0,0,1,0,0,1,-4.21341e-10,3.79213e-09,1]},"texCoord0":{"type":"float32","components":2,"data":[0.313769,0.111314,0.313778,0.111314,0.313778,0.111257,0.313769,0.111257,0.113765,0.50154,0.113774,0.50154,0.113774,0.501622,0.113765,0.501622,0.313778,0.111308,0.313778,0.111249,0.313769,0.111249,0.313769,0.111308,0.313778,0.111251,0.313778,0.111257,0.313774,0.111257,0.313769,0.111257,0.313769,0.111251,0.313779,0.111314,0.313779,0.111303,0.31378,0.111303,0.31378,0.111314,0.31378,0.111305,0.31378,0.111307,0.313769,0.111307,0.313769,0.111305,0.113776,0.501613,0.113776,0.501624,0.113775,0.501624,0.313769,0.111308,0.313774,0.111308,0.313778,0.111308,0.313778,0.111314,0.313769,0.111314,0.313778,0.111308,0.313769,0.111308,0.313769,0.111301,0.313773,0.111301,0.313778,0.111301,0.313778,0.111249,0.313773,0.111249,0.313769,0.111249,0.313769,0.111243,0.313778,0.111243,0.313769,0.111257,0.313774,0.111257,0.313774,0.111314,0.313769,0.111314,0.313778,0.111308,0.313773,0.111308,0.313773,0.111249,0.313778,0.111249,0.113765,0.501622,0.113765,0.50154,0.113774,0.50154,0.113774,0.501622,0.113774,0.501603,0.113773,0.501603,0.113774,0.501594]}}],"meshes":[{"aabb":{"min":[-59.055,-59.0549,-2.34664e-06],"max":[59.055,59.0549,17.3228]},"vertices":0,"indices":[0,1,2,2,3,0,4,5,6,6,7,4,8,9,10,10,11,8,12,13,14,12,14,15,12,15,16,17,18,19,19,20,17,21,22,23,23,24,21,25,26,27,28,29,30,28,30,31,28,31,32,33,34,35,33,35,36,33,36,37,38,39,40,38,40,41,38,41,42,43,44,45,45,46,43,47,48,49,49,50,47,51,52,53,53,54,51,55,56,57],"type":"triangles","base":0,"count":90}],"meshInstances":[{"node":1,"mesh":0}]}}