{"model":{"version":3,"nodes":[{"name":"RootNode","position":[0,0,0],"rotation":[0,0,0],"scale":[0.0254,0.0254,0.0254],"scaleCompensation":false},{"name":"LEVEL73-rampaborde","position":[0,0,0],"rotation":[-90,-0,0],"scale":[0.3937,0.3937,0.3937],"scaleCompensation":false}],"parents":[-1,0],"skins":[],"morphs":[],"vertices":[{"position":{"type":"float32","components":3,"data":[-889.137,97.1958,-945.4,-889.137,127.196,-945.4,-1189.14,97.1958,-1121.4,-1189.14,127.196,-1121.4,-1189.14,97.1958,-1121.4,-889.137,127.196,-945.4,-889.137,967.195,-945.4,-889.137,997.196,-945.4,-1189.14,967.195,-1121.4,-1189.14,997.196,-1121.4,-889.137,997.196,-945.4,-889.137,97.1958,-1018.45,-889.137,127.196,-1018.45,-889.137,127.196,-945.4,-889.137,97.1958,-945.4,-1189.14,97.1958,-1194.45,-889.137,97.1958,-1018.45,-889.137,97.1958,-945.4,-1189.14,97.1958,-1121.4,-1189.14,127.196,-1194.45,-1189.14,97.1958,-1194.45,-1189.14,97.1958,-1121.4,-1189.14,127.196,-1121.4,-889.137,127.196,-1018.45,-1189.14,127.196,-1194.45,-1189.14,127.196,-1121.4,-1189.14,127.196,-1121.4,-889.137,127.196,-945.4,-889.137,127.196,-1018.45,-889.137,967.195,-1018.45,-889.137,997.196,-1018.45,-889.137,997.196,-945.4,-889.137,967.195,-945.4,-1189.14,967.195,-1194.45,-889.137,967.195,-1018.45,-889.137,967.195,-945.4,-1189.14,967.195,-1121.4,-1189.14,997.196,-1194.45,-1189.14,967.195,-1194.45,-1189.14,967.195,-1121.4,-1189.14,997.196,-1121.4,-889.137,997.196,-1018.45,-1189.14,997.196,-1194.45,-1189.14,997.196,-1121.4,-889.137,997.196,-945.4]},"normal":{"type":"float32","components":3,"data":[-0.506011,-1.7548e-06,0.862527,-0.506011,-1.7548e-06,0.862527,-0.506011,-1.7548e-06,0.862527,-0.506011,-3.50961e-06,0.862527,-0.506011,-3.50961e-06,0.862527,-0.506011,-3.50961e-06,0.862527,-0.506011,0,0.862527,-0.506011,0,0.862527,-0.506011,0,0.862527,-0.506011,0,0.862527,-0.506011,0,0.862527,1,0,0,1,0,0,1,0,0,1,0,0,-6.58853e-08,-1,-1.04439e-07,-6.58853e-08,-1,-1.04439e-07,-6.58853e-08,-1,-1.04439e-07,-6.58853e-08,-1,-1.04439e-07,-1,0,0,-1,0,0,-1,0,0,-1,0,0,4.61525e-09,1,2.08877e-07,4.61525e-09,1,2.08877e-07,4.61525e-09,1,2.08877e-07,4.61519e-09,1,2.08877e-07,4.61519e-09,1,2.08877e-07,4.61519e-09,1,2.08877e-07,1,0,0,1,0,0,1,0,0,1,0,0,-6.10346e-07,-1,0,-6.10346e-07,-1,0,-6.10346e-07,-1,0,-6.10346e-07,-1,0,-1,0,0,-1,0,0,-1,0,0,-1,0,0,0,1,0,0,1,0,0,1,0,0,1,0]},"texCoord0":{"type":"float32","components":2,"data":[0.0544374,0.501578,0.054428,0.501578,0.0544374,0.501479,0.054428,0.501479,0.0544374,0.501479,0.054428,0.501578,0.0544374,0.501578,0.054428,0.501578,0.0544374,0.501479,0.054428,0.501479,0.054428,0.501578,0.0544374,0.501578,0.054428,0.501578,0.054428,0.501578,0.0544374,0.501578,0.0544374,0.501479,0.0544374,0.501578,0.0544374,0.501578,0.0544374,0.501479,0.054428,0.501479,0.0544374,0.501479,0.0544374,0.501479,0.054428,0.501479,0.054428,0.501578,0.054428,0.501479,0.054428,0.501479,0.054428,0.501479,0.054428,0.501578,0.054428,0.501578,0.0544374,0.501578,0.054428,0.501578,0.054428,0.501578,0.0544374,0.501578,0.0544374,0.501479,0.0544374,0.501578,0.0544374,0.501578,0.0544374,0.501479,0.054428,0.501479,0.0544374,0.501479,0.0544374,0.501479,0.054428,0.501479,0.054428,0.501578,0.054428,0.501479,0.054428,0.501479,0.054428,0.501578]}}],"meshes":[{"aabb":{"min":[-1189.14,97.1958,-1194.45],"max":[-889.137,997.196,-945.4]},"vertices":0,"indices":[0,1,2,3,4,5,6,7,8,9,8,10,11,12,13,13,14,11,15,16,17,17,18,15,19,20,21,21,22,19,23,24,25,26,27,28,29,30,31,31,32,29,33,34,35,35,36,33,37,38,39,39,40,37,41,42,43,43,44,41],"type":"triangles","base":0,"count":60}],"meshInstances":[{"node":1,"mesh":0}]}}