{"model":{"version":3,"nodes":[{"name":"RootNode","position":[0,0,0],"rotation":[0,0,0],"scale":[0.0254,0.0254,0.0254],"scaleCompensation":false},{"name":"golf_desert_piedrachicaB","position":[0,0,0],"rotation":[-90,-0,0],"scale":[1,1,1],"scaleCompensation":false}],"parents":[-1,0],"skins":[],"morphs":[],"vertices":[{"position":{"type":"float32","components":3,"data":[-77.668,12.9446,74.7273,-90.7588,-11.6216,16.0319,-64.1882,-24.2458,75.2524,-33.3972,86.1975,4.98857,-73.0581,65.8323,12.8013,-59.5203,63.5176,66.6209,-59.5203,63.5176,66.6209,-31.4329,86.5088,61.6208,-33.3972,86.1975,4.98857,70.3936,16.7769,69.707,28.0291,83.8049,63.9399,-0.486084,-64.5872,62.1805,36.2959,82.4629,58.6887,70.3936,16.7769,69.707,89.7085,7.73169,61.2063,29.9353,98.7629,0.138836,20.4045,98.7629,62.4778,36.2959,82.4629,58.6887,29.9353,98.7629,0.138836,-33.3972,86.1975,4.98857,-31.4329,86.5088,61.6208,-31.4329,86.5088,61.6208,20.4045,98.7629,62.4778,29.9353,98.7629,0.138836,-91.3032,12.4392,15.0531,-77.668,12.9446,74.7273,-59.5203,63.5176,66.6209,-1.03076,-98.7627,43.7195,91.3035,-5.7478,10.1108,89.7085,7.73169,61.2063,89.7085,7.73169,61.2063,-0.486084,-64.5872,62.1805,-1.03076,-98.7627,43.7195,-69.6736,11.8752,79.1337,-59.5203,63.5176,66.6209,-77.668,12.9446,74.7273,-0.486084,-64.5872,62.1805,89.7085,7.73169,61.2063,70.3936,16.7769,69.707,89.7085,7.73169,61.2063,91.3035,-5.7478,10.1108,29.9353,98.7629,0.138836,29.9353,98.7629,0.138836,36.2959,82.4629,58.6887,89.7085,7.73169,61.2063,-59.5203,63.5176,66.6209,-69.6736,11.8752,79.1337,-35.9456,76.7834,69.7173,70.3936,16.7769,69.707,36.2959,82.4629,58.6887,28.0291,83.8049,63.9399,-69.6736,11.8752,79.1337,-0.486084,-64.5872,62.1805,-35.9456,76.7834,69.7173,36.2959,82.4629,58.6887,20.4045,98.7629,62.4778,28.0291,83.8049,63.9399,-91.3032,12.4392,15.0531,-90.7588,-11.6216,16.0319,-77.668,12.9446,74.7273,-35.9456,76.7834,69.7173,-0.486084,-64.5872,62.1805,28.0291,83.8049,63.9399,-73.0581,65.8323,12.8013,-91.3032,12.4392,15.0531,-59.5203,63.5176,66.6209,20.4045,98.7629,62.4778,-31.4329,86.5088,61.6208,-35.9456,76.7834,69.7173,-35.9456,76.7834,69.7173,28.0291,83.8049,63.9399,20.4045,98.7629,62.4778,-31.4329,86.5088,61.6208,-59.5203,63.5176,66.6209,-35.9456,76.7834,69.7173,-1.03076,-98.7627,43.7195,-0.486084,-64.5872,62.1805,-64.1882,-24.2458,75.2524,-64.1882,-24.2458,75.2524,-90.7588,-11.6216,16.0319,-1.03076,-98.7627,43.7195,-64.1882,-24.2458,75.2524,-0.486084,-64.5872,62.1805,-69.6736,11.8752,79.1337,-77.668,12.9446,74.7273,-64.1882,-24.2458,75.2524,-69.6736,11.8752,79.1337]},"normal":{"type":"float32","components":3,"data":[-0.88863,-0.317411,0.331039,-0.88863,-0.317411,0.331039,-0.88863,-0.317411,0.331039,-0.428927,0.891425,0.146232,-0.428927,0.891425,0.146232,-0.428927,0.891425,0.146232,-0.631432,0.775231,0.0176409,-0.631432,0.775231,0.0176409,-0.631432,0.775231,0.0176409,-0.11794,0.0108906,0.992961,-0.11794,0.0108906,0.992961,-0.11794,0.0108906,0.992961,0.51895,0.396422,0.757324,0.51895,0.396422,0.757324,0.51895,0.396422,0.757324,0.724367,0.680461,0.110746,0.724367,0.680461,0.110746,0.724367,0.680461,0.110746,-0.194511,0.980899,0.00135531,-0.194511,0.980899,0.00135531,-0.194511,0.9809,0.00135531,-0.229365,0.972709,-0.0350667,-0.229365,0.972709,-0.0350667,-0.229365,0.972709,-0.0350667,-0.910347,0.359525,0.204965,-0.910347,0.359525,0.204965,-0.910347,0.359525,0.204965,0.730411,-0.654445,0.195449,0.730411,-0.654445,0.195449,0.730411,-0.654445,0.195449,0.366936,-0.446641,0.816008,0.366936,-0.446641,0.816008,0.366936,-0.446641,0.816008,-0.431513,0.291678,0.853652,-0.431512,0.291678,0.853652,-0.431512,0.291678,0.853652,0.257947,-0.309376,0.915287,0.257947,-0.309376,0.915287,0.257947,-0.309376,0.915287,0.861951,0.49621,-0.103999,0.861951,0.49621,-0.103999,0.861951,0.49621,-0.103999,0.81016,0.581534,0.0738846,0.81016,0.581534,0.0738846,0.81016,0.581534,0.0738846,-0.27691,0.277357,0.919997,-0.27691,0.277357,0.919997,-0.27691,0.277357,0.919997,0.536453,0.402864,0.741565,0.536453,0.402864,0.741565,0.536453,0.402864,0.741565,0.249343,0.0109171,0.968354,0.249343,0.0109171,0.968354,0.249343,0.0109171,0.968354,0.542013,0.35092,0.763595,0.542013,0.35092,0.763595,0.542013,0.35092,0.763595,-0.974768,-0.0129915,0.22284,-0.974768,-0.0129915,0.22284,-0.974769,-0.0129915,0.22284,0.0931338,-0.0296962,0.995211,0.0931338,-0.0296962,0.995211,0.0931338,-0.0296962,0.995211,-0.914502,0.322785,0.243918,-0.914502,0.322785,0.243918,-0.914502,0.322785,0.243918,-0.171684,0.676148,0.716483,-0.171684,0.676148,0.716483,-0.171684,0.676148,0.716483,0.0744661,0.134544,0.988106,0.0744661,0.134544,0.988106,0.0744661,0.134544,0.988106,-0.459495,0.684447,0.566036,-0.459495,0.684447,0.566036,-0.459495,0.684447,0.566036,-0.118498,-0.470462,0.874428,-0.118498,-0.470462,0.874428,-0.118498,-0.470462,0.874428,-0.713207,-0.678674,0.17532,-0.713207,-0.678675,0.17532,-0.713207,-0.678674,0.17532,0.149513,-0.0831628,0.985256,0.149513,-0.0831628,0.985256,0.149513,-0.0831628,0.985256,-0.492974,-0.166621,0.85394,-0.492974,-0.166621,0.85394,-0.492974,-0.166621,0.85394]},"texCoord0":{"type":"float32","components":2,"data":[0.578035,0.042097,0.579497,0.041238,0.579301,0.04287,0.571959,0.041935,0.573534,0.039927,0.574968,0.042945,0.574968,0.042945,0.574717,0.043279,0.571959,0.041935,0.580839,0.048263,0.575142,0.045868,0.581578,0.045706,0.575203,0.046307,0.580839,0.048263,0.581077,0.048906,0.57179,0.047167,0.57466,0.045389,0.574892,0.046213,0.57179,0.047167,0.571959,0.041935,0.574717,0.043279,0.574717,0.043279,0.57466,0.045389,0.57179,0.047167,0.578632,0.039019,0.578035,0.042097,0.576716,0.041884,0.583516,0.045147,0.583426,0.050856,0.581379,0.048803,0.581379,0.048803,0.582222,0.045517,0.583516,0.045147,0.578008,0.042442,0.576716,0.041884,0.578035,0.042097,0.582222,0.045517,0.581379,0.048803,0.580839,0.048263,0.581077,0.048906,0.582278,0.051276,0.581765,0.051888,0.581765,0.051888,0.575203,0.046307,0.581077,0.048906,0.576028,0.04224,0.578008,0.042442,0.575273,0.043216,0.580839,0.048263,0.575203,0.046307,0.575142,0.045868,0.578008,0.042442,0.581578,0.045706,0.575273,0.043216,0.574892,0.046213,0.57466,0.045389,0.575142,0.045868,0.578632,0.039019,0.579497,0.041238,0.578035,0.042097,0.575273,0.043216,0.581578,0.045706,0.575142,0.045868,0.575178,0.039038,0.578417,0.038875,0.576716,0.041884,0.57466,0.045389,0.574717,0.043279,0.575273,0.043216,0.575273,0.043216,0.575142,0.045868,0.57466,0.045389,0.574717,0.043279,0.574968,0.042945,0.575273,0.043216,0.583516,0.045147,0.582222,0.045517,0.579301,0.04287,0.579301,0.04287,0.579497,0.041238,0.583516,0.045147,0.579301,0.04287,0.581578,0.045706,0.578008,0.042442,0.578035,0.042097,0.579301,0.04287,0.578008,0.042442]}}],"meshes":[{"aabb":{"min":[-91.3032,-98.7627,0.138836],"max":[91.3035,98.7629,79.1337]},"vertices":0,"indices":[0,1,2,3,4,5,6,7,8,9,10,11,12,13,14,15,16,17,18,19,20,21,22,23,24,25,26,27,28,29,30,31,32,33,34,35,36,37,38,39,40,41,42,43,44,45,46,47,48,49,50,51,52,53,54,55,56,57,58,59,60,61,62,63,64,65,66,67,68,69,70,71,72,73,74,75,76,77,78,79,80,81,82,83,84,85,86],"type":"triangles","base":0,"count":87}],"meshInstances":[{"node":1,"mesh":0}]}}