{"model":{"version":3,"nodes":[{"name":"RootNode","position":[0,0,0],"rotation":[0,0,0],"scale":[0.0254,0.0254,0.0254],"scaleCompensation":false},{"name":"LEVEL8-flechas","position":[0,0,0],"rotation":[-90,-0,0],"scale":[1,1,1],"scaleCompensation":false}],"parents":[-1,0],"skins":[],"morphs":[],"vertices":[{"position":{"type":"float32","components":3,"data":[-1601.24,829.151,-480.567,-1601.24,783.764,-480.567,-1580.28,806.535,-475.301,-1565.12,829.151,-471.442,-1565.12,783.764,-471.442,-1544.16,806.535,-466.175,-1636.45,829.151,-489.359,-1636.45,783.764,-489.359,-1615.48,806.535,-484.093,-1602.73,832.98,-480.941,-1602.73,779.917,-480.941,-1601.24,783.764,-480.567,-1601.24,783.764,-480.567,-1601.24,829.151,-480.567,-1602.73,832.98,-480.941,-1602.73,779.917,-480.941,-1578.22,806.538,-474.784,-1580.28,806.535,-475.301,-1580.28,806.535,-475.301,-1601.24,783.764,-480.567,-1602.73,779.917,-480.941,-1578.22,806.538,-474.784,-1602.73,832.98,-480.941,-1601.24,829.151,-480.567,-1601.24,829.151,-480.567,-1580.28,806.535,-475.301,-1578.22,806.538,-474.784,-1566.61,832.98,-471.816,-1566.61,779.917,-471.816,-1565.12,783.764,-471.442,-1565.12,783.764,-471.442,-1565.12,829.151,-471.442,-1566.61,832.98,-471.816,-1566.61,779.917,-471.816,-1542.1,806.538,-465.658,-1544.16,806.535,-466.175,-1544.16,806.535,-466.175,-1565.12,783.764,-471.442,-1566.61,779.917,-471.816,-1542.1,806.538,-465.658,-1566.61,832.98,-471.816,-1565.12,829.151,-471.442,-1565.12,829.151,-471.442,-1544.16,806.535,-466.175,-1542.1,806.538,-465.658,-1637.93,832.98,-489.734,-1637.93,779.917,-489.734,-1636.45,783.764,-489.359,-1636.45,783.764,-489.359,-1636.45,829.151,-489.359,-1637.93,832.98,-489.734,-1637.93,779.917,-489.734,-1613.42,806.538,-483.576,-1615.48,806.535,-484.093,-1615.48,806.535,-484.093,-1636.45,783.764,-489.359,-1637.93,779.917,-489.734,-1613.42,806.538,-483.576,-1637.93,832.98,-489.734,-1636.45,829.151,-489.359,-1636.45,829.151,-489.359,-1615.48,806.535,-484.093,-1613.42,806.538,-483.576]},"normal":{"type":"float32","components":3,"data":[-0.243642,0,0.969865,-0.243642,0,0.969865,-0.243642,0,0.969865,-0.243644,0,0.969865,-0.243644,0,0.969865,-0.243644,0,0.969865,-0.243633,0,0.969868,-0.243633,0,0.969867,-0.243633,0,0.969868,-0.243658,0,0.969861,-0.243658,0,0.969861,-0.243658,0,0.969861,-0.243658,0,0.969861,-0.243658,0,0.969861,-0.243658,0,0.969861,-0.243646,2.50418e-06,0.969864,-0.243646,2.50418e-06,0.969864,-0.243646,2.50418e-06,0.969864,-0.243631,-1.10285e-05,0.969868,-0.243631,-1.10285e-05,0.969868,-0.243631,-1.10285e-05,0.969868,-0.243633,1.01715e-05,0.969867,-0.243633,1.01715e-05,0.969867,-0.243633,1.01715e-05,0.969867,-0.243646,-3.77219e-06,0.969864,-0.243646,-3.77219e-06,0.969864,-0.243646,-3.77219e-06,0.969864,-0.24362,0,0.969871,-0.24362,0,0.969871,-0.24362,0,0.969871,-0.24362,0,0.969871,-0.24362,0,0.969871,-0.24362,0,0.969871,-0.243646,3.68901e-06,0.969864,-0.243646,3.68901e-06,0.969864,-0.243646,3.68901e-06,0.969864,-0.243661,1.65089e-05,0.969861,-0.243661,1.65089e-05,0.969861,-0.243661,1.65089e-05,0.969861,-0.243658,-1.5726e-05,0.969861,-0.243658,-1.5726e-05,0.969861,-0.243658,-1.5726e-05,0.969861,-0.243646,-2.52138e-06,0.969864,-0.243646,-2.52138e-06,0.969864,-0.243646,-2.52138e-06,0.969864,-0.243657,-5.57784e-07,0.969862,-0.243656,-5.57784e-07,0.969862,-0.243657,-5.57784e-07,0.969862,-0.243639,0,0.969866,-0.243639,0,0.969866,-0.243639,0,0.969866,-0.243646,1.03213e-05,0.969864,-0.243646,1.03213e-05,0.969864,-0.243646,1.03213e-05,0.969864,-0.243615,-1.76356e-05,0.969872,-0.243615,-1.76356e-05,0.969872,-0.243615,-1.76356e-05,0.969872,-0.243631,3.32823e-06,0.969868,-0.243631,3.32823e-06,0.969868,-0.243631,3.32823e-06,0.969868,-0.243646,-1.29247e-05,0.969864,-0.243646,-1.29247e-05,0.969864,-0.243646,-1.29247e-05,0.969864]},"texCoord0":{"type":"float32","components":2,"data":[0.859017,0.880883,0.859017,0.880883,0.859017,0.880883,0.859017,0.880883,0.859017,0.880883,0.859017,0.880883,0.859017,0.880883,0.859017,0.880883,0.859017,0.880883,0.948801,0.882243,0.948801,0.882017,0.948801,0.882017,0.948801,0.882017,0.948801,0.882243,0.948801,0.882243,0.948801,0.882017,0.948876,0.882243,0.948876,0.882243,0.948876,0.882243,0.948801,0.882017,0.948801,0.882017,0.948876,0.882243,0.948801,0.882243,0.948801,0.882243,0.948801,0.882243,0.948876,0.882243,0.948876,0.882243,0.948801,0.882243,0.948801,0.882017,0.948801,0.882017,0.948801,0.882017,0.948801,0.882243,0.948801,0.882243,0.948801,0.882017,0.948876,0.882243,0.948876,0.882243,0.948876,0.882243,0.948801,0.882017,0.948801,0.882017,0.948876,0.882243,0.948801,0.882243,0.948801,0.882243,0.948801,0.882243,0.948876,0.882243,0.948876,0.882243,0.948801,0.882243,0.948801,0.882017,0.948801,0.882017,0.948801,0.882017,0.948801,0.882243,0.948801,0.882243,0.948801,0.882017,0.948876,0.882243,0.948876,0.882243,0.948876,0.882243,0.948801,0.882017,0.948801,0.882017,0.948876,0.882243,0.948801,0.882243,0.948801,0.882243,0.948801,0.882243,0.948876,0.882243,0.948876,0.882243]}}],"meshes":[{"aabb":{"min":[-1637.93,779.917,-489.734],"max":[-1542.1,832.98,-465.658]},"vertices":0,"indices":[0,1,2,3,4,5,6,7,8,9,10,11,12,13,14,15,16,17,18,19,20,21,22,23,24,25,26,27,28,29,30,31,32,33,34,35,36,37,38,39,40,41,42,43,44,45,46,47,48,49,50,51,52,53,54,55,56,57,58,59,60,61,62],"type":"triangles","base":0,"count":63}],"meshInstances":[{"node":1,"mesh":0}]}}