{"model":{"version":3,"nodes":[{"name":"RootNode","position":[0,0,0],"rotation":[0,0,0],"scale":[0.0254,0.0254,0.0254],"scaleCompensation":false},{"name":"Mesh1 Split_walls_to_open Model 90","position":[0,0,0],"rotation":[-90,0,0],"scale":[1,1,1],"scaleCompensation":false}],"parents":[-1,0],"skins":[],"morphs":[],"vertices":[{"position":{"type":"float32","components":3,"data":[-47.2441,59.0549,17.3228,-47.2441,59.0549,7.4803,-47.2441,59.0549,-1.0513e-05,-59.055,59.0549,-1.58398e-05,-59.055,59.0549,17.3228,-59.055,59.0549,-1.58398e-05,-59.055,47.2441,-1.65907e-05,-59.055,47.2441,7.4803,-59.055,47.2441,17.3228,-59.055,59.0549,17.3228,-47.2441,59.0549,17.3228,-59.055,59.0549,17.3228,-59.055,47.2441,17.3228,-59.055,-47.2441,17.3228,-47.2441,-59.0549,17.3228,-47.2441,-59.0549,7.48029,-59.055,-47.2441,7.48028,-59.0549,-59.0549,17.3228,-47.2441,-59.0549,17.3228,-59.055,-47.2441,17.3228,-59.0549,-59.0549,17.3228,-59.0549,-59.0549,-3.44957e-05,-47.2441,-59.0549,-2.91688e-05,-47.2441,-59.0549,7.48029,-47.2441,-59.0549,17.3228,-59.055,-47.2441,17.3228,-59.055,-47.2441,7.48028,-59.055,-47.2441,-3.19848e-05,-59.0549,-59.0549,-3.44957e-05,-59.0549,-59.0549,17.3228,-59.055,5.90551,-2.33256e-05,-59.055,-5.90552,-2.52499e-05,-59.055,-5.90552,7.48029,-59.0549,-5.90552,17.3228,-59.055,5.9055,17.3228,-59.0549,5.90551,7.48029,-59.0549,5.90551,7.48029,-59.055,5.9055,17.3228,-47.2441,5.90551,17.3228,-47.2441,5.90551,7.4803,-47.2441,-5.90552,7.48029,-47.2441,5.90551,7.4803,-47.2441,5.90551,17.3228,-47.2441,-5.90552,17.3228,-59.055,5.9055,17.3228,-59.0549,-5.90552,17.3228,-47.2441,-5.90552,17.3228,-47.2441,5.90551,17.3228,-47.2441,-5.90552,17.3228,-59.0549,-5.90552,17.3228,-59.055,-5.90552,7.48029,-47.2441,-5.90552,7.48029,-47.2441,59.0549,17.3228,-59.055,47.2441,17.3228,-59.055,47.2441,7.4803,-47.2441,59.0549,7.4803]},"normal":{"type":"float32","components":3,"data":[-8.18653e-14,1,2.20212e-07,-0.321296,-0.946979,-4.9155e-07,-9.9318e-14,1,2.20212e-07,-8.85775e-14,1,2.20212e-07,-7.11248e-14,1,2.20212e-07,-1,-3.91912e-08,-3.51076e-07,-1,3.24227e-14,-5.09965e-07,-1,2.19535e-07,-1.63336e-07,-1,-7.68957e-08,-2.7264e-07,-1,-3.22983e-07,-4.40424e-07,-3.22983e-07,-1.61492e-07,1,-3.22983e-07,-1.61492e-07,1,-3.22983e-07,-1.61492e-07,1,0.707106,0.707108,5.48111e-07,0.707106,0.707108,5.48111e-07,0.707106,0.707108,5.48111e-07,0.707106,0.707108,5.48111e-07,-3.22982e-07,-1.61492e-07,1,-3.22982e-07,-1.61492e-07,1,-3.22982e-07,-1.61492e-07,1,-2.65895e-07,-1,-2.55312e-07,-3.22982e-07,-1,-2.20212e-07,-1.99939e-07,-1,-1.3632e-07,-9.00654e-08,-1,-1.08077e-07,-3.22982e-07,-1,-3.87573e-07,-1,0.000200884,-2.72572e-07,-0.396436,0.918062,2.02168e-07,-1,-1.29193e-06,-2.84499e-13,-1,-1.04585e-06,-1.67784e-07,-1,-6.45967e-07,-4.40424e-07,-1,5.67667e-08,2.83911e-07,-1,3.22978e-07,5.09965e-07,-1,2.7029e-07,4.26774e-07,-1,-1.06421e-07,1.47652e-07,-1,-3.22978e-07,-5.33427e-14,0.0510698,0.998695,1.64944e-07,-3.22983e-07,1,1.4534e-07,-3.22983e-07,1,1.4534e-07,-3.22983e-07,1,1.4534e-07,-3.22983e-07,1,1.4534e-07,1,3.22978e-07,3.87573e-07,1,3.22978e-07,3.87573e-07,1,3.22978e-07,3.87573e-07,1,3.22978e-07,3.87573e-07,-3.22983e-07,-3.22978e-07,1,-3.22983e-07,-3.22978e-07,1,-3.22983e-07,-3.22978e-07,1,-3.22983e-07,-3.22978e-07,1,3.22983e-07,-1,-1.4534e-07,3.22983e-07,-1,-1.4534e-07,3.22983e-07,-1,-1.4534e-07,3.22983e-07,-1,-1.4534e-07,0.707107,-0.707107,-9.2903e-08,0.707107,-0.707107,-2.74056e-07,0.707107,-0.707107,-1.81153e-07,0.707107,-0.707107,0]},"texCoord0":{"type":"float32","components":2,"data":[0.313778,0.111298,0.313773,0.111298,0.313769,0.111298,0.313769,0.111304,0.313778,0.111304,0.31377,0.111318,0.313772,0.111318,0.313772,0.111319,0.313772,0.11132,0.31377,0.11132,0.113765,0.501625,0.113765,0.501614,0.113776,0.501614,0.313769,0.111307,0.313769,0.111305,0.31378,0.111305,0.31378,0.111307,0.113776,0.501613,0.113776,0.501625,0.113775,0.501625,0.313778,0.111304,0.313769,0.111304,0.313769,0.111298,0.313773,0.111298,0.313778,0.111298,0.313769,0.111284,0.313774,0.111284,0.313778,0.111284,0.313778,0.11129,0.313769,0.11129,0.313776,0.11132,0.313778,0.11132,0.313778,0.111321,0.313778,0.111322,0.313776,0.111322,0.313776,0.111321,0.313773,0.111304,0.313778,0.111304,0.313778,0.111298,0.313773,0.111298,0.313774,0.111261,0.313774,0.111255,0.313769,0.111255,0.313769,0.111261,0.113765,0.501613,0.113776,0.501613,0.113776,0.501625,0.113765,0.501625,0.313778,0.111298,0.313778,0.111304,0.313773,0.111304,0.313773,0.111298,0.31378,0.111324,0.31378,0.111326,0.313769,0.111326,0.313769,0.111324]}}],"meshes":[{"aabb":{"min":[-59.055,-59.0549,-3.44957e-05],"max":[-47.2441,59.0549,17.3228]},"vertices":0,"indices":[0,1,2,0,2,3,0,3,4,5,6,7,5,7,8,5,8,9,10,11,12,13,14,15,15,16,13,17,18,19,20,21,22,20,22,23,20,23,24,25,26,27,25,27,28,25,28,29,30,31,32,30,32,33,30,33,34,30,34,35,36,37,38,38,39,36,40,41,42,42,43,40,44,45,46,46,47,44,48,49,50,50,51,48,52,53,54,54,55,52],"type":"triangles","base":0,"count":90}],"meshInstances":[{"node":1,"mesh":0}]}}