{"model":{"version":3,"nodes":[{"name":"RootNode","position":[0,0,0],"rotation":[0,0,0],"scale":[0.0254,0.0254,0.0254],"scaleCompensation":false},{"name":"Mesh1 Ramp_sharp Model 270","position":[0,0,0],"rotation":[-90,0,0],"scale":[1,1,1],"scaleCompensation":false}],"parents":[-1,0],"skins":[],"morphs":[],"vertices":[{"position":{"type":"float32","components":3,"data":[-59.055,-59.0549,17.3228,-59.055,-47.2441,17.3228,-59.055,-47.2441,7.48033,-59.055,-47.2441,1.07241e-05,-59.055,-59.0549,9.38654e-06,59.055,-59.0549,-2.68691e-05,59.055,-59.0549,17.3228,-59.055,-59.0549,17.3228,-59.055,-59.0549,9.38654e-06,-59.055,-47.2441,17.3228,-59.055,-59.0549,17.3228,59.055,-59.0549,17.3228,59.055,-47.2441,17.3228,-59.055,-47.2441,17.3228,59.055,-47.2441,17.3228,-29.5275,-47.2441,17.3228,-59.055,59.0549,17.3229,-59.055,47.2442,17.3229,-29.5275,47.2441,17.3228,59.055,47.2441,17.3228,59.055,59.0549,17.3228,59.055,59.0549,17.3228,59.055,47.2441,17.3228,59.055,47.2441,7.48031,59.055,47.2441,-8.37747e-06,59.055,59.0549,-7.62657e-06,-59.0549,59.0549,2.80424e-05,-59.055,59.0549,17.3229,59.055,59.0549,17.3228,59.055,59.0549,-7.62657e-06,59.055,-59.0549,-2.68691e-05,59.055,-47.2441,-2.37716e-05,59.055,-47.2441,7.48029,59.055,-47.2441,17.3228,59.055,-59.0549,17.3228,59.055,-47.2441,17.3228,59.055,-47.2441,7.48029,29.5276,-47.2441,7.4803,-29.5275,-47.2441,17.3228,-29.5275,-47.2441,7.48032,29.5276,-47.2441,7.4803,-29.5275,-47.2441,17.3228,-59.055,47.2442,17.3229,-59.055,47.2442,7.48034,-29.5275,47.2442,7.48033,-29.5275,47.2441,17.3228,-59.055,-47.2441,7.48033,-59.055,-47.2441,17.3228,-29.5275,-47.2441,7.48032,-59.055,59.0549,17.3229,-59.0549,59.0549,2.80424e-05,-59.055,47.2442,2.61182e-05,-59.055,47.2442,7.48034,-59.055,47.2442,17.3229,59.055,47.2441,7.48031,59.055,47.2441,17.3228,-29.5275,47.2441,17.3228,29.5276,47.2441,7.48032]},"normal":{"type":"float32","components":3,"data":[-1,-1.42852e-07,-1.7142e-07,-1,-3.22983e-07,-3.87573e-07,-1,-9.00655e-08,-1.08077e-07,-1,0,0,-1,0,0,-6.75704e-14,-1,-2.20212e-07,-6.75676e-14,-1,-2.20212e-07,-6.75947e-14,-1,-2.20212e-07,-6.75975e-14,-1,-2.20212e-07,3.0683e-07,-1.61491e-07,1,3.0683e-07,-1.61491e-07,1,3.0683e-07,-1.61492e-07,1,3.0683e-07,-1.61492e-07,1,3.39824e-07,0.164407,0.986393,3.39824e-07,0.164407,0.986393,3.39824e-07,0.164407,0.986393,3.18105e-07,-1.71117e-07,1,3.22979e-07,-1.61492e-07,1,3.04054e-07,-2.08805e-07,1,3.06488e-07,-1.64908e-07,1,3.0683e-07,-1.61492e-07,1,1,2.75056e-07,-9.01364e-08,1,3.22984e-07,1.2518e-13,1,6.29456e-07,-3.67759e-07,1,2.84944e-07,-1.94276e-07,1,0,0,-3.22978e-08,1,2.20212e-07,-3.22978e-08,1,2.20212e-07,-3.22978e-08,1,2.20212e-07,-3.22978e-08,1,2.20212e-07,1,-6.45968e-07,-1.1919e-13,1,-6.45968e-07,0,1,-6.45967e-07,-1.70172e-13,1,-6.45967e-07,-1.83435e-13,1,-6.45968e-07,-1.4225e-13,2.58383e-07,1,3.87574e-07,2.58384e-07,1,3.87573e-07,2.58383e-07,1,3.87576e-07,1.41482e-07,1,3.87574e-07,-2.58382e-07,-1,-3.87573e-07,-2.58382e-07,-1,-3.87573e-07,-2.58382e-07,-1,-3.87573e-07,-1.29192e-07,-1,-3.87573e-07,-1.29192e-07,-1,-3.87573e-07,-1.29192e-07,-1,-3.87573e-07,-1.29192e-07,-1,-3.87573e-07,1.29192e-07,1,3.87573e-07,1.29192e-07,1,3.87573e-07,1.29192e-07,1,3.87573e-07,-1,9.80028e-09,-1.52686e-07,-1,1.29194e-06,-6.60636e-07,-1,6.79767e-08,1.73865e-07,-1,-1.47532e-06,9.952e-07,-1,-3.22985e-07,-3.87573e-07,-2.09252e-07,-1,-3.32967e-07,-2.15319e-07,-1,-3.87573e-07,-1.869e-07,-1,-1.31807e-07,-1.29192e-07,-1,3.87569e-07]},"texCoord0":{"type":"float32","components":2,"data":[0.313769,0.111247,0.313769,0.111254,0.313774,0.111254,0.313778,0.111254,0.313778,0.111247,0.313769,0.111306,0.313778,0.111306,0.313778,0.111242,0.313769,0.111242,0.113774,0.501637,0.113765,0.501637,0.113765,0.501538,0.113774,0.501538,0.113774,0.501637,0.113774,0.501538,0.113774,0.501612,0.113774,0.501637,0.113765,0.501637,0.113765,0.501612,0.113765,0.501538,0.113774,0.501538,0.313769,0.111311,0.313769,0.111305,0.313774,0.111305,0.313778,0.111305,0.313778,0.111311,0.313769,0.111242,0.313778,0.111242,0.313778,0.111307,0.313769,0.111307,0.313778,0.111247,0.313778,0.111254,0.313774,0.111254,0.313769,0.111254,0.313769,0.111247,0.313778,0.111306,0.313773,0.111306,0.313773,0.111289,0.313778,0.111257,0.313785,0.11132,0.313785,0.11132,0.313785,0.11132,0.313778,0.111243,0.313773,0.111243,0.313773,0.111259,0.313778,0.111259,0.313773,0.111241,0.313778,0.111241,0.313773,0.111257,0.31378,0.111325,0.31378,0.111308,0.313769,0.111308,0.313769,0.111315,0.313769,0.111325,0.313773,0.111308,0.313778,0.111308,0.313778,0.111259,0.313773,0.111291]}}],"meshes":[{"aabb":{"min":[-59.055,-59.0549,-2.68691e-05],"max":[59.055,59.0549,17.3229]},"vertices":0,"indices":[0,1,2,0,2,3,0,3,4,5,6,7,7,8,5,9,10,11,9,11,12,13,14,15,16,17,18,16,18,19,16,19,20,21,22,23,21,23,24,21,24,25,26,27,28,28,29,26,30,31,32,30,32,33,30,33,34,35,36,37,37,38,35,39,40,41,42,43,44,44,45,42,46,47,38,38,48,46,49,50,51,49,51,52,49,52,53,54,55,56,56,57,54],"type":"triangles","base":0,"count":93}],"meshInstances":[{"node":1,"mesh":0}]}}