{"model":{"version":3,"nodes":[{"name":"RootNode","position":[0,0,0],"rotation":[0,0,0],"scale":[0.0254,0.0254,0.0254],"scaleCompensation":false},{"name":"Mesh1 Straight Model","position":[0,0,0],"rotation":[-90,-0,0],"scale":[1,1,1],"scaleCompensation":false}],"parents":[-1,0],"skins":[],"morphs":[],"vertices":[{"position":{"type":"float32","components":3,"data":[-59.0548,59.0548,17.3228,-47.244,59.0548,17.3228,-47.244,59.0548,7.48032,-47.244,59.0548,1.92425e-05,-59.0548,59.0548,2.04158e-05,-59.0548,-59.0548,-2.15891e-05,-59.0548,-59.0548,17.3228,-59.0548,59.0548,17.3228,-59.0548,59.0548,2.04158e-05,-47.244,-59.0548,17.3228,-47.244,59.0548,17.3228,-59.0548,59.0548,17.3228,-59.0548,-59.0548,17.3228,-59.0548,-59.0548,-2.15891e-05,-47.244,-59.0548,-1.98292e-05,-47.244,-59.0548,7.48028,-47.244,-59.0548,17.3228,-59.0548,-59.0548,17.3228,47.244,-59.0548,17.3228,47.244,-59.0548,7.48028,47.244,-59.0548,-1.98292e-05,59.0548,-59.0548,-1.98292e-05,59.0548,-59.0548,17.3228,59.0548,59.0548,17.3228,59.0548,-59.0548,17.3228,59.0548,-59.0548,-1.98292e-05,59.0548,59.0548,1.98292e-05,59.0548,59.0548,17.3228,47.244,59.0548,17.3228,47.244,-59.0548,17.3228,59.0548,-59.0548,17.3228,47.244,59.0548,7.48032,47.244,-59.0548,7.48028,47.244,-59.0548,17.3228,47.244,59.0548,17.3228,59.0548,59.0548,1.98292e-05,47.244,59.0548,1.92425e-05,47.244,59.0548,7.48032,47.244,59.0548,17.3228,59.0548,59.0548,17.3228,-47.244,59.0542,7.48028,-47.244,59.0542,17.3228,-47.244,-59.0548,17.3228,-47.244,-59.0548,7.48028]},"normal":{"type":"float32","components":3,"data":[-5.70873e-08,1,2.55312e-07,0,1,3.87574e-07,-2.32917e-07,1,1.08077e-07,-1.23044e-07,1,1.3632e-07,2.18765e-14,1,2.20213e-07,-1,0,0,-1,0,0,-1,0,0,-1,0,0,0,-3.22979e-07,1,0,-3.22979e-07,1,0,-3.22979e-07,1,0,-3.22979e-07,1,6.37279e-08,-1,-1.84514e-07,0,-1,0,1.66846e-07,-1,-2.63438e-07,9.35134e-08,-1,-2.83971e-07,0,-1,-2.20213e-07,0,-1,-2.20213e-07,-1,0,0,0,-1,-2.20213e-07,0,-1,-2.20213e-07,0,-1,-2.20213e-07,1,0,0,1,0,0,1,0,0,1,0,0,0,-3.22979e-07,1,0,-3.22979e-07,1,0,-3.22979e-07,1,0,-3.22979e-07,1,-1,0,0,-1,0,0,-1,0,0,-1,0,0,6.37277e-08,1,1.84514e-07,0,1,0,1.66846e-07,1,2.63438e-07,9.35133e-08,1,2.83971e-07,0,1,2.20213e-07,1,0,0,1,0,0,1,0,0,1,0,0]},"texCoord0":{"type":"float32","components":2,"data":[0.313769,0.111264,0.313769,0.11127,0.313774,0.11127,0.313778,0.11127,0.313778,0.111264,0.313769,0.111306,0.313778,0.111306,0.313778,0.111241,0.313769,0.111241,0.113774,0.501538,0.113774,0.501637,0.113765,0.501637,0.113765,0.501538,0.313778,0.111264,0.313778,0.11127,0.313774,0.11127,0.313769,0.11127,0.313769,0.111264,0.313769,0.111325,0.313769,0.111315,0.313769,0.111308,0.31378,0.111308,0.31378,0.111325,0.313778,0.111241,0.313778,0.111306,0.313769,0.111306,0.313769,0.111241,0.113774,0.501637,0.113765,0.501637,0.113765,0.501538,0.113774,0.501538,0.313773,0.111241,0.313773,0.111306,0.313778,0.111306,0.313778,0.111241,0.313778,0.111253,0.313778,0.111246,0.313774,0.111246,0.313769,0.111246,0.313769,0.111253,0.313774,0.11127,0.313769,0.11127,0.313769,0.11127,0.313774,0.11127]}}],"meshes":[{"aabb":{"min":[-59.0548,-59.0548,-2.15891e-05],"max":[59.0548,59.0548,17.3228]},"vertices":0,"indices":[0,1,2,0,2,3,0,3,4,5,6,7,7,8,5,9,10,11,11,12,9,13,14,15,13,15,16,13,16,17,18,19,20,18,20,21,18,21,22,23,24,25,25,26,23,27,28,29,29,30,27,31,32,33,33,34,31,35,36,37,35,37,38,35,38,39,40,41,42,42,43,40],"type":"triangles","base":0,"count":72}],"meshInstances":[{"node":1,"mesh":0}]}}