{"model":{"version":3,"nodes":[{"name":"RootNode","position":[0,0,0],"rotation":[0,0,0],"scale":[0.01,0.01,0.01],"scaleCompensation":false},{"name":"Object033","position":[0,0,0],"rotation":[-90,-0,0],"scale":[1,1,1],"scaleCompensation":false}],"parents":[-1,0],"skins":[],"morphs":[],"vertices":[{"position":{"type":"float32","components":3,"data":[189.418,67.1347,0.330704,199.9,-70.6211,-0.111725,199.902,67.1347,-0.33931,189.401,-59.8844,0.113373,199.9,-70.6211,-0.111725,189.418,67.1347,0.330704,-200.276,-70.6803,0.114471,189.401,-59.8844,0.113373,-190.305,-60.0783,-0.10495,199.9,-70.6211,-0.111725,-200.33,67.1348,-0.34346,-190.305,-60.0783,-0.10495,-191.529,67.1348,0.327774,-200.276,-70.6803,0.114471]},"normal":{"type":"float32","components":3,"data":[0.0616455,0.00148495,0.998097,0.0121274,-0.0110312,0.999866,0.0637789,0.00164771,0.997963,0.0101656,-0.010775,0.99989,0.0121274,-0.0110312,0.999866,0.0616455,0.00148495,0.998097,0.00859044,0.0119038,0.999892,0.0101656,-0.010775,0.99989,0.00765298,0.0120798,0.999898,0.0121274,-0.0110312,0.999866,-0.0713474,-0.00375243,0.997444,0.00765298,0.0120798,0.999898,-0.0760415,-0.00412301,0.997096,0.00859044,0.0119038,0.999892]},"texCoord0":{"type":"float32","components":2,"data":[1.01043,0.00998038,0.731528,0.021114,0.731528,0.00998038,0.731528,0.00998038,1.01043,0.00998038,0.731528,0.021114,1.01043,0.00998038,0.731528,0.021114,0.731528,0.00998038,1.01043,0.021114,1.01043,0.00998038,0.731528,0.021114,0.731528,0.00998038,1.01043,0.021114]}}],"meshes":[{"aabb":{"min":[-200.33,-70.6803,-0.34346],"max":[199.902,67.1348,0.330704]},"vertices":0,"indices":[0,1,2,3,4,5,6,7,8,9,7,6,10,11,12,13,11,10],"type":"triangles","base":0,"count":18}],"meshInstances":[{"node":1,"mesh":0}]}}