{"model":{"version":3,"nodes":[{"name":"RootNode","position":[0,0,0],"rotation":[0,0,0],"scale":[0.0254,0.0254,0.0254],"scaleCompensation":false},{"name":"Mesh1 Narrow_block Model 90","position":[0,0,0],"rotation":[-90,0,0],"scale":[1,1,1],"scaleCompensation":false}],"parents":[-1,0],"skins":[],"morphs":[],"vertices":[{"position":{"type":"float32","components":3,"data":[-59.055,-59.0549,17.3228,-59.055,-47.2441,17.3228,-59.055,-47.2441,7.48032,-59.055,-47.2441,9.55079e-06,-59.055,-59.0549,7.62656e-06,-59.055,-59.0549,7.62656e-06,59.055,-59.0549,-2.68691e-05,59.055,-59.0549,17.3228,-59.055,-59.0549,17.3228,59.055,-59.0549,17.3228,59.055,-47.2441,17.3228,29.5276,-47.2441,17.3228,29.5276,-23.6221,17.3228,-29.5276,-23.6221,17.3228,-29.5276,-47.2441,17.3228,-59.055,-47.2441,17.3228,-59.055,-59.0549,17.3228,-59.055,-47.2441,17.3228,-29.5276,-47.2441,17.3228,-29.5276,-47.2441,7.48032,-59.055,-47.2441,7.48032,59.055,-59.0549,-2.68691e-05,59.055,-47.2441,-2.43582e-05,59.055,-47.2441,7.48029,59.055,-47.2441,17.3228,59.055,-59.0549,17.3228,29.5276,-47.2441,7.4803,29.5276,-23.6221,7.4803,29.5276,-23.6221,17.3228,29.5276,-47.2441,17.3228,29.5276,-23.6221,17.3228,29.5276,-23.6221,7.4803,-29.5276,-23.6221,7.48032,-29.5276,-23.6221,17.3228,-29.5276,-23.6221,17.3228,-29.5276,-23.6221,7.48032,-29.5276,-47.2441,7.48032,-29.5276,-47.2441,17.3228,59.055,-47.2441,7.48029,29.5276,-47.2441,7.4803,29.5276,-47.2441,17.3228,59.055,-47.2441,17.3228,59.055,47.2441,17.3228,59.055,47.2441,7.48031,59.055,47.2441,-8.96413e-06,59.055,59.0549,-8.21323e-06,59.055,59.0549,17.3228,-59.055,59.0549,17.3229,59.055,59.0549,17.3228,59.055,59.0549,-8.21323e-06,-59.0549,59.0549,2.68691e-05,-59.055,59.0549,17.3229,-59.055,47.2441,17.3229,-29.5275,47.2441,17.3228,-29.5275,23.6221,17.3228,29.5276,23.6221,17.3228,29.5276,47.2441,17.3228,59.055,47.2441,17.3228,59.055,59.0549,17.3228,-59.0549,59.0549,2.68691e-05,-59.055,47.2441,2.49449e-05,-59.055,47.2441,7.48034,-59.055,47.2441,17.3229,-59.055,59.0549,17.3229,-29.5275,47.2441,17.3228,-29.5275,47.2441,7.48033,-29.5276,23.6221,7.48033,-29.5275,23.6221,17.3228,-29.5276,23.6221,7.48033,29.5276,23.6221,7.48031,29.5276,23.6221,17.3228,-29.5275,23.6221,17.3228,29.5276,23.6221,7.48031,29.5276,47.2441,7.48031,29.5276,47.2441,17.3228,29.5276,23.6221,17.3228,59.055,47.2441,7.48031,59.055,47.2441,17.3228,29.5276,47.2441,17.3228,29.5276,47.2441,7.48031,-59.055,47.2441,7.48034,-29.5275,47.2441,7.48033,-29.5275,47.2441,17.3228,-59.055,47.2441,17.3229]},"normal":{"type":"float32","components":3,"data":[-1,-1.42852e-07,-1.7142e-07,-1,-3.22984e-07,-3.87573e-07,-1,-9.00656e-08,-1.08077e-07,-1,0,0,-1,0,0,-6.72662e-14,-1,-2.20212e-07,-6.43161e-14,-1,-2.20212e-07,-6.46175e-14,-1,-2.20212e-07,-6.75676e-14,-1,-2.20212e-07,3.60706e-07,-2.09095e-07,1,3.87575e-07,-1.61492e-07,1,2.68814e-07,-3.50737e-07,1,2.58382e-07,-1.61489e-07,1,2.58382e-07,-1.61489e-07,1,2.9963e-07,-6.74508e-08,1,3.07854e-07,-1.51244e-07,1,3.0683e-07,-1.61492e-07,1,1.29192e-07,1,3.87573e-07,1.29192e-07,1,3.87573e-07,1.29192e-07,1,3.87573e-07,1.29192e-07,1,3.87573e-07,1,-6.45969e-07,-1.1919e-13,1,-6.45969e-07,0,1,-6.45969e-07,-1.70173e-13,1,-6.45968e-07,-1.83436e-13,1,-6.45969e-07,-1.4225e-13,1,-1.81782e-07,-3.38869e-07,1,-2.42233e-07,-1.93787e-07,1,-2.21939e-07,-2.42491e-07,1,-1.61489e-07,-3.87573e-07,1.93787e-07,1,-3.75533e-14,1.93787e-07,1,-3.75533e-14,1.93787e-07,1,-3.75533e-14,1.93787e-07,1,-3.75533e-14,-1,2.21939e-07,2.42491e-07,-1,2.42233e-07,1.93787e-07,-1,1.81782e-07,3.38869e-07,-1,1.61489e-07,3.87573e-07,2.58384e-07,1,3.87573e-07,2.58383e-07,1,3.87573e-07,2.58384e-07,1,3.87573e-07,2.58384e-07,1,3.87573e-07,1,1.9994e-07,-8.38919e-08,-0.605083,0.796162,3.08571e-07,1,1.40006e-14,-2.20212e-07,1,1.23044e-07,-1.3632e-07,1,3.22984e-07,7.11249e-14,-3.22978e-08,1,2.20212e-07,-3.22978e-08,1,2.20212e-07,-3.22978e-08,1,2.20212e-07,-3.22978e-08,1,2.20212e-07,3.1311e-07,-1.70081e-07,1,3.22979e-07,-1.61492e-07,1,2.63598e-07,-2.56115e-07,1,2.58382e-07,-1.61489e-07,1,2.58382e-07,-1.61489e-07,1,3.40877e-07,3.49569e-07,1,3.11953e-07,-1.10258e-07,1,3.0683e-07,-1.61492e-07,1,-1,3.61432e-07,1.97581e-07,-1,1.29194e-06,1.52989e-06,-1,4.66482e-07,2.26571e-07,-1,-1.7041e-07,-5.5661e-07,-1,-3.22984e-07,-6.60636e-07,-1,1.61489e-07,1.93787e-07,-1,1.61489e-07,1.93787e-07,-1,1.61489e-07,1.93787e-07,-1,1.61489e-07,1.93787e-07,-1.93787e-07,-1,3.75533e-14,-1.93787e-07,-1,3.75533e-14,-1.93787e-07,-1,3.75533e-14,-1.93787e-07,-1,3.75533e-14,1,-1.61489e-07,-1.93787e-07,1,-1.61489e-07,-1.93787e-07,1,-1.61489e-07,-1.93787e-07,1,-1.61489e-07,-1.93787e-07,-2.58384e-07,-1,-3.87573e-07,-2.58384e-07,-1,-3.87573e-07,-2.58384e-07,-1,-3.87573e-07,-2.58384e-07,-1,-3.87573e-07,-1.29192e-07,-1,-3.87573e-07,-1.29192e-07,-1,-3.87573e-07,-1.29192e-07,-1,-3.87573e-07,-1.29192e-07,-1,-3.87573e-07]},"texCoord0":{"type":"float32","components":2,"data":[0.313769,0.11129,0.313769,0.111296,0.313774,0.111296,0.313778,0.111296,0.313778,0.11129,0.31378,0.111316,0.31378,0.111238,0.313769,0.111238,0.313769,0.111316,0.113766,0.501556,0.113773,0.501556,0.113773,0.501573,0.113786,0.501573,0.113786,0.501607,0.113773,0.501607,0.113773,0.501624,0.113766,0.501624,0.313778,0.111242,0.313778,0.111258,0.313773,0.111258,0.313773,0.111242,0.313778,0.11129,0.313778,0.111296,0.313774,0.111296,0.313769,0.111296,0.313769,0.11129,0.313774,0.111296,0.313774,0.111309,0.313769,0.111309,0.313769,0.111296,0.313778,0.11129,0.313773,0.11129,0.313773,0.111258,0.313778,0.111258,0.313769,0.111309,0.313774,0.111309,0.313774,0.111296,0.313769,0.111296,0.313773,0.111306,0.313773,0.11129,0.313778,0.11129,0.313778,0.111306,0.313769,0.111263,0.313774,0.111263,0.313778,0.111263,0.313778,0.11127,0.313769,0.11127,0.313769,0.111316,0.313769,0.111238,0.31378,0.111238,0.31378,0.111316,0.113766,0.501556,0.113773,0.501556,0.113773,0.501573,0.113786,0.501573,0.113786,0.501607,0.113773,0.501607,0.113773,0.501624,0.113766,0.501624,0.313778,0.11127,0.313778,0.111263,0.313774,0.111263,0.313769,0.111263,0.313769,0.11127,0.313769,0.111263,0.313774,0.111263,0.313774,0.111251,0.313769,0.111251,0.313773,0.111258,0.313773,0.11129,0.313778,0.11129,0.313778,0.111258,0.313774,0.111251,0.313774,0.111263,0.313769,0.111263,0.313769,0.111251,0.313773,0.111306,0.313778,0.111306,0.313778,0.11129,0.313773,0.11129,0.313773,0.111242,0.313773,0.111258,0.313778,0.111258,0.313778,0.111242]}}],"meshes":[{"aabb":{"min":[-59.055,-59.0549,-2.68691e-05],"max":[59.055,59.0549,17.3229]},"vertices":0,"indices":[0,1,2,0,2,3,0,3,4,5,6,7,7,8,5,9,10,11,11,12,13,11,13,14,9,11,14,9,14,15,9,15,16,17,18,19,19,20,17,21,22,23,21,23,24,21,24,25,26,27,28,28,29,26,30,31,32,32,33,30,34,35,36,36,37,34,38,39,40,40,41,38,42,43,44,42,44,45,42,45,46,47,48,49,49,50,47,51,52,53,53,54,55,53,55,56,51,53,56,51,56,57,51,57,58,59,60,61,59,61,62,59,62,63,64,65,66,66,67,64,68,69,70,70,71,68,72,73,74,74,75,72,76,77,78,78,79,76,80,81,82,82,83,80],"type":"triangles","base":0,"count":144}],"meshInstances":[{"node":1,"mesh":0}]}}