{"model":{"version":3,"nodes":[{"name":"RootNode","position":[0,0,0],"rotation":[0,0,0],"scale":[0.01,0.01,0.01],"scaleCompensation":false},{"name":"cieloyfocos","position":[0,0,0],"rotation":[-90,90,0],"scale":[1,0.176954,1.30182],"scaleCompensation":false}],"parents":[-1,0],"skins":[],"morphs":[],"vertices":[{"position":{"type":"float32","components":3,"data":[-460.388,11998.5,842.561,57.8663,11998.5,859.761,57.8663,11998.5,991.573,40.6664,11998.5,1008.77,-477.588,11998.5,991.573,-477.588,11998.5,859.761,40.6664,11998.5,842.561,-460.388,11998.5,1008.77,-1553.89,11998.5,842.561,-1035.64,11998.5,859.761,-1035.64,11998.5,991.573,-1052.84,11998.5,1008.77,-1571.09,11998.5,991.573,-1571.09,11998.5,859.761,-1052.84,11998.5,842.561,-1553.89,11998.5,1008.77,-2782.96,11998.5,842.561,-2264.71,11998.5,859.761,-2264.71,11998.5,991.573,-2281.91,11998.5,1008.77,-2800.16,11998.5,991.573,-2800.16,11998.5,859.761,-2281.91,11998.5,842.561,-2782.96,11998.5,1008.77,-240.542,12064.5,733.914,-178.493,12064.5,734.071,-179.179,12064.5,883.07,-179.179,12064.5,883.07,-241.229,12064.5,882.939,-240.542,12064.5,733.914,-1334.04,12064.5,733.914,-1271.99,12064.5,734.071,-1272.68,12064.5,883.07,-1272.68,12064.5,883.07,-1334.73,12064.5,882.939,-1334.04,12064.5,733.914,-2563.12,12064.5,733.914,-2501.07,12064.5,734.071,-2501.75,12064.5,883.07,-2501.75,12064.5,883.07,-2563.8,12064.5,882.939,-2563.12,12064.5,733.914,-2281.91,-12010.1,842.561,-2800.16,-12010.1,859.761,-2800.16,-12010.1,991.573,-2782.96,-12010.1,1008.77,-2264.71,-12010.1,991.573,-2264.71,-12010.1,859.761,-2782.96,-12010.1,842.561,-2281.91,-12010.1,1008.77,-1188.4,-12010.1,842.561,-1706.66,-12010.1,859.761,-1706.66,-12010.1,991.573,-1689.46,-12010.1,1008.77,-1171.2,-12010.1,991.573,-1171.2,-12010.1,859.761,-1689.46,-12010.1,842.561,-1188.4,-12010.1,1008.77,40.6669,-12010.1,842.561,-477.588,-12010.1,859.761,-477.588,-12010.1,991.573,-460.388,-12010.1,1008.77,57.8668,-12010.1,991.573,57.8668,-12010.1,859.761,-460.388,-12010.1,842.561,40.6669,-12010.1,1008.77,-2501.75,-12076.1,733.914,-2563.8,-12076.1,734.071,-2563.12,-12076.1,883.07,-2563.12,-12076.1,883.07,-2501.07,-12076.1,882.939,-2501.75,-12076.1,733.914,-1408.25,-12076.1,733.914,-1470.3,-12076.1,734.071,-1469.61,-12076.1,883.07,-1469.61,-12076.1,883.07,-1407.56,-12076.1,882.939,-1408.25,-12076.1,733.914,-179.179,-12076.1,733.914,-241.229,-12076.1,734.071,-240.542,-12076.1,883.07,-240.542,-12076.1,883.07,-178.492,-12076.1,882.939,-179.179,-12076.1,733.914,1180.7,-5331.5,842.561,1180.7,-8260.26,859.761,1180.7,-8260.26,991.573,1180.7,-8163.06,1008.77,1180.7,-5234.3,991.573,1180.7,-5234.3,859.761,1180.7,-8163.06,842.561,1180.7,-5331.5,1008.77,1180.7,848.086,842.561,1180.7,-2080.67,859.761,1180.7,-2080.67,991.573,1180.7,-1983.47,1008.77,1180.7,945.286,991.573,1180.7,945.286,859.761,1180.7,-1983.47,842.561,1180.7,848.086,1008.77,1180.7,7793.8,842.561,1180.7,4865.05,859.761,1180.7,4865.05,991.573,1180.7,4962.25,1008.77,1180.7,7891,991.573,1180.7,7891,859.761,1180.7,4962.25,842.561,1180.7,7793.8,1008.77,1192.38,-6573.9,733.914,1192.38,-6924.55,734.071,1192.38,-6920.67,883.07,1192.38,-6920.67,883.07,1192.38,-6570.01,882.939,1192.38,-6573.9,733.914,1192.38,-394.304,733.914,1192.38,-744.958,734.071,1192.38,-741.079,883.07,1192.38,-741.079,883.07,1192.38,-390.425,882.939,1192.38,-394.304,733.914,1192.38,6551.41,733.914,1192.38,6200.76,734.071,1192.38,6204.64,883.07,1192.38,6204.64,883.07,1192.38,6555.29,882.939,1192.38,6551.41,733.914,-4061.26,4962.24,842.561,-4061.26,7891,859.761,-4061.26,7891,991.573,-4061.26,7793.8,1008.77,-4061.26,4865.04,991.573,-4061.26,4865.04,859.761,-4061.26,7793.8,842.561,-4061.26,4962.24,1008.77,-4061.26,-1217.35,842.561,-4061.26,1711.41,859.761,-4061.26,1711.41,991.573,-4061.26,1614.21,1008.77,-4061.26,-1314.55,991.573,-4061.26,-1314.55,859.761,-4061.26,1614.21,842.561,-4061.26,-1217.35,1008.77,-4061.26,-8163.06,842.561,-4061.26,-5234.31,859.761,-4061.26,-5234.31,991.573,-4061.26,-5331.51,1008.77,-4061.26,-8260.26,991.573,-4061.26,-8260.26,859.761,-4061.26,-5331.51,842.561,-4061.26,-8163.06,1008.77,-4072.94,6204.63,733.914,-4072.94,6555.29,734.071,-4072.94,6551.41,883.07,-4072.94,6551.41,883.07,-4072.94,6200.75,882.939,-4072.94,6204.63,733.914,-4072.94,25.043,733.914,-4072.94,375.697,734.071,-4072.94,371.818,883.07,-4072.94,371.818,883.07,-4072.94,21.1641,882.939,-4072.94,25.043,733.914,-4072.94,-6920.67,733.914,-4072.94,-6570.02,734.071,-4072.94,-6573.9,883.07,-4072.94,-6573.9,883.07,-4072.94,-6924.55,882.939,-4072.94,-6920.67,733.914,-2151.29,23420.7,2298.75,-695.598,23420.7,508.465,-695.599,23420.7,2298.75,-2151.29,23420.7,508.465,-3519.2,20607.1,2298.75,-3519.2,20607.1,508.465,-4634.33,15319.3,2298.75,-4634.33,15319.3,508.465,-5362.17,8195.03,2298.75,-5362.17,8195.03,508.465,-5614.95,93.5986,2298.75,-5362.17,8195.03,508.465,-5362.17,8195.03,2298.75,-5614.95,93.5986,508.465,-5362.17,-8007.83,2298.75,-5362.17,-8007.83,508.465,-4634.33,-15132.1,2298.75,-4634.33,-15132.1,508.465,-3519.2,-20419.9,2298.75,-3519.2,-20419.9,508.465,-2151.29,-23233.5,2298.75,-2151.29,-23233.5,508.465,-695.599,-23233.5,2298.75,-695.599,-23233.5,508.465,672.306,-20419.9,2298.75,672.306,-20419.9,508.465,1787.43,-15132.1,2298.75,1787.43,-15132.1,508.465,2515.28,-8007.84,2298.75,2515.28,-8007.84,508.465,2768.06,93.5908,2298.75,2768.06,93.5908,508.465,2515.28,8195.02,2298.75,2515.28,8195.02,508.465,1787.44,15319.3,2298.75,1787.44,15319.3,508.465,672.31,20607.1,2298.75,672.31,20607.1,508.465,-2151.29,23420.7,-39.7188,-695.599,23420.7,-39.7188,-3519.2,20607.1,-39.7187,-4634.33,15319.3,-39.7186,-5362.17,8195.03,-39.7186,-5614.95,93.5986,-39.7186,-5362.17,8195.03,-39.7186,-5362.17,-8007.83,-39.7186,-4634.32,-15132.1,-39.7187,-3519.2,-20419.9,-39.7188,-2151.29,-23233.5,-39.7188,-695.599,-23233.5,-39.7186,672.307,-20419.9,-39.7186,1787.43,-15132.1,-39.7186,2515.28,-8007.84,-39.7188,2768.06,93.5908,-39.7188,2515.28,8195.02,-39.7186,1787.44,15319.3,-39.7186,672.31,20607.1,-39.7186]},"normal":{"type":"float32","components":3,