{"model":{"version":3,"nodes":[{"name":"RootNode","position":[0,0,0],"rotation":[0,0,0],"scale":[0.0254,0.0254,0.0254],"scaleCompensation":false},{"name":"LEVEL63-flechas","position":[0,0,0],"rotation":[-90,-0,0],"scale":[1,1,1],"scaleCompensation":false}],"parents":[-1,0],"skins":[],"morphs":[],"vertices":[{"position":{"type":"float32","components":3,"data":[-517.551,96.5368,-471.356,-537.765,112.107,-477.267,-537.765,81.054,-477.267,-481.492,96.5368,-460.967,-501.706,112.107,-466.878,-501.706,81.054,-466.878,-553.429,96.5368,-481.831,-573.644,112.107,-487.743,-573.644,81.0539,-487.743,-514.812,96.5329,-470.555,-539.39,115.464,-477.743,-537.765,112.107,-477.267,-537.765,112.107,-477.267,-517.551,96.5368,-471.356,-514.812,96.5329,-470.555,-539.39,115.464,-477.743,-539.39,77.7083,-477.743,-537.765,81.054,-477.267,-537.765,81.054,-477.267,-537.765,112.107,-477.267,-539.39,115.464,-477.743,-539.39,77.7083,-477.743,-514.812,96.5329,-470.555,-517.551,96.5368,-471.356,-517.551,96.5368,-471.356,-537.765,81.054,-477.267,-539.39,77.7083,-477.743,-478.754,96.5329,-460.166,-503.331,115.464,-467.353,-501.706,112.107,-466.878,-501.706,112.107,-466.878,-481.492,96.5368,-460.967,-478.754,96.5329,-460.166,-503.331,115.464,-467.353,-503.331,77.7083,-467.353,-501.706,81.054,-466.878,-501.706,81.054,-466.878,-501.706,112.107,-466.878,-503.331,115.464,-467.353,-503.331,77.7083,-467.353,-478.754,96.5329,-460.166,-481.492,96.5368,-460.967,-481.492,96.5368,-460.967,-501.706,81.054,-466.878,-503.331,77.7083,-467.353,-550.691,96.5329,-481.03,-575.269,115.464,-488.218,-573.644,112.107,-487.743,-573.644,112.107,-487.743,-553.429,96.5368,-481.831,-550.691,96.5329,-481.03,-575.269,115.464,-488.218,-575.269,77.7083,-488.218,-573.644,81.0539,-487.743,-573.644,112.107,-487.743,-575.269,115.464,-488.218,-575.269,77.7083,-488.218,-550.691,96.5329,-481.03,-553.429,96.5368,-481.831,-553.429,96.5368,-481.831,-573.644,81.0539,-487.743,-575.269,77.7083,-488.218]},"normal":{"type":"float32","components":3,"data":[-0.280675,0,0.959803,-0.280675,0,0.959803,-0.280675,0,0.959803,-0.280677,0,0.959802,-0.280677,0,0.959802,-0.280677,0,0.959802,-0.280678,0,0.959802,-0.280678,0,0.959802,-0.280678,0,0.959802,-0.280659,3.50608e-05,0.959808,-0.280659,3.50608e-05,0.959808,-0.280659,3.50608e-05,0.959808,-0.280719,-6.11698e-05,0.95979,-0.280719,-6.11698e-05,0.95979,-0.280719,-6.11698e-05,0.95979,-0.280725,0,0.959788,-0.280725,0,0.959788,-0.280725,0,0.959788,-0.280725,0,0.959788,-0.280725,0,0.959788,-0.280725,0,0.959788,-0.280719,4.97718e-05,0.95979,-0.280719,4.97718e-05,0.95979,-0.280719,4.97718e-05,0.95979,-0.280646,-4.19372e-05,0.959811,-0.280646,-4.19372e-05,0.959811,-0.280646,-4.19372e-05,0.959811,-0.280659,2.35098e-05,0.959808,-0.280659,2.35098e-05,0.959808,-0.280659,2.35098e-05,0.959808,-0.28065,3.86729e-05,0.95981,-0.28065,3.86729e-05,0.95981,-0.28065,3.86728e-05,0.95981,-0.280704,0,0.959794,-0.280704,0,0.959794,-0.280704,0,0.959794,-0.280704,0,0.959794,-0.280704,0,0.959794,-0.280704,0,0.959794,-0.28065,-3.69042e-05,0.95981,-0.28065,-3.69042e-05,0.95981,-0.28065,-3.69042e-05,0.95981,-0.280661,-2.24773e-05,0.959807,-0.280661,-2.24773e-05,0.959807,-0.280661,-2.24773e-05,0.959807,-0.280654,3.23014e-05,0.959809,-0.280654,3.23014e-05,0.959809,-0.280654,3.23014e-05,0.959809,-0.28065,3.94901e-05,0.95981,-0.28065,3.94901e-05,0.95981,-0.28065,3.94901e-05,0.95981,-0.280716,0,0.959791,-0.280716,0,0.959791,-0.280716,0,0.959791,-0.280716,0,0.959791,-0.280716,0,0.959791,-0.28065,-3.87122e-05,0.95981,-0.28065,-3.87122e-05,0.95981,-0.28065,-3.87122e-05,0.95981,-0.280655,-3.18516e-05,0.959809,-0.280655,-3.18516e-05,0.959809,-0.280655,-3.18516e-05,0.959809]},"texCoord0":{"type":"float32","components":2,"data":[0.854729,0.869987,0.854729,0.869987,0.854729,0.869987,0.854729,0.869987,0.854729,0.869987,0.854729,0.869987,0.854729,0.869987,0.854729,0.869987,0.854729,0.869987,0.963068,0.921125,0.962969,0.921201,0.962969,0.921201,0.962969,0.921201,0.963068,0.921125,0.963068,0.921125,0.962969,0.921201,0.962969,0.921125,0.962969,0.921125,0.962969,0.921125,0.962969,0.921201,0.962969,0.921201,0.962969,0.921125,0.963068,0.921125,0.963068,0.921125,0.963068,0.921125,0.962969,0.921125,0.962969,0.921125,0.963068,0.921125,0.962969,0.921201,0.962969,0.921201,0.962969,0.921201,0.963068,0.921125,0.963068,0.921125,0.962969,0.921201,0.962969,0.921125,0.962969,0.921125,0.962969,0.921125,0.962969,0.921201,0.962969,0.921201,0.962969,0.921125,0.963068,0.921125,0.963068,0.921125,0.963068,0.921125,0.962969,0.921125,0.962969,0.921125,0.963068,0.921125,0.962969,0.921201,0.962969,0.921201,0.962969,0.921201,0.963068,0.921125,0.963068,0.921125,0.962969,0.921201,0.962969,0.921125,0.962969,0.921125,0.962969,0.921201,0.962969,0.921201,0.962969,0.921125,0.963068,0.921125,0.963068,0.921125,0.963068,0.921125,0.962969,0.921125,0.962969,0.921125]}}],"meshes":[{"aabb":{"min":[-575.269,77.7083,-488.218],"max":[-478.754,115.464,-460.166]},"vertices":0,"indices":[0,1,2,3,4,5,6,7,8,9,10,11,12,13,14,15,16,17,18,19,20,21,22,23,24,25,26,27,28,29,30,31,32,33,34,35,36,37,38,39,40,41,42,43,44,45,46,47,48,49,50,51,52,53,53,54,55,56,57,58,59,60,61],"type":"triangles","base":0,"count":63}],"meshInstances":[{"node":1,"mesh":0}]}}