{"model":{"version":3,"nodes":[{"name":"RootNode","position":[0,0,0],"rotation":[0,0,0],"scale":[0.0254,0.0254,0.0254],"scaleCompensation":false},{"name":"Mesh1 Corner Model 180","position":[0,0,0],"rotation":[-90,0,0],"scale":[1,1,1],"scaleCompensation":false}],"parents":[-1,0],"skins":[],"morphs":[],"vertices":[{"position":{"type":"float32","components":3,"data":[59.055,59.0548,17.3229,59.055,59.0549,2.63996e-05,47.2441,59.0549,2.07678e-05,47.2441,59.0549,7.48034,47.2441,59.0549,17.3229,59.055,59.0549,2.63996e-05,59.055,59.0548,17.3229,59.0549,-59.055,17.3229,59.0549,-59.055,2.81596e-05,-59.055,-59.0549,17.3228,-59.055,-59.0549,-2.81596e-05,59.0549,-59.055,2.81596e-05,59.0549,-59.055,17.3229,-59.055,-59.0549,17.3228,59.0549,-59.055,17.3229,47.244,-47.2441,17.3229,-59.055,-47.244,17.3228,-59.055,-59.0549,-2.81596e-05,-59.055,-59.0549,17.3228,-59.055,-47.244,17.3228,-59.055,-47.244,7.48029,-59.055,-47.244,-2.81596e-05,47.2441,59.0549,7.48034,47.244,-47.2441,7.48034,47.244,-47.2441,17.3229,47.2441,59.0549,17.3229,-59.055,-47.244,17.3228,47.244,-47.2441,17.3229,47.244,-47.2441,7.48034,-59.055,-47.244,7.48029,47.244,-47.2441,17.3229,59.0549,-59.055,17.3229,59.055,59.0548,17.3229,47.2441,59.0549,17.3229]},"normal":{"type":"float32","components":3,"data":[1.16888e-06,1,8.38928e-08,9.68945e-07,1,2.20212e-07,1.09199e-06,1,1.3632e-07,1.29193e-06,1,6.14744e-13,1.29193e-06,1,5.00716e-13,1,-9.68936e-07,4.40424e-07,1,-9.68936e-07,4.40424e-07,1,-9.68936e-07,4.40424e-07,1,-9.68936e-07,4.40424e-07,-1.00123e-06,-1,-2.20213e-07,-1.00123e-06,-1,-2.20213e-07,-1.00123e-06,-1,-2.20213e-07,-1.00123e-06,-1,-2.20213e-07,-5.01146e-07,1.50116e-07,1,-4.8447e-07,2.63399e-12,1,-4.84891e-07,3.79467e-09,1,-5.0241e-07,1.61492e-07,1,-1,9.48823e-07,-4.51698e-07,-1,9.68947e-07,-4.40424e-07,-1,9.39417e-07,-4.2029e-07,-1,9.16259e-07,-4.26774e-07,-1,9.68948e-07,-5.09966e-07,-1,1.07659e-06,-3.87573e-07,-1,1.07659e-06,-3.87573e-07,-1,1.07659e-06,-3.87573e-07,-1,1.07659e-06,-3.87573e-07,1.18214e-06,1,3.64792e-07,1.14837e-06,1,4.45076e-13,1.15048e-06,1,2.27817e-08,1.18425e-06,1,3.87574e-07,-4.84891e-07,3.79467e-09,1,-4.8447e-07,2.63399e-12,1,-4.84473e-07,5.17906e-13,1,-4.84473e-07,5.21581e-13,1]},"texCoord0":{"type":"float32","components":2,"data":[0.313769,0.111241,0.313778,0.111241,0.313778,0.111247,0.313774,0.111247,0.313769,0.111247,0.313769,0.111306,0.313778,0.111306,0.313778,0.111241,0.313769,0.111241,0.313769,0.111304,0.313778,0.111304,0.313778,0.111241,0.313769,0.111241,0.113774,0.50154,0.113774,0.501631,0.113765,0.501622,0.113765,0.50154,0.313769,0.111241,0.313778,0.111241,0.313778,0.111248,0.313773,0.111248,0.313769,0.111248,0.313773,0.111306,0.313773,0.111248,0.313778,0.111248,0.313778,0.111306,0.313769,0.111304,0.313769,0.111247,0.313774,0.111247,0.313774,0.111304,0.113774,0.501622,0.113765,0.501631,0.113765,0.50154,0.113774,0.50154]}}],"meshes":[{"aabb":{"min":[-59.055,-59.055,-2.81596e-05],"max":[59.055,59.0549,17.3229]},"vertices":0,"indices":[0,1,2,0,2,3,0,3,4,5,6,7,7,8,5,9,10,11,11,12,9,13,14,15,15,16,13,17,18,19,17,19,20,17,20,21,22,23,24,24,25,22,26,27,28,28,29,26,30,31,32,32,33,30],"type":"triangles","base":0,"count":54}],"meshInstances":[{"node":1,"mesh":0}]}}