{"model":{"version":3,"nodes":[{"name":"RootNode","position":[0,0,0],"rotation":[0,0,0],"scale":[0.0254,0.0254,0.0254],"scaleCompensation":false},{"name":"LEVEL22-rampaborde","position":[0,0,0],"rotation":[-90,-0,0],"scale":[0.3937,0.3937,0.3937],"scaleCompensation":false}],"parents":[-1,0],"skins":[],"morphs":[],"vertices":[{"position":{"type":"float32","components":3,"data":[-2089.14,-1103.9,-1180,-2089.14,-1073.91,-1180,-2089.14,-1073.91,-1136,-2089.14,-1103.9,-1180,-2089.14,-1073.91,-1136,-2089.14,-1103.9,-1136,-2089.14,-1103.9,-1136,-2389.14,-1103.9,-1224,-2389.14,-1103.9,-1268,-2089.14,-1103.9,-1180,-2089.14,-1103.9,-1136,-2089.14,-1073.91,-1136,-2389.14,-1073.91,-1224,-2389.14,-1073.91,-1224,-2389.14,-1103.9,-1224,-2089.14,-1103.9,-1136,-2089.14,-1073.91,-1180,-2389.14,-1073.91,-1249,-2389.14,-1073.91,-1224,-2089.14,-1073.91,-1136,-2089.14,-203.907,-1136,-2089.14,-233.906,-1136,-2089.14,-233.906,-1180,-2089.14,-233.906,-1180,-2089.14,-203.907,-1180,-2389.14,-203.907,-1268,-2389.14,-203.907,-1224,-2089.14,-203.907,-1136,-2089.14,-203.907,-1136,-2089.14,-203.907,-1180,-2389.14,-203.907,-1268,-2389.14,-233.906,-1224,-2089.14,-233.906,-1136,-2089.14,-203.907,-1136,-2389.14,-203.907,-1224,-2389.14,-233.906,-1224,-2389.14,-233.906,-1249,-2089.14,-233.906,-1180,-2089.14,-233.906,-1180,-2089.14,-233.906,-1136,-2389.14,-233.906,-1224,-2389.14,-1103.9,-1268,-2389.14,-1103.9,-1224,-2389.14,-1073.91,-1224,-2389.14,-1073.91,-1224,-2389.14,-1073.91,-1249,-2389.14,-233.906,-1249,-2389.14,-233.906,-1224,-2389.14,-203.907,-1224,-2389.14,-203.907,-1224,-2389.14,-203.907,-1268,-2389.14,-233.906,-1249]},"normal":{"type":"float32","components":3,"data":[1,0,0,1,0,0,1,0,0,1,0,0,1,0,0,1,0,0,0,-1,0,0,-1,0,0,-1,0,0,-1,0,-0.281475,0,0.959569,-0.281475,0,0.959569,-0.281475,0,0.959568,-0.281475,0,0.959569,-0.281475,0,0.959569,-0.281475,0,0.959568,0,1,0,0,1,0,0,1,0,0,1,0,1,0,0,1,0,0,1,0,0,1,0,0,1,0,0,5.08625e-08,1,3.46791e-07,5.08625e-08,1,3.46791e-07,5.08625e-08,1,3.46791e-07,8.13804e-06,1,-1.80331e-05,8.13804e-06,1,-1.80331e-05,8.13804e-06,1,-1.80331e-05,-0.281474,0,0.959569,-0.281474,0,0.959569,-0.281474,0,0.959569,-0.281474,0,0.959569,-5.08627e-08,-1,0,-5.08627e-08,-1,0,-5.08627e-08,-1,0,5.0863e-08,-1,-6.93581e-07,5.0863e-08,-1,-6.93581e-07,5.0863e-08,-1,-6.93581e-07,-1,0,0,-1,0,0,-1,0,0,-1,0,0,-1,0,0,-1,0,0,-1,0,0,-1,0,0,-1,0,0,-1,0,0,-1,0,0]},"texCoord0":{"type":"float32","components":2,"data":[0.634641,0.129589,0.631766,0.12497,0.627872,0.12497,0.634641,0.129589,0.627872,0.12497,0.627872,0.129589,0.634641,0.0810565,0.634642,0.131287,0.627845,0.13328,0.627848,0.0830491,0.85986,0.74701,0.849568,0.74701,0.849568,0.638999,0.849568,0.638999,0.85986,0.638999,0.85986,0.74701,0.630818,0.0834841,0.630813,0.132434,0.634641,0.13133,0.634639,0.08238,0.627872,0.0833973,0.627872,0.0880165,0.631766,0.0880165,0.634641,0.0880165,0.634641,0.0833973,0.627845,0.13328,0.634642,0.131287,0.634641,0.0810565,0.634641,0.0810565,0.627848,0.0830491,0.627845,0.13328,0.859861,0.638965,0.859861,0.746976,0.849568,0.746976,0.849568,0.638965,0.63464,0.131253,0.630817,0.132357,0.630822,0.083407,0.630822,0.083407,0.634638,0.082303,0.63464,0.131253,0.630813,0.132434,0.634641,0.13133,0.634641,0.13133,0.634641,0.13133,0.630813,0.132434,0.627845,0.13328,0.634642,0.131287,0.634642,0.131287,0.634642,0.131287,0.627845,0.13328,0.627845,0.13328]}}],"meshes":[{"aabb":{"min":[-2389.14,-1103.9,-1268],"max":[-2089.14,-203.907,-1136]},"vertices":0,"indices":[0,1,2,3,4,5,6,7,8,8,9,6,10,11,12,13,14,15,16,17,18,18,19,16,20,21,22,20,23,24,25,26,27,28,29,30,31,32,33,33,34,31,35,36,37,38,39,40,41,42,43,44,45,41,46,47,48,49,50,51],"type":"triangles","base":0,"count":60}],"meshInstances":[{"node":1,"mesh":0}]}}