{"model":{"version":3,"nodes":[{"name":"RootNode","position":[0,0,0],"rotation":[0,0,0],"scale":[0.0254,0.0254,0.0254],"scaleCompensation":false},{"name":"LEVEL100-rampaborde","position":[0,0,0],"rotation":[-90,-0,0],"scale":[0.3937,0.3937,0.3937],"scaleCompensation":false}],"parents":[-1,0],"skins":[],"morphs":[],"vertices":[{"position":{"type":"float32","components":3,"data":[-3589.14,396.094,-1224.5,-3589.14,426.095,-1224.5,-3589.14,426.094,-1180.5,-3589.14,396.094,-1224.5,-3589.14,426.094,-1180.5,-3589.14,396.094,-1180.5,-3589.14,396.094,-1180.5,-3889.14,396.094,-1268.5,-3889.14,396.096,-1312.5,-3889.14,396.096,-1312.5,-3589.14,396.094,-1224.5,-3589.14,396.094,-1180.5,-3589.14,396.094,-1180.5,-3589.14,426.094,-1180.5,-3889.14,426.095,-1268.5,-3889.14,426.095,-1268.5,-3889.14,396.094,-1268.5,-3589.14,396.094,-1180.5,-3589.14,426.095,-1224.5,-3889.14,426.095,-1293.5,-3889.14,426.095,-1268.5,-3889.14,426.095,-1268.5,-3589.14,426.094,-1180.5,-3589.14,426.095,-1224.5,-3589.14,1296.09,-1180.5,-3589.14,1266.09,-1180.5,-3589.14,1266.09,-1224.5,-3589.14,1296.09,-1224.5,-3889.14,1296.09,-1312.5,-3889.14,1296.09,-1268.5,-3589.14,1296.09,-1180.5,-3589.14,1296.09,-1180.5,-3589.14,1296.09,-1224.5,-3889.14,1296.09,-1312.5,-3889.14,1266.09,-1268.5,-3589.14,1266.09,-1180.5,-3589.14,1296.09,-1180.5,-3589.14,1296.09,-1180.5,-3889.14,1296.09,-1268.5,-3889.14,1266.09,-1268.5,-3889.14,1266.09,-1268.5,-3889.14,1266.09,-1293.5,-3589.14,1266.09,-1224.5,-3589.14,1266.09,-1180.5,-3889.14,426.095,-1293.5,-3589.14,426.095,-1224.5,-3589.14,396.094,-1224.5,-3589.14,396.094,-1224.5,-3889.14,396.096,-1312.5,-3889.14,426.095,-1293.5,-3889.14,1296.09,-1312.5,-3589.14,1296.09,-1224.5,-3589.14,1266.09,-1224.5,-3589.14,1266.09,-1224.5,-3889.14,1266.09,-1293.5,-3889.14,1296.09,-1312.5]},"normal":{"type":"float32","components":3,"data":[1,0,0,1,0,0,1,0,0,1,0,0,1,0,0,1,0,0,1.00707e-05,-1,-3.46786e-05,1.00707e-05,-1,-3.46786e-05,1.00707e-05,-1,-3.46786e-05,-4.88284e-06,-1,-6.93581e-07,-4.88284e-06,-1,-6.93581e-07,-4.88284e-06,-1,-6.93581e-07,-0.281474,0,0.959569,-0.281474,0,0.959569,-0.281474,0,0.959569,-0.281474,6.87184e-06,0.959569,-0.281474,6.87184e-06,0.959569,-0.281474,6.87184e-06,0.959569,0,1,0,0,1,0,0,1,0,-1.01726e-07,1,6.93581e-07,-1.01726e-07,1,6.93581e-07,-1.01726e-07,1,6.93581e-07,1,0,0,1,0,0,1,0,0,1,0,0,0,1,0,0,1,0,0,1,0,1.95312e-05,1,-4.43892e-05,1.95312e-05,1,-4.43892e-05,1.95313e-05,1,-4.43892e-05,-0.281474,0,0.959569,-0.281474,0,0.959569,-0.281474,0,0.959569,-0.281475,1.14529e-05,0.959569,-0.281475,1.14529e-05,0.959569,-0.281475,1.14529e-05,0.959569,0,-1,0,0,-1,0,0,-1,0,0,-1,0,0.224148,0,-0.974555,0.224148,0,-0.974555,0.224148,0,-0.974555,0.240537,0.519369,-0.819999,0.240537,0.519369,-0.819999,0.240537,0.519369,-0.819999,0.281474,0,-0.959569,0.281474,0,-0.959569,0.281474,0,-0.959569,0.190744,-0.525213,-0.829318,0.190744,-0.525213,-0.829318,0.190744,-0.525213,-0.829318]},"texCoord0":{"type":"float32","components":2,"data":[0.507701,0.526074,0.507701,0.526084,0.507701,0.526084,0.507701,0.526074,0.507701,0.526084,0.507701,0.526074,0.452059,0.107733,0.45196,0.107733,0.45196,0.107733,0.45196,0.107733,0.452059,0.107733,0.452059,0.107733,0.507701,0.526074,0.507701,0.526084,0.507601,0.526084,0.507601,0.526084,0.507601,0.526074,0.507701,0.526074,0.452059,0.107743,0.45196,0.107743,0.45196,0.107743,0.45196,0.107743,0.452059,0.107743,0.452059,0.107743,0.507701,0.526372,0.507701,0.526362,0.507701,0.526362,0.507701,0.526372,0.45196,0.108031,0.45196,0.108031,0.452059,0.108031,0.452059,0.108031,0.452059,0.108031,0.45196,0.108031,0.507601,0.526362,0.507701,0.526362,0.507701,0.526372,0.507701,0.526372,0.507601,0.526372,0.507601,0.526362,0.45196,0.108021,0.45196,0.108021,0.452059,0.108021,0.452059,0.108021,0.45196,0.107733,0.452059,0.107733,0.452059,0.107733,0.452059,0.107733,0.45196,0.107733,0.45196,0.107733,0.45196,0.108021,0.452059,0.108021,0.452059,0.108021,0.452059,0.108021,0.45196,0.108021,0.45196,0.108021]}}],"meshes":[{"aabb":{"min":[-3889.14,396.094,-1312.5],"max":[-3589.14,1296.09,-1180.5]},"vertices":0,"indices":[0,1,2,3,4,5,6,7,8,9,10,11,12,13,14,15,16,17,18,19,20,21,22,23,24,25,26,24,26,27,28,29,30,31,32,33,34,35,36,37,38,39,40,41,42,42,43,40,44,45,46,47,48,49,50,51,52,53,54,55],"type":"triangles","base":0,"count":60}],"meshInstances":[{"node":1,"mesh":0}]}}