{"model":{"version":3,"nodes":[{"name":"RootNode","position":[0,0,0],"rotation":[0,0,0],"scale":[0.0254,0.0254,0.0254],"scaleCompensation":false},{"name":"LEVEL69-rampas","position":[0,0,0],"rotation":[-90,-0,0],"scale":[0.3937,0.3937,0.3937],"scaleCompensation":false}],"parents":[-1,0],"skins":[],"morphs":[],"vertices":[{"position":{"type":"float32","components":3,"data":[-3288.37,471.094,-1293.5,-2990.38,546.094,-1268.5,-3288.37,546.094,-1268.5,-2990.38,546.094,-1268.5,-3288.37,471.094,-1293.5,-2990.27,471.094,-1293.5,-2990.25,621.094,-1268.5,-3288.37,546.094,-1268.5,-2990.38,546.094,-1268.5,-3288.37,546.094,-1268.5,-3288.38,621.094,-1268.5,-3288.38,621.094,-1268.5,-2990.25,621.094,-1293.5,-3288.38,621.094,-1293.5,-2990.25,621.094,-1268.5]},"normal":{"type":"float32","components":3,"data":[0,-0.316228,0.948683,0,-0.316228,0.948683,0,-0.316228,0.948683,4.20853e-07,-0.316229,0.948683,4.20853e-07,-0.316229,0.948683,4.20853e-07,-0.316229,0.948683,0,-1.6276e-06,1,0,-1.6276e-06,1,0,-1.6276e-06,1,0,-1.6276e-06,1,0,-1.6276e-06,1,0,1,0,0,1,0,0,1,0,0,1,0]},"texCoord0":{"type":"float32","components":2,"data":[-107.385,102.706,-106.398,102.956,-107.385,102.956,-106.398,102.956,-107.385,102.706,-106.389,102.706,-106.387,103.206,-107.385,102.956,-106.398,102.956,-107.385,102.956,-107.388,103.206,-107.388,103.206,-106.387,103.206,-107.388,103.206,-106.387,103.206]}}],"meshes":[{"aabb":{"min":[-3288.38,471.094,-1293.5],"max":[-2990.25,621.094,-1268.5]},"vertices":0,"indices":[0,1,2,3,4,5,6,7,8,9,6,10,11,12,13],"type":"triangles","base":0,"count":15},{"aabb":{"min":[-3288.38,471.094,-1293.5],"max":[-2990.25,621.094,-1268.5]},"vertices":0,"indices":[12,11,14],"type":"triangles","base":0,"count":3}],"meshInstances":[{"node":1,"mesh":0},{"node":1,"mesh":1}]}}