{"model":{"version":3,"nodes":[{"name":"RootNode","position":[0,0,0],"rotation":[0,0,0],"scale":[0.0254,0.0254,0.0254],"scaleCompensation":false},{"name":"LEVEL55-rampaborde","position":[-0.015625,0,0.460938],"rotation":[-90,-0,0],"scale":[1,1,1],"scaleCompensation":false}],"parents":[-1,0],"skins":[],"morphs":[],"vertices":[{"position":{"type":"float32","components":3,"data":[-1306.75,628.529,-460.464,-1294.93,628.529,-460.464,-1306.75,628.529,-482.132,-1294.93,628.529,-482.132,-1306.75,392.168,-425.363,-1294.93,392.168,-425.363,-1294.93,628.529,-460.464,-1306.75,628.529,-460.464,-1306.75,392.168,-447.031,-1306.75,392.168,-425.363,-1306.75,628.529,-460.464,-1306.75,628.529,-482.132,-1294.93,392.168,-447.031,-1306.75,392.168,-447.031,-1306.75,628.529,-482.132,-1294.93,628.529,-482.132,-1294.93,392.168,-425.363,-1294.93,392.168,-447.031,-1294.93,628.529,-482.132,-1294.93,628.529,-460.464,-1294.93,392.168,-447.031,-1294.93,392.168,-425.363,-1306.75,392.168,-425.363,-1306.75,392.168,-447.031,-704.384,628.697,-493.166,-716.195,628.697,-493.166,-704.384,628.696,-517.621,-716.195,628.696,-517.621,-704.384,864.601,-458.857,-716.195,864.601,-458.857,-716.195,628.697,-493.166,-704.384,628.697,-493.166,-704.384,864.6,-483.312,-704.384,864.601,-458.857,-704.384,628.697,-493.166,-704.384,628.696,-517.621,-716.195,864.6,-483.312,-704.384,864.6,-483.312,-704.384,628.696,-517.621,-716.195,628.696,-517.621,-716.195,864.601,-458.857,-716.195,864.6,-483.312,-716.195,628.696,-517.621,-716.195,628.697,-493.166,-704.384,864.601,-458.857,-704.384,864.6,-483.312,-716.195,864.6,-483.312,-716.195,864.601,-458.857]},"normal":{"type":"float32","components":3,"data":[0,1,0,0,1,0,0,1,0,0,1,0,0,0.146894,0.989152,0,0.146894,0.989152,0,0.146894,0.989152,0,0.146894,0.989152,-1,0,0,-1,0,0,-1,0,0,-1,0,0,0,-0.146894,-0.989152,0,-0.146894,-0.989152,0,-0.146894,-0.989152,0,-0.146894,-0.989152,1,0,0,1,0,0,1,0,0,1,0,0,0,-1,1.40843e-06,0,-1,1.40843e-06,0,-1,1.40843e-06,0,-1,1.40843e-06,0,-1,4.99171e-06,0,-1,4.99171e-06,0,-1,4.99171e-06,0,-1,4.99171e-06,0,-0.143922,0.989589,0,-0.143922,0.989589,0,-0.143922,0.989589,0,-0.143922,0.989589,1,0,0,1,0,0,1,0,0,1,0,0,0,0.143922,-0.989589,0,0.143922,-0.989589,0,0.143922,-0.989589,0,0.143922,-0.989589,-1,-3.62988e-07,2.49586e-06,-1,-3.62988e-07,2.49586e-06,-1,-3.62988e-07,2.49586e-06,-1,-3.62988e-07,2.49586e-06,0,1,-4.99171e-06,0,1,-4.99171e-06,0,1,-4.99171e-06,0,1,-4.99171e-06]},"texCoord0":{"type":"float32","components":2,"data":[0.434065,0.083465,0.434064,0.0834668,0.434065,0.083465,0.434064,0.0834668,0.452612,0.380219,0.452611,0.380221,0.452611,0.380221,0.452612,0.380219,0.434065,0.083465,0.434065,0.083465,0.434065,0.083465,0.434065,0.083465,0.434064,0.0834668,0.434065,0.083465,0.434065,0.083465,0.434064,0.0834668,0.434064,0.0834668,0.434064,0.0834668,0.434064,0.0834668,0.434064,0.0834668,0.434065,0.083465,0.434065,0.083465,0.434065,0.083465,0.434065,0.083465,0.436123,0.128769,0.436125,0.12877,0.436123,0.128769,0.436125,0.12877,0.462913,0.404915,0.462915,0.404917,0.462915,0.404917,0.462913,0.404915,0.436123,0.128769,0.436123,0.128769,0.436123,0.128769,0.436123,0.128769,0.436125,0.12877,0.436123,0.128769,0.436123,0.128769,0.436125,0.12877,0.436125,0.12877,0.436125,0.12877,0.436125,0.12877,0.436125,0.12877,0.436125,0.12877,0.436125,0.12877,0.436125,0.12877,0.436125,0.12877]}}],"meshes":[{"aabb":{"min":[-1306.75,392.168,-517.621],"max":[-704.384,864.601,-425.363]},"vertices":0,"indices":[0,1,2,3,2,1,4,5,6,6,7,4,8,9,10,10,11,8,12,13,14,14,15,12,16,17,18,18,19,16,20,21,22,22,23,20,24,25,26,27,26,25,28,29,30,30,31,28,32,33,34,34,35,32,36,37,38,38,39,36,40,41,42,42,43,40,44,45,46,46,47,44],"type":"triangles","base":0,"count":72}],"meshInstances":[{"node":1,"mesh":0}]}}