{"model":{"version":3,"nodes":[{"name":"RootNode","position":[0,0,0],"rotation":[0,0,0],"scale":[0.0254,0.0254,0.0254],"scaleCompensation":false},{"name":"Mesh1 Split_start Model 270","position":[0,0,0],"rotation":[-90,0,0],"scale":[1,1,1],"scaleCompensation":false}],"parents":[-1,0],"skins":[],"morphs":[],"vertices":[{"position":{"type":"float32","components":3,"data":[-59.055,-59.0549,17.3228,-59.055,-47.2441,17.3228,-59.055,-47.2441,7.48033,-59.055,-47.2441,1.07241e-05,-59.055,-59.0549,9.38654e-06,59.055,-59.0549,-2.68691e-05,59.055,-59.0549,17.3228,-59.055,-59.0549,17.3228,-59.055,-59.0549,9.38654e-06,59.055,-47.2442,17.3228,-59.055,-47.2441,17.3228,-59.055,-59.0549,17.3228,59.055,-59.0549,17.3228,-59.055,5.90547,1.93833e-05,-59.055,-5.90555,1.7459e-05,-59.055,-5.90555,7.48033,-59.055,-5.90556,17.3228,-59.0549,5.90547,17.3229,-59.055,5.90547,7.48033,-59.055,5.90547,7.48033,-59.0549,5.90547,17.3229,6.03713e-06,5.90546,17.3228,59.055,5.90545,7.4803,59.055,5.90545,-1.51124e-05,59.055,5.90545,7.4803,59.0551,-5.90558,7.4803,59.0551,-5.90557,-1.70367e-05,-59.055,-5.90556,17.3228,-59.055,-5.90555,7.48033,59.0551,-5.90558,7.4803,3.73744e-06,-5.90557,17.3228,-59.055,-5.90556,17.3228,3.73744e-06,-5.90557,17.3228,6.03713e-06,5.90546,17.3228,-59.0549,5.90547,17.3229,3.73744e-06,-5.90557,17.3228,59.0551,-5.90558,7.4803,59.055,5.90545,7.4803,6.03713e-06,5.90546,17.3228,59.055,-47.2442,7.48029,-59.055,-47.2441,7.48033,-59.055,-47.2441,17.3228,59.055,-47.2442,17.3228,59.055,-59.0549,17.3228,59.055,-59.0549,-2.68691e-05,59.055,-47.2442,-2.37716e-05,59.055,-47.2442,7.48029,59.055,-47.2442,17.3228,59.055,47.244,17.3228,59.055,47.244,7.48031,59.055,47.244,-8.37748e-06,59.055,59.0549,-7.62657e-06,59.055,59.0549,17.3228,-59.055,59.0549,17.3229,59.055,59.0549,17.3228,59.055,59.0549,-7.62657e-06,-59.0549,59.0549,2.80424e-05,59.055,59.0549,17.3228,-59.055,59.0549,17.3229,-59.055,47.2441,17.3229,59.055,47.244,17.3228,-59.055,47.2441,7.48034,59.055,47.244,7.48031,59.055,47.244,17.3228,-59.055,47.2441,17.3229,-59.0549,59.0549,2.80424e-05,-59.055,47.2441,2.61182e-05,-59.055,47.2441,7.48034,-59.055,47.2441,17.3229,-59.055,59.0549,17.3229]},"normal":{"type":"float32","components":3,"data":[-1,-1.42853e-07,-1.7142e-07,-1,-3.22984e-07,-3.87573e-07,-1,-9.00657e-08,-1.08077e-07,-1,0,0,-1,0,0,-6.75704e-14,-1,-2.20212e-07,-6.75676e-14,-1,-2.20212e-07,-6.75947e-14,-1,-2.20212e-07,-6.75975e-14,-1,-2.20212e-07,3.0683e-07,-1.61493e-07,1,3.0683e-07,-1.61492e-07,1,3.0683e-07,-1.61492e-07,1,3.0683e-07,-1.61493e-07,1,-1,0.000205955,-1.55043e-08,-1,-3.22978e-07,-5.09965e-07,-1,-1.03447e-07,-1.63338e-07,-1,3.99869e-07,2.72638e-07,-1,6.45955e-07,4.40424e-07,0.351123,0.936329,0,1.70837e-07,1,1.377e-07,1.69564e-07,1,1.4534e-07,1.81003e-07,1,7.67022e-08,1.81675e-07,1,7.267e-08,1,1.23892e-05,-3.26673e-07,1,1.22731e-05,-5.09962e-07,1,1.248e-05,-1.83287e-07,1,1.25961e-05,2.40884e-12,-1.81034e-07,-1,-1.37647e-07,-1.81675e-07,-1,-1.4534e-07,-1.75661e-07,-1,-7.31709e-08,-1.69564e-07,-1,-2.70384e-12,2.90681e-07,-3.22978e-07,1,2.90681e-07,-3.22978e-07,1,2.90681e-07,-3.22978e-07,1,2.90681e-07,-3.22978e-07,1,0.1644,-7.66775e-08,0.986394,0.164399,1.8584e-06,0.986394,0.164399,1.58449e-06,0.986394,0.1644,-3.50593e-07,0.986394,2.26085e-07,1,3.87573e-07,2.26085e-07,1,3.87573e-07,2.26085e-07,1,3.87573e-07,2.26085e-07,1,3.87573e-07,1,-6.4597e-07,-1.64924e-13,1,-6.4597e-07,-1.4225e-13,1,-6.4597e-07,-8.80588e-14,1,-6.45969e-07,-6.98142e-14,1,-6.4597e-07,-2.50361e-13,1,1.99938e-07,-8.38924e-08,-0.605083,0.796162,3.08571e-07,1,1.40008e-14,-2.20212e-07,1,1.23044e-07,-1.3632e-07,1,3.22982e-07,7.11244e-14,-3.22978e-08,1,2.20212e-07,-3.22978e-08,1,2.20212e-07,-3.22978e-08,1,2.20212e-07,-3.22978e-08,1,2.20212e-07,3.0683e-07,-1.61491e-07,1,3.0683e-07,-1.61491e-07,1,3.0683e-07,-1.61491e-07,1,3.0683e-07,-1.61491e-07,1,-2.26085e-07,-1,-3.87573e-07,-2.26085e-07,-1,-3.87573e-07,-2.26085e-07,-1,-3.87573e-07,-2.26085e-07,-1,-3.87573e-07,-1,3.61426e-07,1.97577e-07,-1,1.29193e-06,1.52989e-06,-1,4.6648e-07,2.26572e-07,-1,-1.70408e-07,-5.5661e-07,-1,-3.22982e-07,-6.60636e-07]},"texCoord0":{"type":"float32","components":2,"data":[0.313769,0.11128,0.313769,0.111286,0.313774,0.111286,0.313778,0.111286,0.313778,0.11128,0.313769,0.111305,0.313778,0.111305,0.313778,0.11124,0.313769,0.11124,0.113774,0.501538,0.113774,0.501637,0.113765,0.501637,0.113765,0.501538,0.313778,0.111264,0.313778,0.111258,0.313774,0.111258,0.313769,0.111258,0.313769,0.111264,0.313774,0.111264,0.313773,0.11124,0.313778,0.11124,0.313778,0.111272,0.313773,0.111305,0.313783,0.111312,0.313783,0.111312,0.313783,0.111312,0.313783,0.111312,0.313778,0.11124,0.313773,0.11124,0.313773,0.111305,0.313778,0.111272,0.113765,0.501637,0.113765,0.501588,0.113774,0.501588,0.113774,0.501637,0.313769,0.111278,0.313769,0.111229,0.313778,0.111229,0.313778,0.111278,0.313773,0.111305,0.313773,0.11124,0.313778,0.11124,0.313778,0.111305,0.313769,0.11128,0.313778,0.11128,0.313778,0.111286,0.313774,0.111286,0.313769,0.111286,0.313769,0.111287,0.313774,0.111287,0.313778,0.111287,0.313778,0.111293,0.313769,0.111293,0.313778,0.11124,0.313778,0.111305,0.313769,0.111305,0.313769,0.11124,0.113774,0.501538,0.113774,0.501637,0.113765,0.501637,0.113765,0.501538,0.313773,0.11124,0.313773,0.111305,0.313778,0.111305,0.313778,0.11124,0.313778,0.111293,0.313778,0.111287,0.313774,0.111287,0.313769,0.111287,0.313769,0.111293]}}],"meshes":[{"aabb":{"min":[-59.055,-59.0549,-2.68691e-05],"max":[59.0551,59.0549,17.3229]},"vertices":0,"indices":[0,1,2,0,2,3,0,3,4,5,6,7,7,8,5,9,10,11,11,12,9,13,14,15,13,15,16,13,16,17,13,17,18,19,20,21,21,22,19,23,24,25,25,26,23,27,28,29,29,30,27,31,32,33,33,34,31,35,36,37,37,38,35,39,40,41,41,42,39,43,44,45,43,45,46,43,46,47,48,49,50,48,50,51,48,51,52,53,54,55,55,56,53,57,58,59,59,60,57,61,62,63,63,64,61,65,66,67,65,67,68,65,68,69],"type":"triangles","base":0,"count":114}],"meshInstances":[{"node":1,"mesh":0}]}}