{"model":{"version":3,"nodes":[{"name":"RootNode","position":[0,0,0],"rotation":[0,0,0],"scale":[0.0254,0.0254,0.0254],"scaleCompensation":false},{"name":"Mesh1 Split_start Model 90","position":[0,0,0],"rotation":[-90,0,0],"scale":[1,1,1],"scaleCompensation":false}],"parents":[-1,0],"skins":[],"morphs":[],"vertices":[{"position":{"type":"float32","components":3,"data":[59.055,59.0549,17.3229,59.055,47.2442,17.3229,59.055,47.2442,7.48035,59.055,47.2442,3.25715e-05,59.055,59.0549,3.44957e-05,-59.055,59.0549,-1.46665e-05,-59.055,59.0549,17.3228,59.055,59.0549,17.3229,59.055,59.0549,3.44957e-05,-59.055,47.2441,17.3228,59.055,47.2442,17.3229,59.055,59.0549,17.3229,-59.055,59.0549,17.3228,59.0551,-5.90545,2.33257e-05,59.055,5.90558,2.58365e-05,59.055,5.90558,7.48034,59.055,5.90558,17.3229,59.0551,-5.90545,17.3229,59.0551,-5.90545,7.48034,59.0551,-5.90545,7.48034,59.0551,-5.90545,17.3229,-5.09851e-06,-5.90547,17.3228,-59.055,-5.90548,7.48029,-59.055,-5.90548,-2.40765e-05,-59.055,-5.90548,7.48029,-59.0549,5.90554,7.48029,-59.055,5.90554,-2.21523e-05,59.055,5.90558,17.3229,59.055,5.90558,7.48034,-59.0549,5.90554,7.48029,-8.80619e-06,5.90556,17.3228,59.055,5.90558,17.3229,-8.80619e-06,5.90556,17.3228,-5.09851e-06,-5.90547,17.3228,59.0551,-5.90545,17.3229,-8.80619e-06,5.90556,17.3228,-59.0549,5.90554,7.48029,-59.055,-5.90548,7.48029,-5.09851e-06,-5.90547,17.3228,-59.055,47.2441,7.4803,59.055,47.2442,7.48035,59.055,47.2442,17.3229,-59.055,47.2441,17.3228,-59.055,59.0549,17.3228,-59.055,59.0549,-1.46665e-05,-59.055,47.2441,-1.54174e-05,-59.055,47.2441,7.4803,-59.055,47.2441,17.3228,-59.055,-47.2441,17.3228,-59.055,-47.2441,7.48028,-59.055,-47.2441,-3.08115e-05,-59.0549,-59.0549,-3.27357e-05,-59.0549,-59.0549,17.3228,59.055,-59.0549,17.3228,-59.0549,-59.0549,17.3228,-59.0549,-59.0549,-3.27357e-05,59.055,-59.0549,1.52531e-05,-59.0549,-59.0549,17.3228,59.055,-59.0549,17.3228,59.055,-47.244,17.3228,-59.055,-47.2441,17.3228,59.055,-47.244,7.48033,-59.055,-47.2441,7.48028,-59.055,-47.2441,17.3228,59.055,-47.244,17.3228,59.055,-59.0549,1.52531e-05,59.055,-47.244,1.71774e-05,59.055,-47.244,7.48033,59.055,-47.244,17.3228,59.055,-59.0549,17.3228]},"normal":{"type":"float32","components":3,"data":[1,-3.78291e-07,8.64992e-08,1,6.25902e-14,-3.87573e-07,1,-5.39392e-07,2.59682e-07,1,-6.84826e-07,4.66916e-07,1,-6.4597e-07,4.40424e-07,-8.59338e-14,1,2.20212e-07,-8.53485e-14,1,2.20212e-07,-9.1076e-14,1,2.20212e-07,-9.16612e-14,1,2.20212e-07,-3.87574e-07,-1.61492e-07,1,-3.87574e-07,-1.61493e-07,1,-3.87574e-07,-1.61493e-07,1,-3.87574e-07,-1.61492e-07,1,1,1.25324e-05,1.84517e-07,1,1.25961e-05,2.40884e-12,1,1.24293e-05,2.63439e-07,1,1.25026e-05,2.83973e-07,1,1.25961e-05,2.20214e-07,0.117599,0.993061,1.8991e-07,3.15328e-07,-1,-1.42793e-07,3.14903e-07,-1,-1.4534e-07,3.18717e-07,-1,-1.22458e-07,3.18941e-07,-1,-1.21114e-07,-1,3.22978e-07,5.09965e-07,-1,3.22978e-07,5.09965e-07,-1,3.22978e-07,5.09965e-07,-1,3.22978e-07,5.09965e-07,-3.14477e-07,1,1.40211e-07,-3.14904e-07,1,1.4534e-07,-3.10895e-07,1,9.72253e-08,-3.0683e-07,1,4.84456e-08,-3.87573e-07,-3.22982e-07,1,-3.87574e-07,-3.22978e-07,1,-3.87574e-07,-3.22978e-07,1,-3.87573e-07,-3.22983e-07,1,-0.1644,-3.37455e-07,0.986394,-0.1644,-1.06194e-07,0.986394,-0.1644,-1.3893e-07,0.986394,-0.1644,-3.70191e-07,0.986394,2.90681e-07,-1,-3.87573e-07,2.90681e-07,-1,-3.87573e-07,2.90681e-07,-1,-3.87573e-07,2.90681e-07,-1,-3.87573e-07,-1,-1.24825e-07,-2.5792e-07,-1,2.80011e-14,-4.40424e-07,-1,3.88561e-08,-4.66916e-07,-1,-1.65122e-08,-3.67759e-07,-1,-3.22984e-07,-1.2518e-13,-1,0.000200884,-2.72572e-07,-0.396436,0.918062,2.02168e-07,-1,0.000200484,4.4149e-11,-1,-1.04584e-06,-1.67785e-07,-1,-6.45965e-07,-4.40424e-07,8.90911e-14,-1,-2.20212e-07,8.53485e-14,-1,-2.20212e-07,8.5731e-14,-1,-2.20212e-07,8.94736e-14,-1,-2.20212e-07,-3.87574e-07,-1.61491e-07,1,-3.87574e-07,-1.61491e-07,1,-3.87574e-07,-1.61491e-07,1,-3.87574e-07,-1.61491e-07,1,-2.90681e-07,1,3.87573e-07,-2.90681e-07,1,3.87573e-07,-2.90681e-07,1,3.87573e-07,-2.90681e-07,1,3.87573e-07,1,5.99813e-07,2.51677e-07,1,9.68944e-07,0,1,9.68944e-07,2.55256e-13,1,3.69131e-07,4.08959e-07,1,-1.06687e-13,6.60636e-07]},"texCoord0":{"type":"float32","components":2,"data":[0.313769,0.11128,0.313769,0.111286,0.313774,0.111286,0.313778,0.111286,0.313778,0.11128,0.313769,0.111305,0.313778,0.111305,0.313778,0.11124,0.313769,0.11124,0.113774,0.501538,0.113774,0.501637,0.113765,0.501637,0.113765,0.501538,0.313778,0.111264,0.313778,0.111258,0.313774,0.111258,0.313769,0.111258,0.313769,0.111264,0.313774,0.111264,0.313773,0.11124,0.313778,0.11124,0.313778,0.111272,0.313773,0.111305,0.313783,0.111312,0.313783,0.111312,0.313783,0.111312,0.313783,0.111312,0.313778,0.11124,0.313773,0.11124,0.313773,0.111305,0.313778,0.111272,0.113765,0.501637,0.113765,0.501588,0.113774,0.501588,0.113774,0.501637,0.313769,0.111278,0.313769,0.111229,0.313778,0.111229,0.313778,0.111278,0.313773,0.111305,0.313773,0.11124,0.313778,0.11124,0.313778,0.111305,0.313769,0.11128,0.313778,0.11128,0.313778,0.111286,0.313774,0.111286,0.313769,0.111286,0.313769,0.111287,0.313774,0.111287,0.313778,0.111287,0.313778,0.111293,0.313769,0.111293,0.313778,0.11124,0.313778,0.111305,0.313769,0.111305,0.313769,0.11124,0.113774,0.501538,0.113774,0.501637,0.113765,0.501637,0.113765,0.501538,0.313773,0.11124,0.313773,0.111305,0.313778,0.111305,0.313778,0.11124,0.313778,0.111293,0.313778,0.111287,0.313774,0.111287,0.313769,0.111287,0.313769,0.111293]}}],"meshes":[{"aabb":{"min":[-59.055,-59.0549,-3.27357e-05],"max":[59.0551,59.0549,17.3229]},"vertices":0,"indices":[0,1,2,0,2,3,0,3,4,5,6,7,7,8,5,9,10,11,11,12,9,13,14,15,13,15,16,13,16,17,13,17,18,19,20,21,21,22,19,23,24,25,25,26,23,27,28,29,29,30,27,31,32,33,33,34,31,35,36,37,37,38,35,39,40,41,41,42,39,43,44,45,43,45,46,43,46,47,48,49,50,48,50,51,48,51,52,53,54,55,55,56,53,57,58,59,59,60,57,61,62,63,63,64,61,65,66,67,65,67,68,65,68,69],"type":"triangles","base":0,"count":114}],"meshInstances":[{"node":1,"mesh":0}]}}