{"model":{"version":3,"nodes":[{"name":"RootNode","position":[0,0,0],"rotation":[0,0,0],"scale":[0.0254,0.0254,0.0254],"scaleCompensation":false},{"name":"LEVEL68-rampas","position":[0,0,0],"rotation":[-90,-0,0],"scale":[0.3937,0.3937,0.3937],"scaleCompensation":false}],"parents":[-1,0],"skins":[],"morphs":[],"vertices":[{"position":{"type":"float32","components":3,"data":[-3289.14,396.092,-1161.5,-3289.14,96.0957,-1161.5,-3289.14,96.0957,-1187.2,-3289.14,396.092,-1187.2,-3289.14,96.0957,-1161.5,-3589.14,96.0946,-1293.5,-3589.14,96.0946,-1319.2,-3589.14,96.0946,-1319.2,-3289.14,96.0957,-1187.2,-3289.14,96.0957,-1161.5,-3589.32,396.094,-1293.5,-3289.14,396.092,-1161.5,-3289.14,396.092,-1187.2,-3289.14,396.092,-1187.2,-3589.32,396.094,-1319.2,-3589.32,396.094,-1293.5,-2689.14,1897.17,-1117.4,-3289.13,1897.18,-1293.5,-3289.13,1897.18,-1319.2,-3289.13,1897.18,-1319.2,-2689.14,1897.17,-1143.1,-2689.14,1897.17,-1117.4,-3289.14,2195.56,-1293.5,-2689.14,2195.56,-1117.4,-2689.14,2195.56,-1143.1,-3289.14,2195.56,-1319.2,-3289.14,96.0957,-1161.5,-3289.14,396.092,-1161.5,-3589.14,96.0946,-1293.5,-3589.32,396.094,-1293.5,-3589.14,96.0946,-1293.5,-3289.14,396.092,-1161.5,-2689.14,1897.17,-1117.4,-2689.14,2195.56,-1117.4,-3289.13,1897.18,-1293.5,-3289.14,2195.56,-1293.5,-3289.13,1897.18,-1293.5,-2689.14,2195.56,-1117.4,-2089.14,696.094,-1117.4,-2389.14,696.094,-1117.4,-2089.14,396.094,-1161.82,-2389.13,396.094,-1161.82,-2089.14,396.094,-1161.82,-2389.14,696.094,-1117.4,-2389.14,696.094,-1117.4,-2089.14,696.094,-1117.4,-2089.14,696.094,-1170.21,-2389.14,696.094,-1170.21,-2089.14,396.094,-1161.82,-2089.14,696.094,-1170.21,-2089.14,696.094,-1117.4,-2389.13,396.094,-1161.82,-2389.14,696.094,-1117.4,-2389.14,696.094,-1170.21,-3589.32,396.094,-1319.2,-3289.14,396.092,-1187.2,-3289.14,96.0957,-1187.2,-3289.14,96.0957,-1187.2,-3589.14,96.0946,-1319.2,-3589.32,396.094,-1319.2,-3289.14,2195.56,-1319.2,-2689.14,2195.56,-1143.1,-2689.14,1897.17,-1143.1,-2689.14,1897.17,-1143.1,-3289.13,1897.18,-1319.2,-3289.14,2195.56,-1319.2,-2089.14,687.844,-1170.21,-2389.14,687.844,-1170.21,-2389.14,696.094,-1170.21,-2089.14,696.094,-1170.21]},"normal":{"type":"float32","components":3,"data":[1,0,0,1,0,0,1,0,0,1,0,0,3.61125e-06,-1,0,3.61125e-06,-1,0,3.61125e-06,-1,0,3.76729e-06,-1,-2.9685e-07,3.76729e-06,-1,-2.9685e-07,3.76729e-06,-1,-2.9685e-07,4.45948e-06,1,1.1874e-06,4.45948e-06,1,1.1874e-06,4.45948e-06,1,1.1874e-06,4.87996e-06,1,0,4.87996e-06,1,0,4.87996e-06,1,0,-3.05177e-06,-1,0,-3.05177e-06,-1,0,-3.05177e-06,-1,0,-3.05177e-06,-1,0,-3.05177e-06,-1,0,-3.05177e-06,-1,0,0,1,0,0,1,0,0,1,0,0,1,0,-0.402739,-3.72447e-07,0.915315,-0.402739,-3.72447e-07,0.915315,-0.402739,-3.72447e-07,0.915315,-0.402542,-0.000235582,0.915402,-0.402542,-0.000235582,0.915402,-0.402542,-0.000235582,0.915402,-0.281621,-2.23591e-06,0.959526,-0.281621,-2.23591e-06,0.959526,-0.281621,-2.23591e-06,0.959526,-0.28162,-6.38348e-06,0.959526,-0.28162,-6.38348e-06,0.959526,-0.28162,-6.38348e-06,0.959526,0,-0.146477,0.989214,0,-0.146477,0.989214,0,-0.146477,0.989214,0,-0.146477,0.989214,0,-0.146477,0.989214,0,-0.146477,0.989214,0,1,0,0,1,0,0,1,0,0,1,0,1,0,0,1,0,0,1,0,0,-1,-3.33659e-05,0,-1,-3.33659e-05,0,-1,-3.33659e-05,0,0.402542,3.72482e-07,-0.915402,0.402542,3.72482e-07,-0.915402,0.402542,3.72482e-07,-0.915402,0.402739,0.000235697,-0.915315,0.402739,0.000235697,-0.915315,0.402739,0.000235697,-0.915315,0.28162,1.84336e-06,-0.959526,0.28162,1.84336e-06,-0.959526,0.28162,1.84336e-06,-0.959526,0.281622,6.38353e-06,-0.959526,0.281622,6.38353e-06,-0.959526,0.281622,6.38353e-06,-0.959526,0,0,-1,0,0,-1,0,0,-1,0,0,-1]},"texCoord0":{"type":"float32","components":2,"data":[0.861328,0.0714891,0.861328,0.0714891,0.861328,0.0714891,0.861328,0.0714891,0.861328,0.0714891,0.861328,0.0714891,0.861328,0.0714891,0.861328,0.0714891,0.861328,0.0714891,0.861328,0.0714891,0.861328,0.0714891,0.861328,0.0714891,0.861328,0.0714891,0.861328,0.0714891,0.861328,0.0714891,0.861328,0.0714891,0.861328,0.0714891,0.861328,0.0714891,0.861328,0.0714891,0.861328,0.0714891,0.861328,0.0714891,0.861328,0.0714891,0.861328,0.0714891,0.861328,0.0714891,0.861328,0.0714891,0.861328,0.0714891,-119.078,100.901,-119.078,101.902,-120.079,100.901,-120.08,101.902,-120.079,100.901,-119.078,101.902,-117.076,106.908,-117.076,107.909,-119.078,106.908,-119.078,107.909,-119.078,106.908,-117.076,107.909,-115.073,102.904,-116.075,102.904,-115.073,101.902,-116.075,101.902,-115.073,101.902,-116.075,102.904,0.870051,0.121672,0.870151,0.121672,0.870151,0.121672,0.870051,0.121672,0.870151,0.121572,0.870151,0.121672,0.870151,0.121672,0.870051,0.121572,0.870051,0.121672,0.870051,0.121672,0.861328,0.0714891,0.861328,0.0714891,0.861328,0.0714891,0.861328,0.0714891,0.861328,0.0714891,0.861328,0.0714891,0.861328,0.0714891,0.861328,0.0714891,0.861328,0.0714891,0.861328,0.0714891,0.861328,0.0714891,0.861328,0.0714891,0.870151,0.121672,0.870051,0.121672,0.870051,0.121672,0.870151,0.121672]}}],"meshes":[{"aabb":{"min":[-3589.32,96.0946,-1319.2],"max":[-2089.14,2195.56,-1117.4]},"vertices":0,"indices":[26,27,28,29,30,31,32,33,34,35,36,37,38,39,40,41,42,43],"type":"triangles","base":0,"count":18},{"aabb":{"min":[-3589.32,96.0946,-1319.2],"max":[-2089.14,2195.56,-1117.4]},"vertices":0,"indices":[0,1,2,2,3,0,4,5,6,7,8,9,10,11,12,13,14,15,16,17,18,19,20,21,22,23,24,24,25,22,44,45,46,46,47,44,48,49,50,51,52,53,54,55,56,57,58,59,60,61,62,63,64,65],"type":"triangles","base":0,"count":54},{"aabb":{"min":[-3589.32,96.0946,-1319.2],"max":[-2089.14,2195.56,-1117.4]},"vertices":0,"indices":[66,67,68,68,69,66],"type":"triangles","base":0,"count":6}],"meshInstances":[{"node":1,"mesh":0},{"node":1,"mesh":1},{"node":1,"mesh":2}]}}