{"model":{"version":3,"nodes":[{"name":"RootNode","position":[0,0,0],"rotation":[0,0,0],"scale":[0.0254,0.0254,0.0254],"scaleCompensation":false},{"name":"LEVEL18-agua","position":[0,0,0],"rotation":[-90,-0,0],"scale":[0.3937,0.3937,0.3937],"scaleCompensation":false}],"parents":[-1,0],"skins":[],"morphs":[],"vertices":[{"position":{"type":"float32","components":3,"data":[-2438.04,-753.048,-1213.6,-2438.04,-551.733,-1213.6,-2646.12,-551.733,-1213.6,-2646.12,-753.048,-1213.6,-2736.06,-1056.72,-1213.6,-2736.06,-855.409,-1213.6,-2944.14,-855.409,-1213.6,-2944.14,-1056.72,-1213.6,-4236.66,1947.84,-1302.32,-4236.66,2743.03,-1302.32,-4444.74,2743.03,-1302.32,-4444.74,1947.84,-1302.32]},"normal":{"type":"float32","components":3,"data":[0,0,1,0,0,1,0,0,1,0,0,1,0,0,1,0,0,1,0,0,1,0,0,1,0,0,1,0,0,1,0,0,1,0,0,1]},"texCoord0":{"type":"float32","components":2,"data":[-77.1673,-23.1027,-77.1673,-21.6331,-78.7463,-21.6331,-78.7463,-23.1027,-77.1673,-23.1027,-77.1673,-21.6331,-78.7463,-21.6331,-78.7463,-23.1027,-88.5549,-1.16985,-88.5549,4.63494,-90.134,4.63494,-90.134,-1.16985]}}],"meshes":[{"aabb":{"min":[-4444.74,-1056.72,-1302.32],"max":[-2438.04,2743.03,-1213.6]},"vertices":0,"indices":[0,1,2,2,3,0,4,5,6,6,7,4,8,9,10,10,11,8],"type":"triangles","base":0,"count":18}],"meshInstances":[{"node":1,"mesh":0}]}}