{"model":{"version":3,"nodes":[{"name":"RootNode","position":[0,0,0],"rotation":[0,0,0],"scale":[0.0254,0.0254,0.0254],"scaleCompensation":false},{"name":"LEVEL17-agua","position":[0,0,0],"rotation":[-90,-0,0],"scale":[0.3937,0.3937,0.3937],"scaleCompensation":false}],"parents":[-1,0],"skins":[],"morphs":[],"vertices":[{"position":{"type":"float32","components":3,"data":[-839.108,645.422,-1304.38,-839.108,450.727,-1304.38,-38.2982,645.422,-1304.38,-38.2982,450.727,-1304.38]},"normal":{"type":"float32","components":3,"data":[0,0,1,0,0,1,0,0,1,0,0,1]},"texCoord0":{"type":"float32","components":2,"data":[-130.338,-2.35608,-130.338,-3.77732,-124.261,-2.35608,-124.261,-3.77732]}}],"meshes":[{"aabb":{"min":[-839.108,450.727,-1304.38],"max":[-38.2982,645.422,-1304.38]},"vertices":0,"indices":[0,1,2,3,2,1],"type":"triangles","base":0,"count":6}],"meshInstances":[{"node":1,"mesh":0}]}}