{"model":{"version":3,"nodes":[{"name":"RootNode","position":[0,0,0],"rotation":[0,0,0],"scale":[0.0254,0.0254,0.0254],"scaleCompensation":false},{"name":"LEVEL3-rampas","position":[0,0,0],"rotation":[-90,-0,0],"scale":[0.3937,0.3937,0.3937],"scaleCompensation":false}],"parents":[-1,0],"skins":[],"morphs":[],"vertices":[{"position":{"type":"float32","components":3,"data":[-3514.15,366.101,-1249,-3364.15,126.102,-1224,-3364.15,366.101,-1224,-3514.15,126.102,-1249,-4849.07,-53.8764,-1249.36,-4895.63,-65.5314,-1239.03,-4852.14,-77.1844,-1249.36,-4895.63,-65.5314,-1239.03,-4849.07,-53.8764,-1249.36,-4894.1,-53.8764,-1239.03,-4852.14,-30.5685,-1249.36,-4894.1,-53.8764,-1239.03,-4849.07,-53.8764,-1249.36,-4894.1,-53.8764,-1239.03,-4852.14,-30.5685,-1249.36,-4895.63,-42.2225,-1239.03,-4861.14,-8.84943,-1249.36,-4895.63,-42.2225,-1239.03,-4852.14,-30.5685,-1249.36,-4895.63,-42.2225,-1239.03,-4861.14,-8.84943,-1249.36,-4900.13,-31.3624,-1239.03,-4875.45,9.80254,-1249.36,-4900.13,-31.3624,-1239.03,-4861.14,-8.84943,-1249.36,-4900.13,-31.3624,-1239.03,-4875.45,9.80254,-1249.36,-4907.29,-22.0374,-1239.03,-4894.1,24.1146,-1249.36,-4907.29,-22.0374,-1239.03,-4875.45,9.80254,-1249.36,-4907.29,-22.0374,-1239.03,-4894.1,24.1146,-1249.36,-4916.61,-14.8814,-1239.03,-4915.82,33.1105,-1249.36,-4916.61,-14.8814,-1239.03,-4894.1,24.1146,-1249.36,-4916.61,-14.8814,-1239.03,-4915.82,33.1105,-1249.36,-4927.47,-10.3834,-1239.03,-4939.13,36.1795,-1249.36,-4927.47,-10.3834,-1239.03,-4915.82,33.1105,-1249.36,-4927.47,-10.3834,-1239.03,-4939.13,36.1795,-1249.36,-4939.13,-8.84943,-1239.03,-4939.13,36.1795,-1249.36,-4950.78,-10.3834,-1239.03,-4939.13,-8.84943,-1239.03,-4950.78,-10.3834,-1239.03,-4939.13,36.1795,-1249.36,-4962.43,33.1105,-1249.36,-4984.15,24.1146,-1249.36,-4950.78,-10.3834,-1239.03,-4962.43,33.1105,-1249.36,-4950.78,-10.3834,-1239.03,-4984.15,24.1146,-1249.36,-4961.64,-14.8814,-1239.03,-4984.15,24.1146,-1249.36,-4970.96,-22.0374,-1239.03,-4961.64,-14.8814,-1239.03,-4970.96,-22.0374,-1239.03,-4984.15,24.1146,-1249.36,-5002.81,9.80254,-1249.36,-5017.12,-8.84943,-1249.36,-4970.96,-22.0374,-1239.03,-5002.81,9.80254,-1249.36,-4970.96,-22.0374,-1239.03,-5017.12,-8.84943,-1249.36,-4978.12,-31.3624,-1239.03,-5026.11,-30.5685,-1249.36,-4978.12,-31.3624,-1239.03,-5017.12,-8.84943,-1249.36,-4978.12,-31.3624,-1239.03,-5026.11,-30.5685,-1249.36,-4982.62,-42.2225,-1239.03,-5029.18,-53.8764,-1249.36,-4982.62,-42.2225,-1239.03,-5026.11,-30.5685,-1249.36,-4982.62,-42.2225,-1239.03,-5029.18,-53.8764,-1249.36,-4984.15,-53.8764,-1239.03,-5029.18,-53.8764,-1249.36,-4982.62,-65.5314,-1239.03,-4984.15,-53.8764,-1239.03,-4982.62,-65.5314,-1239.03,-5029.18,-53.8764,-1249.36,-5026.11,-77.1844,-1249.36,-5026.11,-77.1844,-1249.36,-4978.12,-76.3915,-1239.03,-4982.62,-65.5314,-1239.03,-4978.12,-76.3915,-1239.03,-5026.11,-77.1844,-1249.36,-5017.12,-98.9034,-1249.36,-5017.12,-98.9034,-1249.36,-4970.96,-85.7154,-1239.03,-4978.12,-76.3915,-1239.03,-4970.96,-85.7154,-1239.03,-5017.12,-98.9034,-1249.36,-5002.81,-117.556,-1249.36,-5002.81,-117.556,-1249.36,-4961.64,-92.8724,-1239.03,-4970.96,-85.7154,-1239.03,-4961.64,-92.8724,-1239.03,-5002.81,-117.556,-1249.36,-4984.15,-131.867,-1249.36,-4962.43,-140.864,-1249.36,-4961.64,-92.8724,-1239.03,-4984.15,-131.867,-1249.36,-4961.64,-92.8724,-1239.03,-4962.43,-140.864,-1249.36,-4950.78,-97.3704,-1239.03,-4962.43,-140.864,-1249.36,-4939.13,-98.9034,-1239.03,-4950.78,-97.3704,-1239.03,-4939.13,-98.9034,-1239.03,-4962.43,-140.864,-1249.36,-4939.13,-143.932,-1249.36,-4915.82,-140.864,-1249.36,-4939.13,-98.9034,-1239.03,-4939.13,-143.932,-1249.36,-4939.13,-98.9034,-1239.03,-4915.82,-140.864,-1249.36,-4927.47,-97.3704,-1239.03,-4894.1,-131.867,-1249.36,-4927.47,-97.3704,-1239.03,-4915.82,-140.864,-1249.36,-4927.47,-97.3704,-1239.03,-4894.1,-131.867,-1249.36,-4916.61,-92.8724,-1239.03,-4875.45,-117.556,-1249.36,-4916.61,-92.8724,-1239.03,-4894.1,-131.867,-1249.36,-4916.61,-92.8724,-1239.03,-4875.45,-117.556,-1249.36,-4907.29,-85.7154,-1239.03,-4875.45,-117.556,-1249.36,-4900.13,-76.3915,-1239.03,-4907.29,-85.7154,-1239.03,-4900.13,-76.3915,-1239.03,-4875.45,-117.556,-1249.36,-4861.14,-98.9034,-1249.36,-4861.14,-98.9034,-1249.36,-4895.63,-65.5314,-1239.03,-4900.13,-76.3915,-1239.03,-4895.63,-65.5314,-1239.03,-4861.14,-98.9034,-1249.36,-4852.14,-77.1844,-1249.36,-4978.12,-31.3624,-1239.03,-4961.64,-14.8814,-1239.03,-4970.96,-22.0374,-1239.03,-4950.78,-10.3834,-1239.03,-4939.13,-8.84943,-1239.03,-4927.47,-10.3834,-1239.03,-4916.61,-14.8814,-1239.03,-4927.47,-10.3834,-1239.03,-4907.29,-22.0374,-1239.03,-4900.13,-31.3624,-1239.03,-4895.63,-42.2225,-1239.03,-4894.1,-53.8764,-1239.03,-4895.63,-65.5314,-1239.03,-4900.13,-76.3915,-1239.03,-4907.29,-85.7154,-1239.03,-4916.61,-92.8724,-1239.03,-4927.47,-97.3704,-1239.03,-4939.13,-98.9034,-1239.03,-4950.78,-97.3704,-1239.03,-4939.13,-98.9034,-1239.03,-4961.64,-92.8724,-1239.03,-4970.96,-85.7154,-1239.03,-4978.12,-76.3915,-1239.03,-4982.62,-65.5314,-1239.03,-4984.15,-53.8764,-1239.03,-4982.62,-42.2225,-1239.03,-3364.15,366.101,-1224,-3364.15,126.102,-1249,-3364.15,366.101,-1249,-3364.15,126.102,-1249,-3364.15,366.101,-1224,-3364.15,126.102,-1224]},"normal":{"type":"float32","components":3,