{"model":{"version":3,"nodes":[{"name":"RootNode","position":[0,0,0],"rotation":[0,0,0],"scale":[0.0254,0.0254,0.0254],"scaleCompensation":false},{"name":"Mesh1 Ramp_square Model","position":[1.15643e-05,0,9.2514e-06],"rotation":[-90,-0,0],"scale":[0.3937,0.3937,0.3937],"scaleCompensation":false}],"parents":[-1,0],"skins":[],"morphs":[],"vertices":[{"position":{"type":"float32","components":3,"data":[-150,149.999,44,-120,149.999,44,-120,149.999,19,-120,149.999,4.8876e-05,-150,149.999,5.18563e-05,-150,149.999,5.18563e-05,-150,-149.999,-5.48365e-05,-150,-150,44,-150,149.999,44,-120,149.999,44,-150,149.999,44,-150,-150,44,-120,149.999,44,-120,-150,44,-120,-149.999,19,-120,149.999,19,-120,149.999,44,150,149.999,44,120,149.999,44,120,-150,44,120,-150,44,150,-150,44,150,149.999,44,150,-150,44,150,-149.999,-5.03662e-05,150,149.999,5.03662e-05,-150,-149.999,-5.48365e-05,-120,-149.999,-5.03662e-05,-120,-149.999,19,-120,-149.999,19,-120,-150,44,-150,-150,44,-120,149.999,44,-120,-150,44,-120,-149.999,19,150,-150,44,120,-150,44,120,-149.999,19,120,-149.999,-5.03662e-05,150,-149.999,-5.03662e-05,120,-150,44,120,149.999,19,120,-149.999,19,120,-150,44,120,149.999,44,120,149.999,19,150,149.999,44,150,149.999,5.03662e-05,120,149.999,4.8876e-05,120,149.999,19,120,149.999,19,120,149.999,44]},"normal":{"type":"float32","components":3,"data":[0,1,0,0,1,0,0,1,0,0,1,1.36499e-07,0,1,2.20583e-07,-1,0,0,-1,0,0,-1,0,0,-1,0,0,0,-3.17893e-07,1,0,0,1,0,0,1,0,-3.17893e-07,1,0,0,1,1,0,0,1,0,0,1,0,0,0,0,1,0,0,1,0,-3.17892e-07,1,0,-3.17892e-07,1,0,0,1,1,0,0,1,0,0,1,0,0,1,0,0,0,-1,-3.7055e-07,0,-1,0,0,-1,0,3.86563e-07,-1,-6.10352e-07,0,-1,0,0,-1,0,1,0,0,1,0,0,1,0,0,0,-1,0,0,-1,-6.10352e-07,0,-1,0,0,-1,-2.72998e-07,0,-1,-4.41893e-07,-1,0,0,-1,0,0,-1,0,0,-1,0,0,-1,0,0,-1,0,0,0,1,0,0,1,2.20583e-07,0,1,1.36499e-07,-6.69255e-07,1,8.03094e-07,0,1,0,0,1,0]},"texCoord0":{"type":"float32","components":2,"data":[0.313769,0.111289,0.313769,0.111295,0.313774,0.111295,0.313778,0.111295,0.313778,0.111289,0.313769,0.111242,0.313769,0.111307,0.313778,0.111307,0.313778,0.111242,0.113774,0.501612,0.113765,0.501637,0.113765,0.501538,0.113774,0.501612,0.113774,0.501538,0.313789,0.111234,0.313782,0.111234,0.313782,0.111235,0.113774,0.501637,0.113765,0.501637,0.113765,0.501612,0.113765,0.501538,0.113774,0.501538,0.313778,0.111243,0.313778,0.111308,0.313769,0.111308,0.313769,0.111243,0.313778,0.111289,0.313778,0.111295,0.313774,0.111295,0.313774,0.111295,0.313769,0.111295,0.313769,0.111289,0.313778,0.111277,0.313778,0.11131,0.313773,0.11131,0.313769,0.111269,0.313769,0.111263,0.313774,0.111263,0.313778,0.111263,0.313778,0.111269,0.313778,0.111277,0.313773,0.111293,0.313773,0.11131,0.313778,0.111261,0.313778,0.111245,0.313773,0.111245,0.313769,0.111269,0.313778,0.111269,0.313778,0.111263,0.313774,0.111263,0.313774,0.111263,0.313769,0.111263]}}],"meshes":[{"aabb":{"min":[-150,-150,-5.48365e-05],"max":[150,149.999,44]},"vertices":0,"indices":[0,1,2,0,2,3,0,3,4,5,6,7,7,8,5,9,10,11,12,11,13,14,15,16,17,18,19,17,20,21,22,23,24,24,25,22,26,27,28,26,29,30,26,30,31,32,33,34,35,36,37,35,37,38,35,38,39,40,41,42,43,44,45,46,47,48,46,48,49,46,50,51],"type":"triangles","base":0,"count":72}],"meshInstances":[{"node":1,"mesh":0}]}}