{"model":{"version":3,"nodes":[{"name":"RootNode","position":[0,0,0],"rotation":[0,0,0],"scale":[0.0254,0.0254,0.0254],"scaleCompensation":false},{"name":"golf_desert_piedragrandeA","position":[0,0,0],"rotation":[-90,-0,0],"scale":[1,1,1],"scaleCompensation":false}],"parents":[-1,0],"skins":[],"morphs":[],"vertices":[{"position":{"type":"float32","components":3,"data":[559.528,-247.878,471.631,325.606,152.536,556.213,481.428,-229.571,561.47,-129.707,-583.009,512.299,169.9,-531.917,554.996,-248.203,-456.037,543.859,-248.203,-456.037,543.859,481.428,-229.571,561.47,-271.445,-41.9028,536.924,325.606,152.536,556.213,-300.268,5.97559,498.031,-271.445,-41.9028,536.924,169.9,-531.917,554.996,481.428,-229.571,561.47,-248.203,-456.037,543.859,169.9,-531.917,554.996,-129.707,-583.009,512.299,165.202,-642.604,-77.854,566.623,-298.591,-69.903,327.808,269.145,-31.5475,325.606,152.536,556.213,325.606,152.536,556.213,559.528,-247.878,471.631,566.623,-298.591,-69.903,325.606,152.536,556.213,-271.445,-41.9028,536.924,481.428,-229.571,561.47,-300.268,5.97559,498.031,327.808,269.145,-31.5475,-329.349,46.6326,-76.8215,-344.512,-111.662,532.23,-248.203,-456.037,543.859,-271.445,-41.9028,536.924,-300.268,5.97559,498.031,-344.512,-111.662,532.23,-271.445,-41.9028,536.924,-129.707,-583.009,512.299,-248.203,-456.037,543.859,-362.468,-438.904,-76.9043,325.606,152.536,556.213,327.808,269.145,-31.5475,-300.268,5.97559,498.031,165.202,-642.604,-77.854,559.528,-247.878,471.631,169.9,-531.917,554.996,559.528,-247.878,471.631,481.428,-229.571,561.47,169.9,-531.917,554.996,-329.349,46.6326,-76.8215,-399.058,-43.2927,-74.1427,-344.512,-111.662,532.23,-344.512,-111.662,532.23,-300.268,5.97559,498.031,-329.349,46.6326,-76.8215,-177.456,-648.165,-14.3583,-99.7812,-644.915,-71.609,165.202,-642.604,-77.854,165.202,-642.604,-77.854,-129.707,-583.009,512.299,-177.456,-648.165,-14.3583,-399.058,-43.2927,-74.1427,-362.468,-438.904,-76.9043,-248.203,-456.037,543.859,-248.203,-456.037,543.859,-344.512,-111.662,532.23,-399.058,-43.2927,-74.1427,-362.468,-438.904,-76.9043,-177.456,-648.165,-14.3583,-129.707,-583.009,512.299,165.202,-642.604,-77.854,566.623,-298.591,-69.903,559.528,-247.878,471.631,-281.819,530.382,399.427,-524.109,471.852,431.973,-287.123,480.879,470.768,-123.089,188.77,489.559,-188.889,436.033,452.897,-195.582,128.615,570.405,-195.582,128.615,570.405,-287.123,480.879,470.768,-419.078,208.701,530.566,-188.889,436.033,452.897,-287.123,480.879,470.768,-195.582,128.615,570.405,-287.123,480.879,470.768,-188.889,436.033,452.897,-281.819,530.382,399.427,-289.064,648.165,31.928,-566.623,506.371,-36.1675,-524.109,471.852,431.973,-524.109,471.852,431.973,-281.819,530.382,399.427,-289.064,648.165,31.928,-524.109,471.852,431.973,-419.078,208.701,530.566,-287.123,480.879,470.768,-419.078,208.701,530.566,-524.109,471.852,431.973,-511.597,219.262,381.614,-511.597,219.262,381.614,-524.109,471.852,431.973,-566.623,506.371,-36.1675,-566.623,506.371,-36.1675,-463.266,159.089,-26.4338,-511.597,219.262,381.614,-201.691,87.0188,508.793,-123.089,188.77,489.559,-195.582,128.615,570.405,-360.748,74.6702,433.022,-201.691,87.0188,508.793,-195.582,128.615,570.405,-195.582,128.615,570.405,-419.078,208.701,530.566,-360.748,74.6702,433.022,-511.597,219.262,381.614,-360.748,74.6702,433.022,-419.078,208.701,530.566,-210.516,132.37,-34.2294,-97.7103,224.859,-27.1906,-123.089,188.77,489.559,-123.089,188.77,489.559,-201.691,87.0188,508.793,-210.516,132.37,-34.2294,-463.266,159.089,-26.4338,-417.693,120.96,-25.0348,-360.748,74.6702,433.022,-360.748,74.6702,433.022,-511.597,219.262,381.614,-463.266,159.089,-26.4338,-417.693,120.96,-25.0348,-210.516,132.37,-34.2294,-201.691,87.0188,508.793,-201.691,87.0188,508.793,-360.748,74.6702,433.022,-417.693,120.96,-25.0348,-97.7103,224.859,-27.1906,-289.064,648.165,31.928,-188.889,436.033,452.897,-188.889,436.033,452.897,-123.089,188.77,489.559,-97.7103,224.859,-27.1906,-281.819,530.382,399.427,-188.889,436.033,452.897,-289.064,648.165,31.928]},"normal":{"type":"float32","components":3,