{"model":{"version":3,"nodes":[{"name":"RootNode","position":[0,0,0],"rotation":[0,0,0],"scale":[0.0254,0.0254,0.0254],"scaleCompensation":false},{"name":"Sphere.395","position":[-2.44091e-05,-2.44091e-05,0],"rotation":[-90,50.7949,-2.36486e-07],"scale":[56.6299,56.6299,56.6299],"scaleCompensation":false}],"parents":[-1,0],"skins":[],"morphs":[],"vertices":[{"position":{"type":"float32","components":3,"data":[-0.14034,0.0397467,-0.00306355,-0.212159,0.0870297,1.16944,0.00391387,0.254081,1.1693,0.013518,0.158179,-0.00306374,-0.108198,-0.0843591,-0.00319962,-0.157078,-0.119575,1.16802,-0.212159,0.0870297,1.16944,-0.14034,0.0397467,-0.00306355,0.149534,-0.0343626,-0.00307173,0.24584,-0.0633595,1.16926,0.0357592,-0.222378,1.16943,0.00502421,-0.145453,-0.00306474,0.118146,0.0904403,-0.00319978,0.189142,0.147982,1.1681,0.24584,-0.0633595,1.16926,0.149534,-0.0343626,-0.00307173,0.00502421,-0.145453,-0.00306474,0.0357592,-0.222378,1.16943,-0.157078,-0.119575,1.16802,-0.108198,-0.0843591,-0.00319962,0.013518,0.158179,-0.00306374,0.00391387,0.254081,1.1693,0.189142,0.147982,1.1681,0.118146,0.0904403,-0.00319978,0.189142,0.147982,1.1681,0.00391387,0.254081,1.1693,-0.000736244,0.274621,2.3719,0.202413,0.158256,2.37317,-0.212159,0.0870297,1.16944,-0.157078,-0.119575,1.16802,-0.177304,-0.135187,2.37313,-0.237714,0.0914068,2.37196,-0.157078,-0.119575,1.16802,0.0357592,-0.222378,1.16943,0.0341902,-0.247936,2.37196,-0.177304,-0.135187,2.37313,0.00391387,0.254081,1.1693,-0.212159,0.0870297,1.16944,-0.237714,0.0914068,2.37196,-0.000736244,0.274621,2.3719,0.24584,-0.0633595,1.16926,0.189142,0.147982,1.1681,0.202413,0.158256,2.37317,0.264597,-0.0735324,2.37189,0.0357592,-0.222378,1.16943,0.24584,-0.0633595,1.16926,0.264597,-0.0735324,2.37189,0.0341902,-0.247936,2.37196,-0.177304,-0.135187,2.37313,0.0341902,-0.247936,2.37196,0.0259082,-0.14207,2.49564,-0.102692,-0.0729804,2.49638,0.0341902,-0.247936,2.37196,0.264597,-0.0735324,2.37189,0.166043,-0.0359969,2.49562,0.0259082,-0.14207,2.49564,-0.000736244,0.274621,2.3719,-0.237714,0.0914068,2.37196,-0.139466,0.0643203,2.49564,0.00466564,0.175752,2.49562,0.202413,0.158256,2.37317,-0.000736244,0.274621,2.3719,0.00466564,0.175752,2.49562,0.128254,0.105494,2.49639,0.264597,-0.0735324,2.37189,0.202413,0.158256,2.37317,0.128254,0.105494,2.49639,0.166043,-0.0359969,2.49562,-0.237714,0.0914068,2.37196,-0.177304,-0.135187,2.37313,-0.102692,-0.0729804,2.49638,-0.139466,0.0643203,2.49564,-0.139466,0.0643203,2.49564,0.166043,-0.0359969,2.49562,0.128254,0.105494,2.49639,0.00466564,0.175752,2.49562,-0.102692,-0.0729804,2.49638,0.0259082,-0.14207,2.49564,0.166043,-0.0359969,2.49562,-0.139466,0.0643203,2.49564,0.00500035,0.00728479,1.11784,0.344685,0.288401,1.6601,0.376145,0.51502,1.51601,0.376145,0.51502,1.51601,0.0338703,0.140743,1.03016,0.134897,0.10582,0.976365,0.560266,0.452084,1.42533,0.577429,0.258515,1.52133,0.577429,0.258515,1.52133,0.140579,-0.00136541,1.03615,0.140579,-0.00136541,1.03615,0.577429,0.258515,1.52133,0.344685,0.288401,1.6601,0.00500035,0.00728479,1.11784,0.140579,-0.00136541,1.03615,0.0338703,0.140743,1.03016,0.376145,0.51502,1.51601,0.560266,0.452084,1.42533,0.134897,0.10582,0.976365,0.0338703,0.140743,1.03016,0.560266,0.452084,1.42533,0.376145,0.51502,1.51601,0.482614,0.60187,2.16761,0.482614,0.60187,2.16761,0.693277,0.560585,2.16853,0.376145,0.51502,1.51601,0.344685,0.288401,1.6601,0.409759,0.341484,2.16851,0.482614,0.60187,2.16761,0.376145,0.51502,1.51601,0.344685,0.288401,1.6601,0.577429,0.258515,1.52133,0.682362,0.344112,2.1676,0.682362,0.344112,2.1676,0.409759,0.341484,2.16851,0.577429,0.258515,1.52133,0.560266,0.452084,1.42533,0.693277,0.560585,2.16853,0.682362,0.344112,2.1676,0.577429,0.258515,1.52133,0.409759,0.341484,2.16851,0.682362,0.344112,2.1676,0.550825,0.478019,2.2602,0.693277,0.560585,2.16853,0.482614,0.60187,2.16761,0.550825,0.478019,2.2602,0.682362,0.344112,2.1676,0.693277,0.560585,2.16853,0.550825,0.478019,2.2602,0.482614,0.60187,2.16761,0.409759,0.341484,2.16851,0.550825,0.478019,2.2602,-0.147455,-0.128056,2.46895,0.187662,0.145176,2.46891,0.187663,0.145176,2.75677,-0.147455,-0.128055,2.75679,0.181023,0.153316,2.46895,-0.154095,-0.119915,2.46891,-0.154095,-0.119916,2.75677,0.181022,0.153316,2.75679,0.15747,-0.151608,2.46895,-0.115762,0.183509,2.46891,-0.115762,0.183509,2.75677,0.15747,-0.151608,2.75679,-0.123902,0.176869,2.46895,0.14933,-0.158248,2.46891,0.14933,-0.158248,2.75677,-0.123902,0.176869,2.75679]},"normal":{"type":"float32","components":3,