{"model":{"version":3,"nodes":[{"name":"RootNode","position":[0,0,0],"rotation":[0,0,0],"scale":[0.0254,0.0254,0.0254],"scaleCompensation":false},{"name":"Mesh1 Ramp_square Model 270","position":[1.15643e-05,0,9.2514e-06],"rotation":[-90,-0,0],"scale":[0.3937,0.3937,0.3937],"scaleCompensation":false}],"parents":[-1,0],"skins":[],"morphs":[],"vertices":[{"position":{"type":"float32","components":3,"data":[-150,-150,44,-150,-120,44,-150,-120,19,-150,-120,2.4259e-05,-150,-150,1.93715e-05,-150,-150,1.93715e-05,150,-150,-6.82475e-05,150,-150,43.9999,-150,-150,44,150,-120,43.9999,-150,-120,44,-150,-150,44,150,-120,43.9999,150,-150,43.9999,-150,149.999,44.0001,-150,120,44.0001,150,120,44,150,149.999,44,-150,149.999,44.0001,150,149.999,44,150,149.999,-2.08616e-05,-150,149.999,6.82475e-05,150,-150,-6.82475e-05,150,-120,-6.18699e-05,150,-120,18.9999,150,-120,43.9999,150,-150,43.9999,150,-120,18.9999,-150,-120,19,150,-120,43.9999,150,149.999,44,150,120,44,150,120,19,150,120,-2.27689e-05,150,149.999,-2.08616e-05,150,120,19,150,120,44,-150,120,44.0001,-150,120,19.0001,150,120,19,-150,120,44.0001,-150,-120,19,-150,-120,44,150,-120,43.9999,-150,149.999,44.0001,-150,149.999,6.82475e-05,-150,120,6.336e-05,-150,120,19.0001,-150,120,44.0001]},"normal":{"type":"float32","components":3,"data":[-1,0,0,-1,0,0,-1,0,0,-1,0,0,-1,0,0,0,-1,-2.20765e-07,0,-1,-2.20583e-07,0,-1,0,0,-1,0,3.05177e-07,-2.54318e-07,1,0,0,1,0,0,1,3.05177e-07,-2.54319e-07,1,0,0,1,0,0,1,0,0,1,0,0,1,0,0,1,0,1,0,0,1,0,0,1,2.20583e-07,0,1,2.20583e-07,1,0,0,1,0,0,1,0,0,1,0,0,1,0,0,0,1,0,2.28883e-07,1,3.05176e-07,2.28882e-07,1,3.05176e-07,1,0,0,1,0,0,1,0,0,1,0,-1.94921e-07,1,0,0,-2.28883e-07,-1,-3.05176e-07,0,-1,0,0,-1,0,0,-1,0,-2.28883e-07,-1,-3.05176e-07,-2.28883e-07,-1,-3.05176e-07,0,1,0,0,1,0,2.03451e-07,1,6.10352e-07,-1,0,0,-1,0,-6.6102e-07,-1,0,1.73991e-07,-1,0,0,-1,7.76119e-14,-6.10352e-07]},"texCoord0":{"type":"float32","components":2,"data":[0.313769,0.111289,0.313769,0.111295,0.313774,0.111295,0.313778,0.111295,0.313778,0.111289,0.313769,0.111242,0.313769,0.111307,0.313778,0.111307,0.313778,0.111242,0.113774,0.501612,0.113774,0.501637,0.113765,0.501637,0.113774,0.501612,0.113765,0.501538,0.113774,0.501637,0.113765,0.501588,0.113765,0.501538,0.113774,0.501538,0.313778,0.111243,0.313778,0.111308,0.313769,0.111308,0.313769,0.111243,0.313778,0.111289,0.313778,0.111295,0.313774,0.111295,0.313769,0.111295,0.313769,0.111289,0.313773,0.11131,0.313773,0.111293,0.313778,0.111277,0.313769,0.111269,0.313769,0.111263,0.313774,0.111263,0.313778,0.111263,0.313778,0.111269,0.313773,0.11131,0.313778,0.11131,0.313778,0.111277,0.313773,0.111245,0.313773,0.111261,0.313778,0.111261,0.313773,0.111245,0.313778,0.111245,0.313778,0.111261,0.313769,0.111269,0.313778,0.111269,0.313778,0.111263,0.313774,0.111263,0.313769,0.111263]}}],"meshes":[{"aabb":{"min":[-150,-150,-6.82475e-05],"max":[150,149.999,44.0001]},"vertices":0,"indices":[0,1,2,0,2,3,0,3,4,5,6,7,7,8,5,9,10,11,12,11,13,14,15,16,14,16,17,18,19,20,20,21,18,22,23,24,22,24,25,22,25,26,27,28,29,30,31,32,30,32,33,30,33,34,35,36,37,38,39,40,41,42,43,44,45,46,44,46,47,44,47,48],"type":"triangles","base":0,"count":72}],"meshInstances":[{"node":1,"mesh":0}]}}