{"model":{"version":3,"nodes":[{"name":"RootNode","position":[0,0,0],"rotation":[0,0,0],"scale":[0.0254,0.0254,0.0254],"scaleCompensation":false},{"name":"Mesh1 T_split Model 270","position":[0,0,0],"rotation":[-90,0,0],"scale":[1,1,1],"scaleCompensation":false}],"parents":[-1,0],"skins":[],"morphs":[],"vertices":[{"position":{"type":"float32","components":3,"data":[-59.055,-59.0549,17.3228,-59.055,-47.2441,17.3228,-59.055,-47.2441,7.48032,-59.055,-47.2441,9.55079e-06,-59.055,-59.0549,7.62656e-06,-59.055,-59.0549,7.62656e-06,59.055,-59.0549,-2.68691e-05,59.055,-59.0549,17.3228,-59.055,-59.0549,17.3228,59.055,-47.2441,17.3228,-59.055,-47.2441,17.3228,-59.055,-59.0549,17.3228,59.055,-59.0549,17.3228,59.055,-59.0549,-2.68691e-05,59.055,-47.2441,-2.43582e-05,59.055,-47.2441,7.48029,59.055,-47.2441,17.3228,59.055,-59.0549,17.3228,59.055,59.0549,17.3228,47.2441,59.0549,17.3228,59.055,47.244,17.3228,59.055,47.2441,7.4803,59.055,47.244,17.3228,47.2441,59.0549,17.3228,47.2441,59.0549,7.48031,47.2441,59.0549,-3.70771e-06,47.2441,59.0549,7.48031,47.2441,59.0549,17.3228,59.055,59.0549,17.3228,59.055,59.0549,-8.21323e-06,59.055,47.2441,-8.96414e-06,59.055,59.0549,-8.21323e-06,59.055,59.0549,17.3228,59.055,47.244,17.3228,59.055,47.2441,7.4803,-47.2441,59.0549,2.17769e-05,-59.0549,59.0549,2.68691e-05,-59.055,59.0549,17.3229,-47.2441,59.0549,17.3229,-47.2441,59.0549,7.48034,-47.2441,59.0549,17.3229,-59.055,59.0549,17.3229,-59.055,47.2441,17.3229,-47.2441,59.0549,7.48034,-47.2441,59.0549,17.3229,-59.055,47.2441,17.3229,-59.055,47.2441,7.48034,-59.0549,59.0549,2.68691e-05,-59.055,47.2441,2.49449e-05,-59.055,47.2441,7.48034,-59.055,47.2441,17.3229,-59.055,59.0549,17.3229,59.055,-47.2441,17.3228,59.055,-47.2441,7.48029,-59.055,-47.2441,7.48032,-59.055,-47.2441,17.3228]},"normal":{"type":"float32","components":3,"data":[-1,-1.42852e-07,-1.7142e-07,-1,-3.22983e-07,-3.87573e-07,-1,-9.00655e-08,-1.08077e-07,-1,0,0,-1,0,0,-6.72662e-14,-1,-2.20212e-07,-6.43161e-14,-1,-2.20212e-07,-6.46175e-14,-1,-2.20212e-07,-6.75676e-14,-1,-2.20212e-07,3.0683e-07,-1.61492e-07,1,3.0683e-07,-1.61491e-07,1,3.0683e-07,-1.61491e-07,1,3.0683e-07,-1.61492e-07,1,1,-6.45967e-07,-1.1919e-13,1,-6.45967e-07,0,1,-6.45967e-07,-1.70172e-13,1,-6.45967e-07,-1.83435e-13,1,-6.45968e-07,-1.4225e-13,4.84473e-07,-1.61491e-07,1,4.84473e-07,-1.61491e-07,1,4.84473e-07,-1.61491e-07,1,-0.707107,-0.707107,-4.59861e-07,-0.707106,-0.707107,-2.74056e-07,-0.707107,-0.707107,-6.36362e-07,-0.707107,-0.707107,-8.22167e-07,-3.22982e-07,1,2.20212e-07,0.165814,-0.986157,-2.53678e-07,-3.22982e-07,1,2.20212e-07,-3.22982e-07,1,2.20212e-07,-3.22982e-07,1,2.20212e-07,1,1.23044e-07,-8.38923e-08,1,0,0,1,1.99938e-07,-1.3632e-07,1,3.22982e-07,-2.20212e-07,-0.605083,0.796162,3.08571e-07,3.22983e-07,1,2.20212e-07,3.22983e-07,1,2.20212e-07,3.22983e-07,1,2.20212e-07,3.22983e-07,1,2.20212e-07,-0.165814,0.986157,2.53678e-07,3.22983e-07,-1.61491e-07,1,3.22983e-07,-1.61491e-07,1,3.22983e-07,-1.61491e-07,1,0.707106,-0.707107,1.81152e-07,0.707106,-0.707107,2.74055e-07,0.707106,-0.707107,9.29026e-08,0.707106,-0.707107,-3.54061e-13,-1,3.61428e-07,1.97578e-07,-1,1.29193e-06,1.52989e-06,-1,4.66481e-07,2.26572e-07,-1,-1.70409e-07,-5.5661e-07,-1,-3.22983e-07,-6.60636e-07,2.26085e-07,1,3.87573e-07,2.26085e-07,1,3.87573e-07,2.26085e-07,1,3.87573e-07,2.26085e-07,1,3.87573e-07]},"texCoord0":{"type":"float32","components":2,"data":[0.313769,0.111292,0.313769,0.111298,0.313774,0.111298,0.313778,0.111298,0.313778,0.111292,0.313769,0.11124,0.313769,0.111305,0.313778,0.111305,0.313778,0.11124,0.113774,0.501538,0.113774,0.501637,0.113765,0.501637,0.113765,0.501538,0.313778,0.111292,0.313778,0.111298,0.313774,0.111298,0.313769,0.111298,0.313769,0.111292,0.113776,0.501613,0.113776,0.501625,0.113774,0.501625,0.31378,0.111307,0.313769,0.111307,0.313769,0.111305,0.31378,0.111305,0.313769,0.111298,0.313773,0.111298,0.313778,0.111298,0.313778,0.111305,0.313769,0.111305,0.313778,0.111248,0.313778,0.111255,0.313769,0.111255,0.313769,0.111248,0.313774,0.111248,0.313769,0.111246,0.313769,0.11124,0.313778,0.11124,0.313778,0.111246,0.313773,0.111246,0.113776,0.501614,0.113776,0.501625,0.113765,0.501625,0.31378,0.111307,0.313769,0.111307,0.313769,0.111305,0.31378,0.111305,0.313778,0.111255,0.313778,0.111248,0.313774,0.111248,0.313769,0.111248,0.313769,0.111255,0.313778,0.111305,0.313773,0.111305,0.313773,0.11124,0.313778,0.11124]}}],"meshes":[{"aabb":{"min":[-59.055,-59.0549,-2.68691e-05],"max":[59.055,59.0549,17.3229]},"vertices":0,"indices":[0,1,2,0,2,3,0,3,4,5,6,7,7,8,5,9,10,11,11,12,9,13,14,15,13,15,16,13,16,17,18,19,20,21,22,23,23,24,21,25,26,27,25,27,28,25,28,29,30,31,32,30,32,33,30,33,34,35,36,37,35,37,38,35,38,39,40,41,42,43,44,45,45,46,43,47,48,49,47,49,50,47,50,51,52,53,54,54,55,52],"type":"triangles","base":0,"count":90}],"meshInstances":[{"node":1,"mesh":0}]}}