{"model":{"version":3,"nodes":[{"name":"RootNode","position":[0,0,0],"rotation":[0,0,0],"scale":[0.0254,0.0254,0.0254],"scaleCompensation":false},{"name":"golf_hielo_piedramediaA","position":[0,0,0],"rotation":[-90,-0,0],"scale":[1,1,1],"scaleCompensation":false}],"parents":[-1,0],"skins":[],"morphs":[],"vertices":[{"position":{"type":"float32","components":3,"data":[93.4993,-66.5576,4.10869,30.565,-137.816,49.3474,18.4671,-112.048,-2.64306,30.565,-137.816,49.3474,-37.1297,-124.564,49.7455,18.4671,-112.048,-2.64306,40.4782,-116.142,118.3,100.325,-57.0467,90.6142,96.2855,-43.6349,100.878,96.2855,-43.6349,100.878,40.2359,-111.321,125.065,40.4782,-116.142,118.3,-37.1297,-124.564,49.7455,-120.16,60.4893,68.7023,-121.573,14.4609,48.7763,-121.573,14.4609,48.7763,-73.451,-64.7664,49.3286,-37.1297,-124.564,49.7455,-60.8858,109.252,60.5474,-66.7077,100.322,7.00867,-120.16,60.4893,68.7023,-60.8858,109.252,60.5474,-97.3081,59.0759,137.226,25.5161,101.996,117.614,-60.8858,109.252,60.5474,25.5161,101.996,117.614,65.574,128.19,93.2914,25.5161,101.996,117.614,-97.3081,59.0759,137.226,-88.6092,52.5273,142.763,-88.6092,52.5273,142.763,26.2444,92.6631,124.424,25.5161,101.996,117.614,40.4782,-116.142,118.3,30.565,-137.816,49.3474,100.325,-57.0467,90.6142,49.9471,118.435,10.572,34.6924,139.994,57.6552,65.574,128.19,93.2914,-60.8858,109.252,60.5474,65.574,128.19,93.2914,34.6924,139.994,57.6552,49.9471,118.435,10.572,-66.7077,100.322,7.00867,-60.8858,109.252,60.5474,-60.8858,109.252,60.5474,34.6924,139.994,57.6552,49.9471,118.435,10.572,-120.16,60.4893,68.7023,-97.3081,59.0759,137.226,-60.8858,109.252,60.5474,-27.6376,-103.337,118.747,40.4782,-116.142,118.3,40.2359,-111.321,125.065,40.2359,-111.321,125.065,-23.4584,-99.3471,125.483,-27.6376,-103.337,118.747,-120.16,60.4893,68.7023,-27.6376,-103.337,118.747,-97.3081,59.0759,137.226,-121.905,55.312,-1.32263,-121.573,14.4609,48.7763,-120.16,60.4893,68.7023,-120.16,60.4893,68.7023,-66.7077,100.322,7.00867,-121.905,55.312,-1.32263,65.574,128.19,93.2914,25.5161,101.996,117.614,26.2444,92.6631,124.424,26.2444,92.6631,124.424,63.7036,117.157,101.679,65.574,128.19,93.2914,-120.16,60.4893,68.7023,-37.1297,-124.564,49.7455,-27.6376,-103.337,118.747,-37.1297,-124.564,49.7455,30.565,-137.816,49.3474,40.4782,-116.142,118.3,40.4782,-116.142,118.3,-27.6376,-103.337,118.747,-37.1297,-124.564,49.7455,149.886,-13.2076,73.0696,65.574,128.19,93.2914,63.7036,117.157,101.679,63.7036,117.157,101.679,142.992,-14.7276,90.7597,149.886,-13.2076,73.0696,-97.3081,59.0759,137.226,-27.6376,-103.337,118.747,-23.4584,-99.3471,125.483,-23.4584,-99.3471,125.483,-88.6092,52.5273,142.763,-97.3081,59.0759,137.226,100.325,-57.0467,90.6142,30.565,-137.816,49.3474,149.886,-13.2076,73.0696,131.994,-29.2714,3.04166,49.9471,118.435,10.572,65.574,128.19,93.2914,65.574,128.19,93.2914,149.886,-13.2076,73.0696,131.994,-29.2714,3.04166,149.886,-13.2076,73.0696,30.565,-137.816,49.3474,93.4993,-66.5576,4.10869,93.4993,-66.5576,4.10869,131.994,-29.2714,3.04166,149.886,-13.2076,73.0696,-67.0264,-136.244,-2.64307,-66.3976,-139.993,49.7455,-114.729,-115.622,49.411,-114.729,-115.622,49.411,-106.435,-100.098,-2.11971,-67.0264,-136.244,-2.64307,-121.573,14.4609,48.7763,-149.887,-43.7922,48.7763,-146.262,-46.1746,52.785,-121.573,14.4609,48.7763,-121.905,55.312,-1.32263,-133.329,-31.2817,-1.32265,-133.329,-31.2817,-1.32265,-149.887,-43.7922,48.7763,-121.573,14.4609,48.7763,18.4671,-112.048,-2.64306,-37.1297,-124.564,49.7455,-66.3976,-139.993,49.7455,-66.3976,-139.993,49.7455,-67.0264,-136.244,-2.64307,18.4671,-112.048,-2.64306,-149.887,-43.7922,48.7763,-114.729,-115.622,49.411,-113.562,-112.985,53.3752,-113.562,-112.985,53.3752,-146.262,-46.1746,52.785,-149.887,-43.7922,48.7763,-106.435,-100.098,-2.11971,-149.887,-43.7922,48.7763,-133.329,-31.2817,-1.32265,-114.729,-115.622,49.411,-66.3976,-139.993,49.7455,-68.6084,-135.654,53.6864,-68.6084,-135.654,53.6864,-113.562,-112.985,53.3752,-114.729,-115.622,49.411,-106.435,-100.098,-2.11971,-114.729,-115.622,49.411,-149.887,-43.7922,48.7763,-23.4584,-99.3471,125.483,40.2359,-111.321,125.065,-11.4383,-97.892,144.105,26.2444,92.6631,124.424,-11.4383,-97.892,144.105,96.2855,-43.6349,100.878,-88.6092,52.5273,142.763,-11.4383,-97.892,144.105,26.2444,92.6631,124.424,-11.4383,-97.892,144.105,-88.6092,52.5273,142.763,-23.4584,-99.3471,125.483,63.7036,117.157,101.679,26.2444,92.6631,124.424,96.2855,-43.6349,100.878,96.2855,-43.6349,100.878,142.992,-14.7276,90.7597,63.7036,117.157,101.679,40.2359,-111.321,125.065,96.2855,-43.6349,100.878,-11.4383,-97.892,144.105,100.325,-57.0467,90.6142,149.886,-13.2076,73.0696,142.992,-14.7276,90.7597,142.992,-14.7276,90.7597,96.2855,-43.6349,100.878,100.325,-57.0467,90.6142,-76.4247,-103.061,57.3845,-73.451,-64.7664,49.3286,-121.573,14.4609,48.7763,-121.573,14.4609,48.7763,-146.262,-46.1746,52.785,-76.4247,-103.061,57.3845,-68.6084,-135.654,53.6864,-76.4247,-103.061,57.3845,-113.562,-112.985,53.3752,-37.1297,-124.564,49.7455,-73.451,-64.7664,49.3286,-76.4247,-103.061,57.3845,-76.4247,-103.061,57.3845,-68.6084,-135.654,53.6864,-37.1297,-124.564,49.7455,-113.562,-112.985,53.3752,-76.4247,-103.061,57.3845,-146.262,-46.1746,52.785,-66.3976,-139.993,49.7455,-37.1297,-124.564,49.7455,-68.6084,-135.654,53.6864]},"normal":{"type":"float32","components":3,