{"model":{"version":3,"nodes":[{"name":"RootNode","position":[0,0,0],"rotation":[0,0,0],"scale":[0.0254,0.0254,0.0254],"scaleCompensation":false},{"name":"Mesh1 Wall_left Model 270","position":[0,0,0],"rotation":[-90,0,0],"scale":[1,1,1],"scaleCompensation":false}],"parents":[-1,0],"skins":[],"morphs":[],"vertices":[{"position":{"type":"float32","components":3,"data":[-59.055,-59.0549,17.3228,-59.055,-47.2441,17.3228,-59.055,-47.2441,7.48032,-59.055,-47.2441,8.37747e-06,-59.055,-59.0549,7.0399e-06,-59.055,-59.0549,7.0399e-06,59.055,-59.0549,-2.74558e-05,59.055,-59.0549,17.3228,-59.055,-59.0549,17.3228,49.2126,-47.2441,17.3228,-59.055,-47.2441,17.3228,-59.055,-59.0549,17.3228,59.055,-59.0549,17.3228,-59.055,-47.2441,7.48032,-59.055,-47.2441,17.3228,49.2126,-47.2441,17.3228,49.2126,-47.2441,7.48029,59.055,-59.0549,17.3228,59.055,-59.0549,-2.74558e-05,59.055,7.27928e-06,-1.72478e-05,59.055,6.06058e-06,7.4803,59.055,4.45703e-06,17.3228,59.055,6.06058e-06,7.4803,49.2126,7.97237e-06,7.4803,49.2126,6.36882e-06,17.3228,59.055,4.45703e-06,17.3228,49.2126,7.97237e-06,7.4803,49.2126,-47.2441,7.48029,49.2126,-47.2441,17.3228,49.2126,6.36882e-06,17.3228,59.055,59.0549,17.3228,59.055,47.2441,17.3228,59.055,47.2441,7.48031,59.055,47.2441,-9.5508e-06,59.055,59.0549,-8.79989e-06,-59.055,59.0549,17.3229,59.055,59.0549,17.3228,59.055,59.0549,-8.79989e-06,-59.0549,59.0549,2.56958e-05,59.055,59.0549,17.3228,-59.055,59.0549,17.3229,-59.055,47.2441,17.3229,59.055,47.2441,17.3228,-59.055,47.2441,7.48034,59.055,47.2441,7.48031,59.055,47.2441,17.3228,-59.055,47.2441,17.3229,-59.055,59.0549,17.3229,-59.0549,59.0549,2.56958e-05,-59.055,47.2441,2.37716e-05,-59.055,47.2441,7.48034,-59.055,47.2441,17.3229,59.055,-59.0549,17.3228,59.055,4.45703e-06,17.3228,49.2126,6.36882e-06,17.3228,49.2126,-47.2441,17.3228]},"normal":{"type":"float32","components":3,"data":[-1,-1.42851e-07,-1.71419e-07,-1,-3.22982e-07,-3.87573e-07,-1,-9.00655e-08,-1.08077e-07,-1,0,0,-1,0,0,-6.72662e-14,-1,-2.20212e-07,-6.43161e-14,-1,-2.20212e-07,-6.46175e-14,-1,-2.20212e-07,-6.75676e-14,-1,-2.20212e-07,4.48807e-07,-2.66205e-07,1,2.81872e-07,-1.61491e-07,1,2.83598e-07,-1.77317e-07,1,4.28255e-07,-2.89086e-07,1,2.11404e-07,1,3.87573e-07,2.11404e-07,1,3.87573e-07,2.11404e-07,1,3.87573e-07,2.11404e-07,1,3.87573e-07,1,-1.33845e-07,4.24793e-08,1,-1.29191e-07,-2.84495e-14,1,-2.51609e-07,-4.17331e-07,1,-1.82948e-07,6.50343e-08,1,-6.45959e-08,7.75147e-07,1.94241e-07,1,1.62921e-07,1.94241e-07,1,1.62921e-07,1.94241e-07,1,1.62921e-07,1.94241e-07,1,1.62921e-07,-1,1.72047e-07,5.06786e-08,-1,2.42233e-07,3.87573e-07,-1,2.31675e-07,3.36895e-07,-1,1.61489e-07,2.63099e-14,1,2.75054e-07,-9.01363e-08,1,3.22983e-07,1.2518e-13,1,6.29454e-07,-3.67758e-07,1,2.84943e-07,-1.94276e-07,1,0,0,-3.22978e-08,1,2.20212e-07,-3.22978e-08,1,2.20212e-07,-3.22978e-08,1,2.20212e-07,-3.22978e-08,1,2.20212e-07,3.0683e-07,-1.61491e-07,1,3.0683e-07,-1.61492e-07,1,3.0683e-07,-1.61492e-07,1,3.0683e-07,-1.61491e-07,1,-2.26085e-07,-1,-3.87573e-07,-2.26085e-07,-1,-3.87573e-07,-2.26085e-07,-1,-3.87573e-07,-2.26085e-07,-1,-3.87573e-07,-1,9.80165e-09,-1.52686e-07,-1,1.29194e-06,-6.60636e-07,-1,6.79734e-08,1.73867e-07,-1,-1.47532e-06,9.95199e-07,-1,-3.22984e-07,-3.87573e-07,4.28255e-07,-2.89086e-07,1,5.8137e-07,-1.61489e-07,1,5.8137e-07,-1.61489e-07,1,4.48807e-07,-2.66205e-07,1]},"texCoord0":{"type":"float32","components":2,"data":[0.313769,0.111272,0.313769,0.111279,0.313774,0.111279,0.313778,0.111279,0.313778,0.111272,0.313769,0.11124,0.313769,0.111305,0.313778,0.111305,0.313778,0.11124,0.113774,0.501624,0.113774,0.50154,0.113765,0.50154,0.113765,0.501631,0.313773,0.11124,0.313778,0.11124,0.313778,0.111299,0.313773,0.111299,0.313769,0.111272,0.313778,0.111272,0.313778,0.111304,0.313774,0.111304,0.313769,0.111304,0.313784,0.111311,0.313784,0.111311,0.313784,0.111311,0.313784,0.111311,0.313774,0.111304,0.313774,0.111279,0.313769,0.111279,0.313769,0.111304,0.313769,0.111261,0.313769,0.111255,0.313774,0.111255,0.313778,0.111255,0.313778,0.111261,0.313778,0.11124,0.313778,0.111305,0.313769,0.111305,0.313769,0.11124,0.113774,0.501538,0.113774,0.501637,0.113765,0.501637,0.113765,0.501538,0.313773,0.11124,0.313773,0.111305,0.313778,0.111305,0.313778,0.11124,0.313769,0.111261,0.313778,0.111261,0.313778,0.111255,0.313774,0.111255,0.313769,0.111255,0.113765,0.501558,0.113765,0.501613,0.113774,0.501613,0.113774,0.501569]}}],"meshes":[{"aabb":{"min":[-59.055,-59.0549,-2.74558e-05],"max":[59.055,59.0549,17.3229]},"vertices":0,"indices":[0,1,2,0,2,3,0,3,4,5,6,7,7,8,5,9,10,11,11,12,9,13,14,15,15,16,13,17,18,19,17,19,20,17,20,21,22,23,24,24,25,22,26,27,28,28,29,26,30,31,32,30,32,33,30,33,34,35,36,37,37,38,35,39,40,41,41,42,39,43,44,45,45,46,43,47,48,49,47,49,50,47,50,51,52,53,54,54,55,52],"type":"triangles","base":0,"count":90}],"meshInstances":[{"node":1,"mesh":0}]}}