{"model":{"version":3,"nodes":[{"name":"RootNode","position":[0,0,0],"rotation":[0,0,0],"scale":[0.0254,0.0254,0.0254],"scaleCompensation":false},{"name":"LEVEL1-flechas","position":[0,0,0],"rotation":[-90,-0,0],"scale":[0.3937,0.3937,0.3937],"scaleCompensation":false}],"parents":[-1,0],"skins":[],"morphs":[],"vertices":[{"position":{"type":"float32","components":3,"data":[-2059.25,886.079,-1244.97,-2059.25,806.11,-1244.97,-2007.42,846.083,-1237.35,-2063.5,894.773,-1245.6,-2063.5,797.42,-1245.6,-2059.25,806.11,-1244.97,-2059.25,806.11,-1244.97,-2059.25,886.079,-1244.97,-2063.5,894.773,-1245.6,-2063.5,797.42,-1245.6,-2000.41,846.082,-1236.32,-2007.42,846.083,-1237.35,-2007.42,846.083,-1237.35,-2059.25,806.11,-1244.97,-2063.5,797.42,-1245.6,-2000.41,846.082,-1236.32,-2063.5,894.773,-1245.6,-2059.25,886.079,-1244.97,-2059.25,886.079,-1244.97,-2007.42,846.083,-1237.35,-2000.41,846.082,-1236.32,-1966.42,886.079,-1230.16,-1966.42,806.11,-1230.16,-1914.59,846.083,-1222.53,-1970.67,894.773,-1230.79,-1970.67,797.42,-1230.79,-1966.42,806.11,-1230.16,-1966.42,806.11,-1230.16,-1966.42,886.079,-1230.16,-1970.67,894.773,-1230.79,-1970.67,797.42,-1230.79,-1907.58,846.082,-1221.5,-1914.59,846.083,-1222.53,-1914.59,846.083,-1222.53,-1966.42,806.11,-1230.16,-1970.67,797.42,-1230.79,-1907.58,846.082,-1221.5,-1970.67,894.773,-1230.79,-1966.42,886.079,-1230.16,-1966.42,886.079,-1230.16,-1914.59,846.083,-1222.53,-1907.58,846.082,-1221.5,-1873.28,886.079,-1217.18,-1873.28,806.11,-1217.18,-1821.45,846.083,-1209.55,-1877.53,894.773,-1217.8,-1877.53,797.42,-1217.8,-1873.28,806.11,-1217.18,-1873.28,806.11,-1217.18,-1873.28,886.079,-1217.18,-1877.53,894.773,-1217.8,-1877.53,797.42,-1217.8,-1814.44,846.082,-1208.52,-1821.45,846.083,-1209.55,-1821.45,846.083,-1209.55,-1873.28,806.11,-1217.18,-1877.53,797.42,-1217.8,-1814.44,846.082,-1208.52,-1877.53,894.773,-1217.8,-1873.28,886.079,-1217.18,-1873.28,886.079,-1217.18,-1821.45,846.083,-1209.55,-1814.44,846.082,-1208.52]},"normal":{"type":"float32","components":3,"data":[-0.145581,-6.66676e-07,0.989346,-0.145581,-6.66676e-07,0.989346,-0.145581,-6.66676e-07,0.989346,-0.145576,-7.3015e-07,0.989347,-0.145576,-7.3015e-07,0.989347,-0.145576,-7.3015e-07,0.989347,-0.145575,-6.66646e-07,0.989347,-0.145575,-6.66646e-07,0.989347,-0.145575,-6.66646e-07,0.989347,-0.145582,9.95344e-07,0.989346,-0.145582,9.95344e-07,0.989346,-0.145582,9.95344e-07,0.989346,-0.145584,3.52745e-06,0.989346,-0.145584,3.52745e-06,0.989346,-0.145584,3.52745e-06,0.989346,-0.145585,-5.73856e-06,0.989346,-0.145585,-5.73856e-06,0.989346,-0.145585,-5.73856e-06,0.989346,-0.145582,-2.01906e-06,0.989346,-0.145582,-2.01906e-06,0.989346,-0.145582,-2.01906e-06,0.989346,-0.145581,-6.66676e-07,0.989346,-0.145581,-6.66676e-07,0.989346,-0.145581,-6.66676e-07,0.989346,-0.145576,-7.3015e-07,0.989347,-0.145576,-7.3015e-07,0.989347,-0.145576,-7.3015e-07,0.989347,-0.145575,-6.66646e-07,0.989347,-0.145575,-6.66646e-07,0.989347,-0.145575,-6.66646e-07,0.989347,-0.145582,9.95344e-07,0.989346,-0.145582,9.95344e-07,0.989346,-0.145582,9.95344e-07,0.989346,-0.145584,3.52745e-06,0.989346,-0.145584,3.52745e-06,0.989346,-0.145584,3.52745e-06,0.989346,-0.145585,-5.73856e-06,0.989346,-0.145585,-5.73856e-06,0.989346,-0.145585,-5.73856e-06,0.989346,-0.145582,-2.01906e-06,0.989346,-0.145582,-2.01906e-06,0.989346,-0.145582,-2.01906e-06,0.989346,-0.145581,-6.66676e-07,0.989346,-0.145581,-6.66676e-07,0.989346,-0.145581,-6.66676e-07,0.989346,-0.145576,-7.3015e-07,0.989347,-0.145576,-7.3015e-07,0.989347,-0.145576,-7.3015e-07,0.989347,-0.145575,-6.66646e-07,0.989347,-0.145575,-6.66646e-07,0.989347,-0.145575,-6.66646e-07,0.989347,-0.145582,9.95344e-07,0.989346,-0.145582,9.95344e-07,0.989346,-0.145582,9.95344e-07,0.989346,-0.145584,3.52745e-06,0.989346,-0.145584,3.52745e-06,0.989346,-0.145584,3.52745e-06,0.989346,-0.145585,-5.73856e-06,0.989346,-0.145585,-5.73856e-06,0.989346,-0.145585,-5.73856e-06,0.989346,-0.145582,-2.01906e-06,0.989346,-0.145582,-2.01906e-06,0.989346,-0.145582,-2.01906e-06,0.989346]},"texCoord0":{"type":"float32","components":2,"data":[0.854729,0.869987,0.854729,0.869987,0.854729,0.869987,0.953028,0.922727,0.953028,0.922628,0.953028,0.922628,0.953028,0.922628,0.953028,0.922727,0.953028,0.922727,0.953028,0.922628,0.953135,0.922727,0.953135,0.922727,0.953135,0.922727,0.953028,0.922628,0.953028,0.922628,0.953135,0.922727,0.953028,0.922727,0.953028,0.922727,0.953028,0.922727,0.953135,0.922727,0.953135,0.922727,0.854729,0.869987,0.854729,0.869987,0.854729,0.869987,0.953028,0.922727,0.953028,0.922628,0.953028,0.922628,0.953028,0.922628,0.953028,0.922727,0.953028,0.922727,0.953028,0.922628,0.953135,0.922727,0.953135,0.922727,0.953135,0.922727,0.953028,0.922628,0.953028,0.922628,0.953135,0.922727,0.953028,0.922727,0.953028,0.922727,0.953028,0.922727,0.953135,0.922727,0.953135,0.922727,0.854729,0.869987,0.854729,0.869987,0.854729,0.869987,0.953028,0.922727,0.953028,0.922628,0.953028,0.922628,0.953028,0.922628,0.953028,0.922727,0.953028,0.922727,0.953028,0.922628,0.953135,0.922727,0.953135,0.922727,0.953135,0.922727,0.953028,0.922628,0.953028,0.922628,0.953135,0.922727,0.953028,0.922727,0.953028,0.922727,0.953028,0.922727,0.953135,0.922727,0.953135,0.922727]}}],"meshes":[{"aabb":{"min":[-2063.5,797.42,-1245.6],"max":[-1814.44,894.773,-1208.52]},"vertices":0,"indices":[0,1,2,3,4,5,6,7,8,9,10,11,12,13,14,15,16,17,18,19,20,21,22,23,24,25,26,27,28,29,30,31,32,33,34,35,36,37,38,39,40,41,42,43,44,45,46,47,48,49,50,51,52,53,54,55,56,57,58,59,60,61,62],"type":"triangles","base":0,"count":63}],"meshInstances":[{"node":1,"mesh":0}]}}