{"model":{"version":3,"nodes":[{"name":"RootNode","position":[0,0,0],"rotation":[0,0,0],"scale":[0.01,0.01,0.01],"scaleCompensation":false},{"name":"Object001","position":[0,0,0],"rotation":[-90,-0,0],"scale":[2.54,2.54,2.54],"scaleCompensation":false}],"parents":[-1,0],"skins":[],"morphs":[],"vertices":[{"position":{"type":"float32","components":3,"data":[-583.839,-847.063,77.1639,-583.839,-987.265,77.1639,-583.839,-847.063,0.608177,-583.839,-987.265,0.608165,-583.839,-958.755,66.2199,-583.839,-1098.96,66.2199,-583.839,-958.755,-10.3359,-583.839,-1098.96,-10.3359,-583.839,-958.755,-10.3359,-583.839,-1098.96,66.2199,-583.839,-1070.45,77.1639,-583.839,-1210.65,77.1639,-583.839,-1070.45,0.608159,-583.839,-1210.65,0.608147,-583.839,-1070.45,0.608159,-583.839,-1210.65,77.1639,-583.839,-1182.14,77.1639,-583.839,-1322.34,77.1639,-583.839,-1182.14,0.60815,-583.839,-1322.34,0.608144,-583.839,-1182.14,0.60815,-583.839,-1293.83,66.2199,-583.839,-1434.04,66.2199,-583.839,-1293.83,-10.3359,-583.839,-1434.04,-10.3359,-583.839,-1405.53,77.1639,-583.839,-1545.73,77.1639,-583.839,-1405.53,0.608135,-583.839,-1545.73,0.608129,-583.839,-1405.53,0.608135,-583.839,-1545.73,77.1639,-583.839,-1517.22,69.4718,-583.839,-1657.42,69.4717,-583.839,-1517.22,-7.08401,-583.839,-1657.42,-7.08402,-583.839,-1628.91,77.1639,-583.839,-1769.12,77.1639,-583.839,-1628.91,0.608126,-583.839,-1769.12,0.608111,-583.839,-1852.3,77.1639,-583.839,-1992.5,77.1639,-583.839,-1852.3,0.608111,-583.839,-1992.5,0.608102,-583.839,-1964.3,77.1639,-583.84,-2104.5,77.1639,-583.839,-1964.3,0.608105,-583.84,-2104.5,0.608099,-583.839,-1964.3,0.608105,-583.84,-2104.5,77.1639,-583.839,-1740.61,73.912,-583.839,-1880.81,73.912,-583.839,-1740.61,-2.64376,-583.839,-1880.81,-2.64377,-583.839,182.554,77.164,-583.839,42.3509,77.164,-583.839,182.554,0.608225,-583.839,42.3509,0.608219,-583.839,182.554,0.608225,-583.839,42.3509,77.164,-583.839,70.8607,77.164,-583.839,-69.3419,77.164,-583.839,70.8607,0.608219,-583.839,-69.3419,0.608213,-583.839,-40.8321,66.22,-583.839,-181.035,66.22,-583.839,-40.8321,-10.3358,-583.839,-181.035,-10.3358,-583.839,-40.8321,-10.3358,-583.839,-181.035,66.22,-583.839,-152.525,77.164,-583.839,-292.728,77.164,-583.839,-152.525,0.608204,-583.839,-292.728,0.608198,-583.839,-264.218,69.4718,-583.839,-404.42,69.4718,-583.839,-264.218,-7.08394,-583.839,-404.42,-7.08395,-583.839,-375.911,77.164,-583.839,-516.113,77.164,-583.839,-375.911,0.608192,-583.839,-516.113,0.608189,-583.839,-516.113,77.164,-583.839,-599.297,69.4718,-583.839,-739.499,69.4718,-583.839,-599.297,-7.08396,-583.839,-739.499,-7.08396,-583.839,-711.296,77.1639,-583.839,-851.498,77.1639,-583.839,-711.296,0.608174,-583.839,-851.498,0.608168,-583.839,-711.296,0.608174,-583.839,-851.498,77.1639,-583.839,-487.604,73.9121,-583.839,-627.806,73.9121,-583.839,-487.604,-2.64369,-583.839,-627.806,-2.6437,-583.839,-487.604,-2.64369,-583.839,-627.806,73.9121,582.154,-1963.1,77.1639,582.154,-1963.1,0.60815,582.154,-2103.31,77.1639,582.154,-2103.31,0.608138,582.154,-1851.1,73.912,582.154,-1851.1,-2.64373,582.154,-1991.31,73.912,582.154,-1991.31,-2.64373,582.154,-1739.41,77.1639,582.154,-1739.41,0.608159,582.154,-1879.61,77.1639,582.154,-1879.61,0.608147,582.154,-1879.61,77.1639,582.154,-1739.41,0.608159,582.154,-1627.72,77.1639,582.154,-1627.72,0.608165,582.154,-1767.92,77.1639,582.154,-1767.92,0.608156,582.154,-1516.03,73.9121,582.154,-1516.03,-2.64371,582.154,-1656.23,73.9121,582.154,-1656.23,-2.64371,582.154,-1656.23,73.9121,582.154,-1516.03,-2.64371,582.154,-1404.33,77.1639,582.154,-1404.33,0.608177,582.154,-1544.54,77.1639,582.154,-1544.54,0.608171,582.154,-1544.54,77.1639,582.154,-1404.33,0.608177,582.154,-1292.64,77.1639,582.154,-1292.64,0.608183,582.154,-1432.84,77.1639,582.154,-1432.84,0.608174,582.154,-1180.95,73.9121,582.154,-1180.95,-2.64368,582.154,-1321.15,73.9121,582.154,-1321.15,-2.64369,582.154,-1321.15,73.9121,582.154,-1180.95,-2.64368,582.154,-1069.25,69.4718,582.154,-1069.25,-7.08394,582.154,-1209.46,69.4718,582.154,-1209.46,-7.08395,582.154,-1209.46,69.4718,582.154,-1069.25,-7.08394,582.154,-957.562,73.9121,582.154,-957.562,-2.64367,582.154,-1097.76,73.9121,582.154,-1097.76,-2.64368,582.154,-1097.76,73.9121,582.154,-957.562,-2.64367,582.154,-845.869,77.164,582.154,-845.869,0.608213,582.154,-986.071,77.164,582.154,-986.071,0.608201,582.154,-986.071,77.164,582.154,-711.296,69.4718,582.154,-711.296,-7.08392,582.154,-851.499,69.4718,582.154,-851.499,-7.08393,582.154,-711.296,-7.08392,582.154,-599.297,73.9121,582.154,-599.297,-2.64366,582.154,-739.5,73.9121,582.154,-739.5,-2.64367,582.154,-739.5,73.9121,582.154,-599.297,-2.64366,582.154,-487.604,77.164,582.154,-487.604,0.608228,582.154,-627.807,77.164,582.154,-627.807,0.608219,582.154,-487.604,0.608228,582.154,-375.911,69.4719,582.154,-375.911,-7.0839,582.154,-516.114,69.4719,582.154,-516.114,-7.08391,582.154,-264.218,66.22,582.154,-264.218,-10.3358,582.154,-404.421,66.22,582.154,-404.421,-10.3358,582.154,-404.421,66.22,582.154,-264.218,-10.3358,582.154,-152.526,77.164,582.154,-152.526,0.608249,582.154,-292.728,77.164,582.154,-292.728,0.60824,582.154,-292.728,77.164,582.154,-40.8326,77.164,582.154,-40.8325,0.608252,582.154,-181.035,77.164,582.154,-181.035,0.608246,582.154,-181.035,77.164,582.154,-40.8325,0.608252,584.593,224.768,66.22,584.593,222.995,-10.3358,584.593,97.0737,66.22,584.593,97.0737,-10.3358,584.593,97.0737,66.22,584.593,222.995,-10.3358,582.154,182.553,77.164,582.154,182.553,0.608267,582.154,42.3502,77.164,582.154,42.3503,0.608258,582.154,42.3502,77.164,582.154,182.553,0.608267,384.247,219.279,73.9121,384.247,219.279,-2.6436,524.136,219.279,73.9122,524.136,219.279,-2.6436,524.136,219.279,73.9122,384.247,219.279,-2.6436,249.488,215.964,69.4719,249.488,215.964,-7.08387,389.377,215.964,69.4719,389.377,215.964,-7.08386,389.377,215.964,69.4719,249.488,215.964,-7.08387,66.936,223.577,64.4148,66.936,223.577,-3.82517,206.824,223.577,71.6179,206.824,223.577,-3.82517,206.824,223.577,71.6179,66.936,223.577,-3.82517,157.866,219.147,77.164,157.866,219.147,0.60827,297.755,219.147,77.164,297.755,219.147,0.608276,297.755,219.147,77.164,157.866,219.147,0.60827,-61.8291,219.147,69.4719,-61.8291,219.147,-7.08387,78.0594,219.147,69.4719,78.0594,219.147,-7.08387,-156.062,222.55,77.164,-156.062,222.55,0.608267,-16.1733,222.55,77.164,-16.1733,222.55,0.608267,-16.1733,222.55,77.164,-156.062,222.55,0.608267,-286.638,219.147,66.22,-286.638,219.147,-10.3358,-215.395,219.147,66.22,-214.431,219.147,-10.3358,-215.395,219.147,66.22,-401.275,219.147,77.164,-401.275,219.147,0.608261,-261.386,219.147,77.164,-261.386,219.147,0.608264,-522.632,219.147,77.164,-522.632,219.147,0.608258,-382.744,219.147,77.164,-382.744,219.147,0.608264,-586.387,223.106,69.4719,-585.647,223.103,-7.08389,-490.549,222.64,69.4719,-490.549,222.64,-7.08389,-490.549,222.64,69.4719,-585.647,223.103,-7.08389,-146.749,219.147,-1.66397,-146.749,219.147,74.8918,-214.431,219.147,-10.3358,486.54,222.813,77.164,486.54,222.813,0.60828,586.413,221.571,77.164,589.942,221.528,0.60828,586.413,221.571,77.164,486.54,222.813,0.60828,-583.839,116.055,-10.0385,-583.839,226.533,-10.0385,-583.839,116.055,66.5173,-583.839,225.835,66.5173,-583.839,116.055,66.5173,-583.839,226.533,-10.0385,588.657,58.1525,66.22,588.657,56.3796,-10.3358,588.657,-69.5421,66.22,588.657,-69.5421,-10.3358,588.657,-69.5421,66.22,588.657,56.3796,-10.3358]},"normal":{"type":"float32","components":3,