{"model":{"version":3,"nodes":[{"name":"RootNode","position":[0,0,0],"rotation":[0,0,0],"scale":[0.0254,0.0254,0.0254],"scaleCompensation":false},{"name":"Mesh1 Obstacle_block Model 90","position":[0,0,0],"rotation":[-90,0,0],"scale":[1,1,1],"scaleCompensation":false}],"parents":[-1,0],"skins":[],"morphs":[],"vertices":[{"position":{"type":"float32","components":3,"data":[-59.055,-59.0549,17.3228,-59.055,-47.2441,17.3228,-59.055,-47.2441,7.48032,-59.055,-47.2441,8.37747e-06,-59.055,-59.0549,7.0399e-06,-59.055,-59.0549,7.0399e-06,59.055,-59.0549,-2.74558e-05,59.055,-59.0549,17.3228,-59.055,-59.0549,17.3228,59.055,-47.2441,17.3228,-59.055,-47.2441,17.3228,-59.055,-59.0549,17.3228,59.055,-59.0549,17.3228,59.055,-59.0549,17.3228,59.055,-59.0549,-2.74558e-05,59.055,-47.2441,-2.49449e-05,59.055,-47.2441,7.48029,59.055,-47.2441,17.3228,-37.0598,9.50078,7.48033,-37.0598,-9.50077,7.48032,-37.0598,-9.50077,17.3228,-37.0598,9.50078,17.3228,37.0598,9.50076,17.3228,-37.0598,9.50078,17.3228,-37.0598,-9.50077,17.3228,37.0598,-9.50078,17.3228,59.055,59.0549,17.3228,59.055,47.2441,17.3228,59.055,47.2441,7.48031,59.055,59.0549,17.3228,59.055,47.2441,7.48031,59.055,47.2441,-9.55079e-06,59.055,59.0549,-8.79989e-06,-59.055,59.0549,17.3229,59.055,59.0549,17.3228,59.055,59.0549,-8.79989e-06,-59.0549,59.0549,2.56958e-05,59.055,59.0549,17.3228,-59.055,59.0549,17.3229,-59.055,47.2441,17.3229,59.055,47.2441,17.3228,37.0598,9.50077,7.48031,-37.0598,9.50078,7.48033,-37.0598,9.50078,17.3228,37.0598,9.50076,17.3228,37.0598,-9.50078,17.3228,37.0598,-9.50078,7.4803,37.0598,9.50077,7.48031,37.0598,9.50076,17.3228,-37.0598,-9.50077,7.48032,37.0598,-9.50078,7.4803,37.0598,-9.50078,17.3228,-37.0598,-9.50077,17.3228,-59.055,47.2441,17.3229,59.055,47.2441,17.3228,59.055,47.2441,7.48031,-59.055,47.2441,7.48034,-59.0549,59.0549,2.56958e-05,-59.055,47.2441,2.37716e-05,-59.055,47.2441,7.48034,-59.055,47.2441,17.3229,-59.0549,59.0549,2.56958e-05,-59.055,47.2441,17.3229,-59.055,59.0549,17.3229,59.055,-47.2441,17.3228,59.055,-47.2441,7.48029,-59.055,-47.2441,7.48032,-59.055,-47.2441,17.3228]},"normal":{"type":"float32","components":3,"data":[-1,-1.42852e-07,-1.7142e-07,-1,-3.22984e-07,-3.87573e-07,-1,-9.00656e-08,-1.08077e-07,-1,0,0,-1,0,0,-6.72662e-14,-1,-2.20212e-07,-6.43161e-14,-1,-2.20212e-07,-6.46175e-14,-1,-2.20212e-07,-6.75676e-14,-1,-2.20212e-07,3.0683e-07,-1.61492e-07,1,3.0683e-07,-1.61492e-07,1,3.0683e-07,-1.61492e-07,1,3.0683e-07,-1.61492e-07,1,1,-6.45969e-07,-1.64923e-13,1,-6.45969e-07,-1.4225e-13,1,-6.45968e-07,-8.80586e-14,1,-6.45968e-07,-6.98141e-14,1,-6.45969e-07,-2.5036e-13,-1,2.00757e-07,3.87573e-07,-1,2.00757e-07,3.87573e-07,-1,2.00757e-07,3.87573e-07,-1,2.00757e-07,3.87573e-07,2.57334e-07,-2.00757e-07,1,2.57334e-07,-2.00757e-07,1,2.57334e-07,-2.00757e-07,1,2.57334e-07,-2.00757e-07,1,1,3.22984e-07,1.2518e-13,1,3.22984e-07,1.2518e-13,1,3.22984e-07,1.2518e-13,0.48708,-2.558e-08,0.873357,1,7.47962e-07,-5.09965e-07,1,2.84944e-07,-1.94276e-07,1,0,0,-3.22978e-08,1,2.20212e-07,-3.22978e-08,1,2.20212e-07,-3.22978e-08,1,2.20212e-07,-3.22978e-08,1,2.20212e-07,0.48708,-2.558e-08,0.873357,3.0683e-07,-1.61492e-07,1,-0.356,-1.23316e-07,0.934486,3.0683e-07,-1.61492e-07,1,2.05867e-07,1,1.93787e-07,2.05867e-07,1,1.93787e-07,2.05867e-07,1,1.93787e-07,2.05867e-07,1,1.93787e-07,1,-2.00757e-07,-3.87573e-07,1,-2.00757e-07,-3.87573e-07,1,-2.00757e-07,-3.87573e-07,1,-2.00757e-07,-3.87573e-07,-2.05867e-07,-1,-1.93787e-07,-2.05867e-07,-1,-1.93787e-07,-2.05867e-07,-1,-1.93787e-07,-2.05867e-07,-1,-1.93787e-07,2.26085e-07,1,3.87573e-07,2.26085e-07,1,3.87573e-07,2.26085e-07,1,3.87573e-07,2.26085e-07,1,3.87573e-07,-1,7.82623e-07,7.2573e-07,-1,1.29194e-06,1.52989e-06,-1,4.66482e-07,2.26571e-07,-0.356,-1.23316e-07,0.934486,-1,-3.22984e-07,-6.60636e-07,-1,-3.22984e-07,-6.60636e-07,-1,-3.22984e-07,-6.60636e-07,2.26085e-07,1,3.87573e-07,2.26085e-07,1,3.87573e-07,2.26085e-07,1,3.87573e-07,2.26085e-07,1,3.87573e-07]},"texCoord0":{"type":"float32","components":2,"data":[0.313769,0.111256,0.313769,0.111263,0.313774,0.111263,0.313778,0.111263,0.313778,0.111256,0.313769,0.111241,0.313769,0.111306,0.313778,0.111306,0.313778,0.111241,0.113774,0.501538,0.113774,0.501637,0.113765,0.501637,0.113765,0.501538,0.313769,0.111256,0.313778,0.111256,0.313778,0.111263,0.313774,0.111263,0.313769,0.111263,0.313774,0.111275,0.313774,0.111265,0.313769,0.111265,0.313769,0.111275,0.113776,0.501578,0.113776,0.501621,0.113765,0.501621,0.113765,0.501578,0.313769,0.111266,0.313769,0.111259,0.313774,0.111259,0.313769,0.111266,0.313774,0.111259,0.313778,0.111259,0.313778,0.111266,0.313778,0.111241,0.313778,0.111306,0.313769,0.111306,0.313769,0.111241,0.113774,0.501538,0.113774,0.501637,0.113765,0.501637,0.113765,0.501538,0.313773,0.111294,0.313773,0.111253,0.313778,0.111253,0.313778,0.111294,0.313769,0.111265,0.313774,0.111265,0.313774,0.111275,0.313769,0.111275,0.313773,0.111253,0.313773,0.111294,0.313778,0.111294,0.313778,0.111253,0.313778,0.111241,0.313778,0.111306,0.313773,0.111306,0.313773,0.111241,0.313778,0.111266,0.313778,0.111259,0.313774,0.111259,0.313769,0.111259,0.313778,0.111266,0.313769,0.111259,0.313769,0.111266,0.313778,0.111306,0.313773,0.111306,0.313773,0.111241,0.313778,0.111241]}}],"meshes":[{"aabb":{"min":[-59.055,-59.0549,-2.74558e-05],"max":[59.055,59.0549,17.3229]},"vertices":0,"indices":[0,1,2,0,2,3,0,3,4,5,6,7,7,8,5,9,10,11,11,12,9,13,14,15,13,15,16,13,16,17,18,19,20,20,21,18,22,23,24,24,25,22,26,27,28,29,30,31,29,31,32,33,34,35,35,36,33,37,38,39,39,40,37,41,42,43,43,44,41,45,46,47,47,48,45,49,50,51,51,52,49,53,54,55,55,56,53,57,58,59,57,59,60,61,62,63,64,65,66,66,67,64],"type":"triangles","base":0,"count":102}],"meshInstances":[{"node":1,"mesh":0}]}}