{"model":{"version":3,"nodes":[{"name":"RootNode","position":[0,0,0],"rotation":[0,0,0],"scale":[0.0254,0.0254,0.0254],"scaleCompensation":false},{"name":"LEVEL67-rampas","position":[0,0,0],"rotation":[-90,-0,0],"scale":[0.3937,0.3937,0.3937],"scaleCompensation":false}],"parents":[-1,0],"skins":[],"morphs":[],"vertices":[{"position":{"type":"float32","components":3,"data":[-1789.13,696.092,-1205.5,-1789.14,621.535,-1205.5,-1489.13,696.234,-1293.5,-1489.14,396.095,-1293.5,-1489.13,696.234,-1293.5,-1789.14,470.653,-1205.5,-1789.14,470.653,-1205.5,-1789.13,396.095,-1205.5,-1489.14,396.095,-1293.5,-1789.14,621.535,-1205.5,-1789.14,470.653,-1205.5,-1489.13,696.234,-1293.5,-1789.13,696.092,-1231.61,-1789.14,621.535,-1231.61,-1789.14,621.535,-1205.5,-1789.14,621.535,-1205.5,-1789.13,696.092,-1205.5,-1789.13,696.092,-1231.61,-1789.14,470.653,-1231.61,-1789.13,396.095,-1231.61,-1789.13,396.095,-1205.5,-1789.13,396.095,-1205.5,-1789.14,470.653,-1205.5,-1789.14,470.653,-1231.61,-1489.14,696.234,-1319.61,-1789.13,696.092,-1231.61,-1789.13,696.092,-1205.5,-1789.13,696.092,-1205.5,-1489.14,696.234,-1293.5,-1489.14,696.234,-1319.61,-1789.13,396.095,-1231.61,-1489.14,396.095,-1319.61,-1489.14,396.095,-1293.5,-1489.14,396.095,-1293.5,-1789.13,396.095,-1205.5,-1789.13,696.092,-1231.61,-1489.14,696.234,-1319.61,-1489.14,396.095,-1319.61,-1489.14,396.095,-1319.61,-1789.13,396.095,-1231.61,-1789.13,696.092,-1231.61,-1489.14,696.234,-1315.45,-1489.14,396.095,-1315.45,-1489.14,396.095,-1319.61,-1489.14,396.095,-1319.61,-1489.14,696.234,-1319.61,-1489.14,696.234,-1315.45]},"normal":{"type":"float32","components":3,"data":[0.281477,-3.73293e-05,0.959568,0.281477,-3.73293e-05,0.959568,0.281477,-3.73293e-05,0.959568,0.281472,-6.1142e-06,0.959569,0.281472,-6.1142e-06,0.959569,0.281472,-6.1142e-06,0.959569,0.281482,3.73295e-05,0.959566,0.281482,3.73295e-05,0.959566,0.281482,3.73295e-05,0.959566,0.281469,-7.76335e-07,0.95957,0.281469,-7.76335e-07,0.95957,0.281469,-7.76335e-07,0.95957,-1,0.000132619,0,-1,0.000132619,0,-1,0.000132619,0,-1,0.000132619,0,-1,0.000132619,0,-1,0.000132619,0,-1,-0.000132618,0,-1,-0.000132618,0,-1,-0.000132618,0,-1,-0.000132618,0,-1,-0.000132618,0,-1,-0.000132618,0,-0.000470791,1,0,-0.000470791,1,0,-0.000470791,1,0,-0.000470791,1,0,-0.000470791,1,0,-0.000470791,1,0,0,-1,0,0,-1,0,0,-1,0,0,-1,0,0,-1,0,-0.281479,4.55326e-06,-0.959567,-0.281479,4.55326e-06,-0.959568,-0.281479,4.55326e-06,-0.959567,-0.281483,3.38473e-07,-0.959566,-0.281483,3.38473e-07,-0.959566,-0.281483,3.38473e-07,-0.959566,1,-2.03357e-05,0,1,-2.03357e-05,0,1,-2.03357e-05,0,1,-2.03357e-05,0,1,-2.03357e-05,0,1,-2.03357e-05,0]},"texCoord0":{"type":"float32","components":2,"data":[12.273,117.284,12.2729,117.036,13.2741,117.285,13.2741,116.283,13.2741,117.285,12.2729,116.532,12.2729,116.532,12.273,116.283,13.2741,116.283,12.2729,117.036,12.2729,116.532,13.2741,117.285,12.273,117.284,12.2729,117.036,12.2729,117.036,12.2729,117.036,12.273,117.284,12.273,117.284,12.2729,116.532,12.273,116.283,12.273,116.283,12.273,116.283,12.2729,116.532,12.2729,116.532,0.861637,0.071332,0.861537,0.071332,0.861537,0.071332,0.861537,0.071332,0.861637,0.071332,0.861637,0.071332,0.861537,0.0712324,0.861637,0.0712324,0.861637,0.0712324,0.861637,0.0712324,0.861537,0.0712324,0.861537,0.0712324,0.861637,0.0712324,0.861637,0.0712324,0.861637,0.0712324,0.861537,0.0712324,0.861537,0.0712324,0.861637,0.0712324,0.861637,0.0712324,0.861637,0.0712324,0.861637,0.0712324,0.861637,0.0712324,0.861637,0.0712324]}}],"meshes":[{"aabb":{"min":[-1789.14,396.095,-1319.61],"max":[-1489.13,696.234,-1205.5]},"vertices":0,"indices":[0,1,2,3,4,5,6,7,8,9,10,11,12,13,14,15,16,17,18,19,20,21,22,23,24,25,26,27,28,29],"type":"triangles","base":0,"count":30},{"aabb":{"min":[-1789.14,396.095,-1319.61],"max":[-1489.13,696.234,-1205.5]},"vertices":0,"indices":[30,31,32,33,34,30,35,36,37,38,39,40],"type":"triangles","base":0,"count":12},{"aabb":{"min":[-1789.14,396.095,-1319.61],"max":[-1489.13,696.234,-1205.5]},"vertices":0,"indices":[41,42,43,44,45,46],"type":"triangles","base":0,"count":6}],"meshInstances":[{"node":1,"mesh":0},{"node":1,"mesh":1},{"node":1,"mesh":2}]}}