{"model":{"version":3,"nodes":[{"name":"RootNode","position":[0,0,0],"rotation":[0,0,0],"scale":[0.0254,0.0254,0.0254],"scaleCompensation":false},{"name":"Mesh1 Corner Model 90","position":[0,0,0],"rotation":[-90,0,0],"scale":[1,1,1],"scaleCompensation":false}],"parents":[-1,0],"skins":[],"morphs":[],"vertices":[{"position":{"type":"float32","components":3,"data":[-59.055,59.0549,17.3228,-59.0549,59.0549,-9.38654e-06,-59.0549,47.2441,-1.01375e-05,-59.055,47.2441,7.4803,-59.055,47.2441,17.3228,-59.0549,59.0549,-9.38654e-06,-59.055,59.0549,17.3228,59.055,59.0549,17.3229,59.055,59.0549,2.62824e-05,59.055,-59.0549,17.3228,59.055,-59.0549,7.03991e-06,59.055,59.0549,2.62824e-05,59.055,59.0549,17.3229,59.055,-59.0549,17.3228,59.055,59.0549,17.3229,47.2441,47.2441,17.3229,47.2441,-59.0549,17.3228,59.055,-59.0549,7.03991e-06,59.055,-59.0549,17.3228,47.2441,-59.0549,17.3228,47.2441,-59.0549,7.48032,47.2441,-59.0549,3.12104e-06,-59.055,47.2441,7.4803,47.2441,47.2441,7.48034,47.2441,47.2441,17.3229,-59.055,47.2441,17.3228,47.2441,-59.0549,17.3228,47.2441,47.2441,17.3229,47.2441,47.2441,7.48034,47.2441,-59.0549,7.48032,47.2441,47.2441,17.3229,59.055,59.0549,17.3229,-59.055,59.0549,17.3228,-59.055,47.2441,17.3228]},"normal":{"type":"float32","components":3,"data":[-1,1.21263e-07,-4.25705e-07,-1,6.45966e-07,-8.80848e-07,-1,4.38735e-07,-7.39556e-07,-1,-1.65125e-08,-3.67758e-07,-1,-3.22983e-07,-1.2518e-13,1.61489e-07,1,2.20212e-07,1.61489e-07,1,2.20212e-07,1.61489e-07,1,2.20212e-07,1.61489e-07,1,2.20212e-07,1,-1.23203e-07,4.08318e-08,1,-1.29192e-07,-2.84495e-14,1,-7.05845e-08,3.99592e-07,1,-6.45958e-08,4.40424e-07,-3.22982e-07,-1.61489e-07,1,-3.06832e-07,-1.77641e-07,1,-3.06748e-07,-1.76883e-07,1,-3.22981e-07,-1.61489e-07,1,-3.86709e-07,-1,-1.84514e-07,-3.22981e-07,-1,-2.20212e-07,-4.16495e-07,-1,-2.8397e-07,-4.89827e-07,-1,-2.63437e-07,-3.22982e-07,-1,0,-1.79432e-07,-1,-3.87573e-07,-1.79432e-07,-1,-3.87573e-07,-1.79432e-07,-1,-3.87573e-07,-1.79432e-07,-1,-3.87573e-07,-1,1.45655e-07,-3.64792e-07,-1,1.79432e-07,6.95432e-14,-1,1.77323e-07,-2.27809e-08,-1,1.43546e-07,-3.87573e-07,-3.06748e-07,-1.76883e-07,1,-3.06832e-07,-1.77641e-07,1,-2.87345e-07,-1.63767e-07,1,-2.87092e-07,-1.61492e-07,1]},"texCoord0":{"type":"float32","components":2,"data":[0.313769,0.111241,0.313778,0.111241,0.313778,0.111247,0.313774,0.111247,0.313769,0.111247,0.313769,0.111306,0.313778,0.111306,0.313778,0.111241,0.313769,0.111241,0.313769,0.111304,0.313778,0.111304,0.313778,0.111241,0.313769,0.111241,0.113774,0.50154,0.113774,0.501631,0.113765,0.501622,0.113765,0.50154,0.313769,0.111241,0.313778,0.111241,0.313778,0.111248,0.313773,0.111248,0.313769,0.111248,0.313773,0.111306,0.313773,0.111248,0.313778,0.111248,0.313778,0.111306,0.313769,0.111304,0.313769,0.111247,0.313774,0.111247,0.313774,0.111304,0.113774,0.501622,0.113765,0.501631,0.113765,0.50154,0.113774,0.50154]}}],"meshes":[{"aabb":{"min":[-59.055,-59.0549,-1.01375e-05],"max":[59.055,59.0549,17.3229]},"vertices":0,"indices":[0,1,2,0,2,3,0,3,4,5,6,7,7,8,5,9,10,11,11,12,9,13,14,15,15,16,13,17,18,19,17,19,20,17,20,21,22,23,24,24,25,22,26,27,28,28,29,26,30,31,32,32,33,30],"type":"triangles","base":0,"count":54}],"meshInstances":[{"node":1,"mesh":0}]}}