{"model":{"version":3,"nodes":[{"name":"RootNode","position":[0,0,0],"rotation":[0,0,0],"scale":[0.01,0.01,0.01],"scaleCompensation":false},{"name":"Cylinder007","position":[0,0,0],"rotation":[-90,0,0],"scale":[1,1,1],"scaleCompensation":false},{"name":"Dummy035","position":[0,0,1.71215e-06],"rotation":[7.62939e-06,0,0],"scale":[1,1,1],"scaleCompensation":false}],"parents":[-1,0,0],"skins":[{"inverseBindMatrices":[[1,-0,0,0,0,1,-1.62921e-07,0,0,1.62921e-07,1,0,-0,-2.78945e-13,-1.71215e-06,1]],"boneNames":["Dummy035"]}],"morphs":[],"vertices":[{"position":{"type":"float32","components":3,"data":[-0.0450897,-36.1475,2.13677e-06,32.2013,20.9942,3.79523e-07,31.6888,24.8863,2.17507e-06,30.1865,28.5131,1.37001e-06,27.7965,31.6276,5.21895e-07,24.6818,34.0172,3.74373e-06,21.0547,35.5194,3.161e-06,17.1624,36.032,2.58372e-06,-0.0450897,-36.1475,2.13677e-06,17.1624,36.032,2.58372e-06,-0.0451202,36.0326,1.30679e-07,-0.0450897,-36.1475,2.13677e-06,32.2013,-36.1469,-1.05025e-05,32.2013,20.9942,3.79523e-07,45.6801,-21.4832,-1.76375e-06,45.6801,6.3305,-1.86316e-06,32.2013,6.3305,-2.27532e-06,32.2013,6.3305,-2.27532e-06,32.2013,-21.4832,-3.68521e-06,45.6801,-21.4832,-1.76375e-06]},"normal":{"type":"float32","components":3,"data":[1.05846e-07,-5.25485e-08,1,7.07025e-07,-3.68239e-07,1,-3.79213e-08,1.90894e-08,1,-2.18799e-07,1.14156e-07,1,4.33673e-07,-1.54323e-07,1,2.65105e-07,-1.16329e-07,1,-1.46564e-07,2.8859e-08,1,-1.44588e-07,2.82774e-08,1,-1.42556e-07,2.77928e-08,1,-1.42556e-07,2.77928e-08,1,-1.42556e-07,2.77928e-08,1,3.91964e-07,-1.90442e-07,1,3.91964e-07,-1.90442e-07,1,3.91964e-07,-1.90442e-07,1,-3.05783e-08,3.57428e-09,1,-3.05783e-08,3.57428e-09,1,-3.05783e-08,3.57428e-09,1,-1.42555e-07,-5.06906e-08,1,-1.42555e-07,-5.06906e-08,1,-1.42555e-07,-5.06906e-08,1]},"blendIndices":{"type":"uint8","components":4,"data":[0,0,0,0,0,0,0,0,0,0,0,0,0,0,0,0,0,0,0,0,0,0,0,0,0,0,0,0,0,0,0,0,0,0,0,0,0,0,0,0,0,0,0,0,0,0,0,0,0,0,0,0,0,0,0,0,0,0,0,0,0,0,0,0,0,0,0,0,0,0,0,0,0,0,0,0,0,0,0,0]},"blendWeight":{"type":"float32","components":4,"data":[1,0,0,0,1,0,0,0,1,0,0,0,1,0,0,0,1,0,0,0,1,0,0,0,1,0,0,0,1,0,0,0,1,0,0,0,1,0,0,0,1,0,0,0,1,0,0,0,1,0,0,0,1,0,0,0,1,0,0,0,1,0,0,0,1,0,0,0,1,0,0,0,1,0,0,0,1,0,0,0]},"texCoord0":{"type":"float32","components":2,"data":[0.00351716,0.00215356,0.202922,0.355524,0.199753,0.379594,0.190463,0.402023,0.175684,0.421283,0.156423,0.436062,0.133994,0.445353,0.109925,0.448522,0.00351716,0.00215356,0.109925,0.448522,0.00351716,0.448521,0.00351716,0.00215356,0.202922,0.00215363,0.202922,0.355524,0.286272,0.0928363,0.286272,0.264841,0.202922,0.264842,0.202922,0.264842,0.202922,0.0928364,0.286272,0.0928363]}}],"meshes":[{"aabb":{"min":[-0.0451202,-36.1475,-1.05025e-05],"max":[45.6801,36.0326,3.74373e-06]},"vertices":0,"skin":0,"indices":[0,1,2,0,2,3,0,3,4,0,4,5,0,5,6,0,6,7,8,9,10,11,12,13,14,15,16,17,18,19],"type":"triangles","base":0,"count":30}],"meshInstances":[{"node":1,"mesh":0}]}}