{"model":{"version":3,"nodes":[{"name":"RootNode","position":[0,0,0],"rotation":[0,0,0],"scale":[0.0254,0.0254,0.0254],"scaleCompensation":false},{"name":"Mesh1 Split_walls_to_open Model 180","position":[0,0,0],"rotation":[-90,0,0],"scale":[1,1,1],"scaleCompensation":false}],"parents":[-1,0],"skins":[],"morphs":[],"vertices":[{"position":{"type":"float32","components":3,"data":[59.055,47.2441,17.3228,59.055,47.2441,7.48031,59.055,47.2441,-1.81899e-12,59.055,59.0549,-2.34664e-06,59.055,59.0549,17.3228,59.055,59.0549,-2.34664e-06,47.2441,59.0549,-5.86661e-07,47.2441,59.0549,7.48031,47.2441,59.0549,17.3228,59.055,59.0549,17.3228,59.055,47.2441,17.3228,59.055,59.0549,17.3228,47.2441,59.0549,17.3228,-47.2441,59.0549,17.3228,-59.055,47.2441,17.3228,-59.055,47.2441,7.48031,-47.2441,59.0549,7.48031,-59.055,59.0549,17.3228,-59.055,47.2441,17.3228,-47.2441,59.0549,17.3228,-59.055,59.0549,17.3228,-59.055,59.0549,-5.8666e-07,-59.055,47.2441,9.09495e-13,-59.055,47.2441,7.48031,-59.055,47.2441,17.3228,-47.2441,59.0549,17.3228,-47.2441,59.0549,7.48031,-47.2441,59.0549,-5.8666e-07,-59.055,59.0549,-5.8666e-07,-59.055,59.0549,17.3228,5.90553,59.0549,-5.8666e-07,-5.90549,59.0549,-5.8666e-07,-5.90549,59.0549,7.48031,-5.90549,59.0549,17.3228,5.90553,59.0549,17.3228,5.90553,59.0549,7.48031,5.90553,59.0549,7.48031,5.90553,59.0549,17.3228,5.90553,47.2441,17.3228,5.90553,47.2441,7.48031,-5.90549,47.2441,7.48031,5.90553,47.2441,7.48031,5.90553,47.2441,17.3228,-5.90549,47.2441,17.3228,5.90553,59.0549,17.3228,-5.90549,59.0549,17.3228,-5.90549,47.2441,17.3228,5.90553,47.2441,17.3228,-5.90549,47.2441,17.3228,-5.90549,59.0549,17.3228,-5.90549,59.0549,7.48031,-5.90549,47.2441,7.48031,59.055,47.2441,17.3228,47.2441,59.0549,17.3228,47.2441,59.0549,7.48031,59.055,47.2441,7.48031]},"normal":{"type":"float32","components":3,"data":[1,0,0,1,0,0,1,0,0,1,0,0,1,0,0,1.23044e-07,1,8.38922e-08,0,1,0,0,1,0,1.99939e-07,1,1.3632e-07,3.22983e-07,1,2.20212e-07,0,0,1,0,0,1,0,0,1,0.707105,-0.707109,0,0.707105,-0.707109,0,0.707105,-0.707109,0,0.707105,-0.707109,0,0,0,1,0,0,1,0,0,1,-1,0,0,-1,0,0,-1,0,0,-1,0,0,-1,0,0,0,1,0,1,0,0,0,1,0,0,1,0,0,1,0,1.47578e-07,1,-8.26682e-08,0,1,-5.09965e-07,3.86374e-07,1,1.00099e-07,2.16556e-07,1,1.47652e-07,0,1,0,1,0,0,1,-1.61492e-07,0,1,-1.61492e-07,0,1,-1.61492e-07,0,1,-1.61492e-07,0,-1.42848e-07,-1,-2.16156e-07,-3.22978e-07,-1,0,-1.8013e-07,-1,-1.71417e-07,0,-1,-3.87573e-07,0,0,1,0,0,1,0,0,1,0,0,1,-1,1.61492e-07,6.25899e-14,-1,1.61492e-07,6.25899e-14,-1,1.61492e-07,6.25899e-14,-1,1.61492e-07,6.25899e-14,-0.707106,-0.707108,3.62306e-07,-0.707106,-0.707108,0,-0.707106,-0.707108,1.85806e-07,-0.707106,-0.707108,5.48112e-07]},"texCoord0":{"type":"float32","components":2,"data":[0.313778,0.111298,0.313773,0.111298,0.313769,0.111298,0.313769,0.111304,0.313778,0.111304,0.31377,0.111318,0.313772,0.111318,0.313772,0.111319,0.313772,0.11132,0.31377,0.11132,0.113765,0.501625,0.113765,0.501614,0.113776,0.501614,0.313769,0.111307,0.313769,0.111305,0.31378,0.111305,0.31378,0.111307,0.113776,0.501613,0.113776,0.501625,0.113775,0.501625,0.313778,0.111304,0.313769,0.111304,0.313769,0.111298,0.313773,0.111298,0.313778,0.111298,0.313769,0.111284,0.313774,0.111284,0.313778,0.111284,0.313778,0.11129,0.313769,0.11129,0.313776,0.11132,0.313778,0.11132,0.313778,0.111321,0.313778,0.111322,0.313776,0.111322,0.313776,0.111321,0.313773,0.111304,0.313778,0.111304,0.313778,0.111298,0.313773,0.111298,0.313774,0.111261,0.313774,0.111255,0.313769,0.111255,0.313769,0.111261,0.113765,0.501613,0.113776,0.501613,0.113776,0.501625,0.113765,0.501625,0.313778,0.111298,0.313778,0.111304,0.313773,0.111304,0.313773,0.111298,0.31378,0.111324,0.31378,0.111326,0.313769,0.111326,0.313769,0.111324]}}],"meshes":[{"aabb":{"min":[-59.055,47.2441,-2.34664e-06],"max":[59.055,59.0549,17.3228]},"vertices":0,"indices":[0,1,2,0,2,3,0,3,4,5,6,7,5,7,8,5,8,9,10,11,12,13,14,15,15,16,13,17,18,19,20,21,22,20,22,23,20,23,24,25,26,27,25,27,28,25,28,29,30,31,32,30,32,33,30,33,34,30,34,35,36,37,38,38,39,36,40,41,42,42,43,40,44,45,46,46,47,44,48,49,50,50,51,48,52,53,54,54,55,52],"type":"triangles","base":0,"count":90}],"meshInstances":[{"node":1,"mesh":0}]}}