{"model":{"version":3,"nodes":[{"name":"RootNode","position":[0,0,0],"rotation":[0,0,0],"scale":[0.0254,0.0254,0.0254],"scaleCompensation":false},{"name":"Mesh1 Obstacle_triangle Model 90","position":[0,0,0],"rotation":[-90,0,0],"scale":[1,1,1],"scaleCompensation":false}],"parents":[-1,0],"skins":[],"morphs":[],"vertices":[{"position":{"type":"float32","components":3,"data":[-32.6071,3.52658e-06,17.3228,-32.6071,5.13013e-06,7.48032,-32.6071,-32.6072,7.48032,-32.6071,-32.6072,17.3228,-32.6071,3.52658e-06,17.3228,-32.6071,-32.6072,17.3228,-1.46157e-06,-32.6073,17.3228,-1.46157e-06,-32.6073,17.3228,-4.23844e-06,-32.6073,7.48031,-32.6071,5.13013e-06,7.48032,-32.6071,3.52658e-06,17.3228,-32.6071,-32.6072,7.48032,-4.23844e-06,-32.6073,7.48031,-1.46157e-06,-32.6073,17.3228,-32.6071,-32.6072,17.3228,8.45926e-06,32.6071,7.48032,32.6073,-7.56757e-06,7.48031,32.6073,-9.17112e-06,17.3228,1.12361e-05,32.6071,17.3228,32.6073,-9.17112e-06,17.3228,32.6073,32.6071,17.3228,1.12361e-05,32.6071,17.3228,32.6073,32.6071,17.3228,32.6073,32.6071,7.48031,8.45926e-06,32.6071,7.48032,1.12361e-05,32.6071,17.3228,32.6073,-7.56757e-06,7.48031,32.6073,32.6071,7.48031,32.6073,32.6071,17.3228,32.6073,-9.17112e-06,17.3228]},"normal":{"type":"float32","components":3,"data":[-1,2.12145e-07,7.23319e-08,-1,2.33978e-07,3.812e-14,-1,1.38823e-07,3.15241e-07,-1,1.16989e-07,3.87573e-07,2.92475e-07,-1.75484e-07,1,2.92475e-07,-1.75484e-07,1,2.92475e-07,-1.75484e-07,1,0.707109,0.707105,7.99993e-08,0.707109,0.707105,7.45582e-08,0.707109,0.707105,1.09761e-07,0.707109,0.707105,1.15202e-07,-2.3398e-07,-1,-3.87573e-07,-2.3398e-07,-1,-3.87573e-07,-2.3398e-07,-1,-3.87573e-07,-2.3398e-07,-1,-3.87573e-07,-0.707105,-0.707109,-8.00016e-08,-0.707105,-0.707109,-1.15203e-07,-0.707105,-0.707109,-1.09762e-07,-0.707105,-0.707109,-7.45608e-08,2.92473e-07,-1.75485e-07,1,2.92473e-07,-1.75485e-07,1,2.92473e-07,-1.75485e-07,1,2.33978e-07,1,3.87573e-07,2.33978e-07,1,3.87573e-07,2.33978e-07,1,3.87573e-07,2.33978e-07,1,3.87573e-07,1,-2.12146e-07,-7.23321e-08,1,-1.1699e-07,-3.87573e-07,1,-1.38823e-07,-3.15241e-07,1,-2.3398e-07,-3.81201e-14]},"texCoord0":{"type":"float32","components":2,"data":[0.313769,0.111278,0.31378,0.111278,0.31378,0.111241,0.313769,0.111241,0.113776,0.501614,0.113765,0.501614,0.113765,0.501603,0.313769,0.111241,0.31378,0.111241,0.31378,0.111278,0.313769,0.111278,0.31378,0.111314,0.31378,0.111278,0.313769,0.111278,0.313769,0.111314,0.31378,0.111314,0.31378,0.111278,0.313769,0.111278,0.313769,0.111314,0.113765,0.501603,0.113776,0.501603,0.113776,0.501614,0.313769,0.111243,0.31378,0.111243,0.31378,0.111278,0.313769,0.111278,0.31378,0.111278,0.31378,0.111314,0.313769,0.111314,0.313769,0.111278]}}],"meshes":[{"aabb":{"min":[-32.6071,-32.6073,7.48031],"max":[32.6073,32.6071,17.3228]},"vertices":0,"indices":[0,1,2,2,3,0,4,5,6,7,8,9,9,10,7,11,12,13,13,14,11,15,16,17,17,18,15,19,20,21,22,23,24,24,25,22,26,27,28,28,29,26],"type":"triangles","base":0,"count":42}],"meshInstances":[{"node":1,"mesh":0}]}}