{"model":{"version":3,"nodes":[{"name":"RootNode","position":[0,0,0],"rotation":[0,0,0],"scale":[0.0254,0.0254,0.0254],"scaleCompensation":false},{"name":"Mesh1 Hole_square Model 180","position":[0,0,0],"rotation":[-90,0,0],"scale":[1,1,1],"scaleCompensation":false}],"parents":[-1,0],"skins":[],"morphs":[],"vertices":[{"position":{"type":"float32","components":3,"data":[-47.2441,59.0549,7.74372e-06,-59.055,59.0549,7.74372e-06,-47.2441,59.0549,7.48032,-47.2441,59.0549,17.3228,-59.055,59.0549,17.3228,47.2441,-47.2441,17.3228,59.055,-59.0549,17.3228,47.2441,59.0549,17.3228,59.055,59.0549,17.3228,47.2441,59.0549,7.74373e-06,47.2441,59.0549,17.3228,59.055,59.0549,6.57041e-06,59.055,59.0549,17.3228,59.055,-59.0549,17.3228,59.055,-59.0549,-7.15706e-06,59.055,59.0549,17.3228,59.055,59.0549,6.57041e-06,59.055,-59.0549,17.3228,-59.055,-59.0549,17.3228,59.055,-59.0549,-7.15706e-06,-59.055,-59.0549,-8.33039e-06,-59.055,59.0549,17.3228,-59.055,59.0549,7.74372e-06,-59.055,-59.0549,17.3228,-59.055,-59.0549,-8.33039e-06,47.2441,59.0549,7.48032,47.2441,-47.2441,7.48031,47.2441,59.0549,17.3228,47.2441,-47.2441,17.3228,-47.2441,-47.2441,7.48031,-47.2441,-47.2441,17.3228,47.2441,-47.2441,7.48031,47.2441,-47.2441,17.3228,-47.2441,-47.2441,7.48031,-47.2441,59.0549,7.48032,-47.2441,-47.2441,17.3228,-47.2441,59.0549,17.3228,59.055,-59.0549,17.3228,47.2441,-47.2441,17.3228,-59.055,-59.0549,17.3228,-47.2441,-47.2441,17.3228,-59.055,-59.0549,17.3228,-47.2441,-47.2441,17.3228,-59.055,59.0549,17.3228,-47.2441,59.0549,17.3228]},"normal":{"type":"float32","components":3,"data":[0,1,0,-6.37277e-08,1,1.84513e-07,-1.66846e-07,1,2.63437e-07,-9.35132e-08,1,2.8397e-07,0,1,2.20212e-07,1.00082e-12,-1.6149e-07,1,8.72914e-13,-1.6149e-07,1,1.26494e-13,-1.61489e-07,1,0,-1.61489e-07,1,3.55622e-14,1,2.20212e-07,-0.707107,0.707106,1.55713e-07,2.20144e-14,1,2.20212e-07,0,1,2.20212e-07,1,0,0,1,0,0,1,0,0,1,0,0,3.22979e-08,-1,-2.20212e-07,2.99433e-09,-1,-4.20008e-07,2.93035e-08,-1,-2.40628e-07,4.37526e-15,-1,-4.40424e-07,-1,6.45958e-08,1.42248e-14,-1,6.45958e-08,1.55435e-14,-1,6.45958e-08,2.71308e-14,-1,6.45958e-08,2.84495e-14,-1,-3.94751e-07,0,-1,-3.94751e-07,0,-0.707107,0.707106,1.55713e-07,-1,-3.94751e-07,0,-4.03722e-07,1,3.87573e-07,-4.03722e-07,1,3.87573e-07,-4.03722e-07,1,3.87573e-07,-4.03722e-07,1,3.87573e-07,1,3.94751e-07,4.45077e-13,1,3.94751e-07,4.45076e-13,1,3.94751e-07,4.45076e-13,1,3.94751e-07,4.45076e-13,8.72914e-13,-1.6149e-07,1,1.00082e-12,-1.6149e-07,1,-1.10346e-12,-1.61491e-07,1,-1.04607e-12,-1.61491e-07,1,-1.10346e-12,-1.61491e-07,1,-1.04607e-12,-1.61491e-07,1,-1.59465e-13,-1.61489e-07,1,0,-1.61489e-07,1]},"texCoord0":{"type":"float32","components":2,"data":[0.313778,0.11125,0.313778,0.111244,0.313774,0.11125,0.313769,0.11125,0.313769,0.111244,0.113765,0.501627,0.113774,0.501637,0.113765,0.50154,0.113774,0.50154,0.313778,0.111301,0.313769,0.111301,0.313778,0.111308,0.313769,0.111308,0.313778,0.111239,0.313769,0.111239,0.313778,0.111303,0.313769,0.111303,0.313769,0.111308,0.313769,0.111244,0.313778,0.111308,0.313778,0.111244,0.313778,0.111303,0.313769,0.111303,0.313778,0.111239,0.313769,0.111239,0.313773,0.111303,0.313773,0.111245,0.313778,0.111303,0.313778,0.111245,0.313774,0.11125,0.313769,0.11125,0.313774,0.111301,0.313769,0.111301,0.313773,0.111245,0.313773,0.111303,0.313778,0.111245,0.313778,0.111303,0.113765,0.501637,0.113774,0.501627,0.113765,0.50154,0.113774,0.501549,0.113765,0.501637,0.113774,0.501627,0.113765,0.50154,0.113774,0.50154]}}],"meshes":[{"aabb":{"min":[-59.055,-59.0549,-8.33039e-06],"max":[59.055,59.0549,17.3228]},"vertices":0,"indices":[0,1,2,2,1,3,3,1,4,5,6,7,8,7,6,9,10,11,11,10,12,13,14,15,16,15,14,17,18,19,20,19,18,21,22,23,24,23,22,25,26,27,28,27,26,29,30,31,32,31,30,33,34,35,36,35,34,37,38,39,40,39,38,41,42,43,44,43,42],"type":"triangles","base":0,"count":69}],"meshInstances":[{"node":1,"mesh":0}]}}