{"model":{"version":3,"nodes":[{"name":"RootNode","position":[0,0,0],"rotation":[0,0,0],"scale":[0.0254,0.0254,0.0254],"scaleCompensation":false},{"name":"Mesh1 split solo 90","position":[0,0,0],"rotation":[-90,0,0],"scale":[1,1,1],"scaleCompensation":false}],"parents":[-1,0],"skins":[],"morphs":[],"vertices":[{"position":{"type":"float32","components":3,"data":[-59.055,5.90547,4.46097e-05,-59.055,-5.90556,4.26854e-05,-59.055,-5.90556,7.48036,-59.055,-5.90556,17.3229,-59.0549,5.90547,17.3229,59.055,5.90544,17.3228,59.055,5.90544,7.48033,-59.055,5.90547,7.48036,-59.0549,5.90547,17.3229,59.055,5.90545,1.07006e-05,59.055,5.90544,17.3228,59.0551,-5.90558,17.3228,59.0551,-5.90558,7.48032,59.0551,-5.90558,8.77633e-06,-59.055,-5.90556,7.48036,59.0551,-5.90558,7.48032,59.0551,-5.90558,17.3228,-59.055,-5.90556,17.3229,-59.055,-5.90556,17.3229,59.0551,-5.90558,17.3228,59.055,5.90544,17.3228,-59.0549,5.90547,17.3229]},"normal":{"type":"float32","components":3,"data":[-1,1.30003e-07,-1.55032e-08,-1,-3.22978e-07,-5.09965e-07,-1,-1.03447e-07,-1.63338e-07,-1,3.99869e-07,2.72638e-07,-0.707106,0.707107,4.14198e-07,0.707102,0.707111,1.02772e-07,1.8975e-07,1,1.4534e-07,1.8975e-07,1,1.4534e-07,-0.707106,0.707107,4.14198e-07,1,1.23325e-05,-1.00619e-07,0.707102,0.707111,1.02772e-07,1,1.23796e-05,-1.4765e-07,1,1.21063e-05,-2.63435e-07,1,1.22731e-05,2.34708e-12,-1.8975e-07,-1,-1.4534e-07,-1.8975e-07,-1,-1.4534e-07,-1.8975e-07,-1,-1.4534e-07,-1.8975e-07,-1,-1.4534e-07,2.90681e-07,-3.22978e-07,1,2.9068e-07,-3.22974e-07,1,2.9068e-07,-3.22974e-07,1,2.90681e-07,-3.22978e-07,1]},"texCoord0":{"type":"float32","components":2,"data":[0.313778,0.111264,0.313778,0.111257,0.313774,0.111257,0.313769,0.111257,0.313769,0.111264,0.313778,0.111307,0.313773,0.111307,0.313773,0.111242,0.313778,0.111242,0.313778,0.111264,0.313769,0.111264,0.313769,0.111257,0.313774,0.111257,0.313778,0.111257,0.313773,0.111242,0.313773,0.111307,0.313778,0.111307,0.313778,0.111242,0.113765,0.501637,0.113765,0.501538,0.113774,0.501538,0.113774,0.501637]}}],"meshes":[{"aabb":{"min":[-59.055,-5.90558,8.77633e-06],"max":[59.0551,5.90547,17.3229]},"vertices":0,"indices":[0,1,2,0,2,3,0,3,4,5,6,7,7,8,5,9,10,11,9,11,12,9,12,13,14,15,16,16,17,14,18,19,20,20,21,18],"type":"triangles","base":0,"count":36}],"meshInstances":[{"node":1,"mesh":0}]}}