{"model":{"version":3,"nodes":[{"name":"RootNode","position":[0,0,0],"rotation":[0,0,0],"scale":[0.0254,0.0254,0.0254],"scaleCompensation":false},{"name":"Mesh1 Inner_corner Model","position":[0,0,0],"rotation":[-90,0,0],"scale":[1,1,1],"scaleCompensation":false}],"parents":[-1,0],"skins":[],"morphs":[],"vertices":[{"position":{"type":"float32","components":3,"data":[59.0549,-47.2448,-2.52724e-05,59.0549,-47.2448,17.3228,59.0549,-59.0549,-3.14713e-05,59.0549,-59.0549,17.3228,47.2437,-59.0549,-3.14713e-05,59.0549,-59.0549,-3.14713e-05,47.2437,-59.0549,7.48028,47.2437,-59.0549,17.3228,59.0549,-59.0549,17.3228,47.2437,-47.2448,17.3228,47.2437,-59.0549,17.3228,59.0549,-47.2448,17.3228,59.0549,-59.0549,17.3228,47.2437,-47.2448,7.48029,47.2437,-59.0549,7.48028,47.2437,-47.2448,17.3228,47.2437,-59.0549,17.3228,47.2437,-47.2448,17.3228,59.0549,-47.2448,17.3228,47.2437,-47.2448,7.48029,59.0549,-47.2448,7.48029]},"normal":{"type":"float32","components":3,"data":[1,0,0,1,0,0,1,0,0,1,0,0,0,-1,0,-1.91176e-07,-1,-5.53547e-07,-5.00516e-07,-1,-7.90306e-07,-2.80537e-07,-1,-8.51916e-07,0,-1,-6.60636e-07,-3.1296e-13,-4.84502e-07,1,-1.56489e-13,-4.84502e-07,1,-1.5647e-13,-4.84502e-07,1,0,-4.84502e-07,1,-1,3.23001e-07,3.7556e-13,-1,3.23001e-07,3.7556e-13,-1,3.23001e-07,3.7556e-13,-1,3.23001e-07,3.7556e-13,6.45941e-07,1,1.16272e-06,-7.45711e-08,1,2.02735e-06,7.45712e-08,1,1.84838e-06,-6.45941e-07,1,2.71301e-06]},"texCoord0":{"type":"float32","components":2,"data":[0.313769,0.111297,0.313778,0.111297,0.313769,0.111304,0.313778,0.111304,0.313778,0.111249,0.313778,0.111242,0.313774,0.111249,0.313769,0.111249,0.313769,0.111242,0.113776,0.501625,0.113776,0.501613,0.113765,0.501625,0.113765,0.501613,0.313773,0.111297,0.313773,0.111304,0.313778,0.111297,0.313778,0.111304,0.31378,0.111325,0.313769,0.111325,0.31378,0.111316,0.313769,0.111316]}}],"meshes":[{"aabb":{"min":[47.2437,-59.0549,-3.14713e-05],"max":[59.0549,-47.2448,17.3228]},"vertices":0,"indices":[0,1,2,2,1,3,4,5,6,6,5,7,7,5,8,9,10,11,12,11,10,13,14,15,16,15,14,17,18,19,20,19,18],"type":"triangles","base":0,"count":33}],"meshInstances":[{"node":1,"mesh":0}]}}