{"model":{"version":3,"nodes":[{"name":"RootNode","position":[0,0,0],"rotation":[0,0,0],"scale":[0.0254,0.0254,0.0254],"scaleCompensation":false},{"name":"Mesh1 cachito","position":[0,0,0],"rotation":[-90,0,0],"scale":[1,1,1],"scaleCompensation":false}],"parents":[-1,0],"skins":[],"morphs":[],"vertices":[{"position":{"type":"float32","components":3,"data":[-47.2441,59.0549,6.9215,-59.055,59.0549,6.9215,-59.055,59.0549,17.3228,-47.2441,59.0549,17.3228,-47.2441,59.0549,6.9215,-47.2441,59.0549,17.3228,-59.055,47.2441,17.3228,-59.055,47.2441,6.92151,-47.2441,59.0549,17.3228,-59.055,59.0549,17.3228,-59.055,47.2441,17.3228,-59.055,47.2441,17.3228,-59.055,59.0549,17.3228,-59.055,59.0549,6.9215,-59.055,47.2441,6.92151]},"normal":{"type":"float32","components":3,"data":[-3.40299e-14,1,3.66751e-07,-7.40337e-14,1,3.66751e-07,-4.00037e-14,1,3.66751e-07,0,1,3.66751e-07,0.707104,-0.707109,-7.54294e-08,0.707104,-0.707109,-2.59333e-07,0.707104,-0.707109,7.54294e-08,0.707104,-0.707109,2.59333e-07,0,0,1,0,0,1,0,0,1,-1,0,0,-1,0,0,-1,0,0,-1,0,0]},"texCoord0":{"type":"float32","components":2,"data":[0.313776,0.11132,0.313778,0.111321,0.313778,0.111322,0.313776,0.111322,0.313773,0.111304,0.313778,0.111304,0.313778,0.111298,0.313773,0.111298,0.113765,0.501613,0.113776,0.501613,0.113776,0.501625,0.313778,0.111298,0.313778,0.111304,0.313773,0.111304,0.313773,0.111298]}}],"meshes":[{"aabb":{"min":[-59.055,47.2441,6.9215],"max":[-47.2441,59.0549,17.3228]},"vertices":0,"indices":[0,1,2,0,2,3,4,5,6,6,7,4,8,9,10,11,12,13,13,14,11],"type":"triangles","base":0,"count":21}],"meshInstances":[{"node":1,"mesh":0}]}}