{"model":{"version":3,"nodes":[{"name":"RootNode","position":[0,0,0],"rotation":[0,0,0],"scale":[0.0254,0.0254,0.0254],"scaleCompensation":false},{"name":"Mesh1 Walls_to_open Model 270","position":[0,0,0],"rotation":[-90,0,0],"scale":[1,1,1],"scaleCompensation":false}],"parents":[-1,0],"skins":[],"morphs":[],"vertices":[{"position":{"type":"float32","components":3,"data":[59.055,-59.0549,17.3228,47.2441,-59.0549,17.3228,47.2441,-59.0549,7.48029,47.2441,-59.0549,-2.35369e-05,59.055,-59.0549,-2.74558e-05,59.055,-59.0549,-2.74558e-05,59.055,-47.2441,-2.49449e-05,59.055,-47.2441,7.48029,59.055,-47.2441,17.3228,59.055,-59.0549,17.3228,47.2441,-59.0549,17.3228,59.055,-59.0549,17.3228,59.055,-47.2441,17.3228,47.2441,-59.0549,17.3228,59.055,-47.2441,17.3228,59.055,-47.2441,7.48029,47.2441,-59.0549,7.48029,59.055,59.0549,-8.79989e-06,47.2441,59.0549,-4.29436e-06,47.2441,59.0549,7.48031,47.2441,59.0549,17.3228,59.055,59.0549,17.3228,59.055,47.2441,17.3228,59.055,59.0549,17.3228,47.2441,59.0549,17.3228,59.055,47.2441,7.48031,59.055,47.2441,17.3228,47.2441,59.0549,17.3228,47.2441,59.0549,7.48031,59.055,47.2441,17.3228,59.055,47.2441,7.48031,59.055,47.2441,-9.5508e-06,59.055,59.0549,-8.79989e-06,59.055,59.0549,17.3228]},"normal":{"type":"float32","components":3,"data":[-3.80069e-07,-1,-2.55311e-07,-3.22982e-07,-1,-3.87573e-07,-5.55898e-07,-1,-1.08077e-07,-4.46025e-07,-1,-1.36319e-07,-3.22981e-07,-1,-2.20212e-07,1,-6.45966e-07,-1.19189e-13,1,-6.45966e-07,0,1,-6.45966e-07,-1.70172e-13,1,-6.45966e-07,-1.83435e-13,1,-6.45967e-07,-1.4225e-13,4.84472e-07,-1.61492e-07,1,4.84472e-07,-1.61492e-07,1,4.84472e-07,-1.61492e-07,1,-0.707105,0.707109,-8.82481e-08,-0.707104,0.707109,2.74057e-07,-0.707104,0.707109,8.82516e-08,-0.707105,0.707109,-2.74053e-07,-2.59254e-07,1,1.84514e-07,-3.22982e-07,1,4.94128e-13,-1.56136e-07,1,2.63437e-07,-2.29469e-07,1,2.8397e-07,-3.22982e-07,1,2.20212e-07,4.84473e-07,-1.61491e-07,1,4.84473e-07,-1.61491e-07,1,4.84473e-07,-1.61491e-07,1,-0.707106,-0.707108,-4.59861e-07,-0.707106,-0.707108,-2.74056e-07,-0.707106,-0.707108,-6.36361e-07,-0.707106,-0.707107,-8.22167e-07,1,1.99939e-07,-8.38921e-08,-0.605083,0.796162,3.08571e-07,1,1.40007e-14,-2.20212e-07,1,1.23044e-07,-1.3632e-07,1,3.22983e-07,7.11247e-14]},"texCoord0":{"type":"float32","components":2,"data":[0.313778,0.111307,0.313778,0.1113,0.313773,0.1113,0.313769,0.1113,0.313769,0.111307,0.313769,0.111308,0.31378,0.111308,0.31378,0.111316,0.31378,0.111325,0.313769,0.111325,0.113765,0.501625,0.113765,0.501614,0.113776,0.501614,0.31378,0.111324,0.31378,0.111326,0.313769,0.111326,0.313769,0.111324,0.313769,0.111307,0.313769,0.1113,0.313773,0.1113,0.313778,0.1113,0.313778,0.111307,0.113764,0.501613,0.113776,0.501613,0.113776,0.501625,0.313769,0.111324,0.31378,0.111324,0.31378,0.111326,0.313769,0.111326,0.313769,0.111325,0.313769,0.111316,0.313769,0.111308,0.31378,0.111308,0.31378,0.111325]}}],"meshes":[{"aabb":{"min":[47.2441,-59.0549,-2.74558e-05],"max":[59.055,59.0549,17.3228]},"vertices":0,"indices":[0,1,2,0,2,3,0,3,4,5,6,7,5,7,8,5,8,9,10,11,12,13,14,15,15,16,13,17,18,19,17,19,20,17,20,21,22,23,24,25,26,27,27,28,25,29,30,31,29,31,32,29,32,33],"type":"triangles","base":0,"count":54}],"meshInstances":[{"node":1,"mesh":0}]}}