{"model":{"version":3,"nodes":[{"name":"RootNode","position":[0,0,0],"rotation":[0,0,0],"scale":[0.0254,0.0254,0.0254],"scaleCompensation":false},{"name":"Mesh1 Obstacle_block Model solo 90","position":[0,0,0],"rotation":[-90,0,0],"scale":[1,1,1],"scaleCompensation":false}],"parents":[-1,0],"skins":[],"morphs":[],"vertices":[{"position":{"type":"float32","components":3,"data":[37.4398,-9.50079,7.48038,37.4398,9.50076,7.48038,37.4398,9.50076,17.3229,37.4398,-9.50079,17.3229,-36.6799,-9.50081,17.3229,37.4398,-9.50079,17.3229,37.4398,9.50076,17.3229,-36.6799,9.50074,17.3229,-36.6799,-9.50081,7.48035,37.4398,-9.50079,7.48038,37.4398,-9.50079,17.3229,-36.6799,-9.50081,17.3229,-36.6799,9.50074,17.3229,-36.6799,9.50074,7.48035,-36.6799,-9.50081,7.48035,-36.6799,-9.50081,17.3229,37.4398,9.50076,7.48038,-36.6799,9.50074,7.48035,-36.6799,9.50074,17.3229,37.4398,9.50076,17.3229]},"normal":{"type":"float32","components":3,"data":[1,4.01514e-07,3.87573e-07,1,4.01514e-07,3.87573e-07,1,4.01514e-07,3.87573e-07,1,4.01514e-07,3.87573e-07,-4.11734e-07,-2.00757e-07,1,-4.11734e-07,-2.00757e-07,1,-4.11734e-07,-2.00757e-07,1,-4.11734e-07,-2.00757e-07,1,3.08801e-07,-1,-1.93787e-07,3.08801e-07,-1,-1.93787e-07,3.08801e-07,-1,-1.93787e-07,3.08801e-07,-1,-1.93787e-07,-1,-4.01514e-07,-3.87573e-07,-1,-4.01514e-07,-3.87573e-07,-1,-4.01514e-07,-3.87573e-07,-1,-4.01514e-07,-3.87573e-07,-3.08801e-07,1,1.93786e-07,-3.08801e-07,1,1.93787e-07,-3.08801e-07,1,1.93786e-07,-3.08801e-07,1,1.93787e-07]},"texCoord0":{"type":"float32","components":2,"data":[0.313774,0.111275,0.313774,0.111265,0.313769,0.111265,0.313769,0.111275,0.113776,0.501578,0.113776,0.501621,0.113765,0.501621,0.113765,0.501578,0.313773,0.111294,0.313773,0.111253,0.313778,0.111253,0.313778,0.111294,0.313769,0.111265,0.313774,0.111265,0.313774,0.111275,0.313769,0.111275,0.313773,0.111253,0.313773,0.111294,0.313778,0.111294,0.313778,0.111253]}}],"meshes":[{"aabb":{"min":[-36.6799,-9.50081,7.48035],"max":[37.4398,9.50076,17.3229]},"vertices":0,"indices":[0,1,2,2,3,0,4,5,6,6,7,4,8,9,10,10,11,8,12,13,14,14,15,12,16,17,18,18,19,16],"type":"triangles","base":0,"count":30}],"meshInstances":[{"node":1,"mesh":0}]}}