{"model":{"version":3,"nodes":[{"name":"RootNode","position":[0,0,0],"rotation":[0,0,0],"scale":[0.0254,0.0254,0.0254],"scaleCompensation":false},{"name":"Mesh1 Ramp_square Model 180","position":[1.15643e-05,0,9.2514e-06],"rotation":[-90,-0,0],"scale":[0.3937,0.3937,0.3937],"scaleCompensation":false}],"parents":[-1,0],"skins":[],"morphs":[],"vertices":[{"position":{"type":"float32","components":3,"data":[150,-150,44,120,-150,44,120,-149.999,19,120,-149.999,-6.93035e-12,150,-149.999,1.49011e-06,150,-149.999,1.49011e-06,150,149.999,-2.98024e-06,150,149.999,44,150,-150,44,120,-150,44,150,-150,44,150,149.999,44,120,-150,44,120,149.999,44,-150,-149.999,44,-120,-149.999,44,-120,149.999,44,-150,149.999,44,-150,-149.999,44,-150,149.999,44,-150,149.999,-5.96045e-06,-150,-149.999,4.47036e-06,150,149.999,-2.98024e-06,120,149.999,-2.98024e-06,120,149.999,19,120,149.999,19,120,149.999,44,150,149.999,44,120,-150,44,120,149.999,44,120,149.999,19,-150,149.999,44,-120,149.999,44,-120,149.999,19,-120,149.999,-2.98023e-06,-150,149.999,-5.96045e-06,-120,149.999,19,-120,149.999,44,-120,-149.999,44,-120,-149.999,19,-120,149.999,19,-120,-149.999,44,120,-150,44,120,149.999,19,120,-149.999,19,-150,-149.999,44,-150,-149.999,4.47036e-06,-120,-149.999,9.24047e-12,-120,-149.999,19,-120,-149.999,44]},"normal":{"type":"float32","components":3,"data":[0,-1,0,0,-1,0,0,-1,0,0,-1,-1.36595e-07,0,-1,-2.20662e-07,1,0,0,1,0,0,1,0,0,1,0,0,0,0,1,0,0,1,0,0,1,0,0,1,0,0,1,0,0,1,0,0,1,0,0,1,0,0,1,-1,0,0,-1,0,0,-1,0,0,-1,0,0,0,1,0,0,1,0,6.08686e-20,1,8.03094e-07,-8.95198e-07,1,-6.10352e-07,0,1,0,0,1,0,-1,4.06902e-07,-2.48354e-13,-1,0,0.000381388,-1,4.06902e-07,-2.48354e-13,0,1,0,0,1,0,0,1,0,0,1,0,0,1,0,1,-4.06902e-07,-9.15528e-07,1,0,0,1,0,0,1,0,0,1,-3.30608e-07,0,1,-3.30608e-07,0,-1,4.06902e-07,0,-1,0,0,-1,0,0,0,-1,0,0,-1,0,0,-1,0,0,-1,0,0,-1,0]},"texCoord0":{"type":"float32","components":2,"data":[0.313769,0.111289,0.313769,0.111295,0.313774,0.111295,0.313778,0.111295,0.313778,0.111289,0.313769,0.111242,0.313769,0.111307,0.313778,0.111307,0.313778,0.111242,0.113774,0.501612,0.113765,0.501637,0.113765,0.501538,0.113774,0.501612,0.113774,0.501538,0.113774,0.501637,0.113765,0.501588,0.113765,0.501538,0.113774,0.501538,0.313778,0.111243,0.313778,0.111308,0.313769,0.111308,0.313769,0.111243,0.313778,0.111289,0.313778,0.111295,0.313774,0.111295,0.313774,0.111295,0.313769,0.111295,0.313769,0.111289,0.313778,0.111277,0.313778,0.11131,0.313773,0.11131,0.313769,0.111269,0.313769,0.111263,0.313774,0.111263,0.313778,0.111263,0.313778,0.111269,0.313773,0.11131,0.313778,0.11131,0.313778,0.111277,0.313773,0.111245,0.313773,0.111261,0.313778,0.111261,0.313778,0.111261,0.313773,0.111261,0.313773,0.111245,0.313769,0.111269,0.313778,0.111269,0.313778,0.111263,0.313774,0.111263,0.313769,0.111263]}}],"meshes":[{"aabb":{"min":[-150,-150,-5.96045e-06],"max":[150,149.999,44]},"vertices":0,"indices":[0,1,2,0,2,3,0,3,4,5,6,7,7,8,5,9,10,11,12,11,13,14,15,16,14,16,17,18,19,20,20,21,18,22,23,24,22,25,26,22,26,27,28,29,30,31,32,33,31,33,34,31,34,35,36,37,38,39,40,41,42,43,44,45,46,47,45,47,48,45,48,49],"type":"triangles","base":0,"count":72}],"meshInstances":[{"node":1,"mesh":0}]}}