{"model":{"version":3,"nodes":[{"name":"RootNode","position":[0,0,0],"rotation":[0,0,0],"scale":[0.0254,0.0254,0.0254],"scaleCompensation":false},{"name":"LEVEL2-rampaborde","position":[0,0,0],"rotation":[-90,-0,0],"scale":[0.3937,0.3937,0.3937],"scaleCompensation":false}],"parents":[-1,0],"skins":[],"morphs":[],"vertices":[{"position":{"type":"float32","components":3,"data":[-4489.14,966.093,-1121,-4489.14,996.701,-1121,-4789.13,966.093,-1209,-4789.13,996.701,-1209,-4789.13,966.093,-1209,-4489.14,996.701,-1121,-4489.14,426.094,-1121,-4789.13,426.094,-1209,-4489.14,395.944,-1121,-4789.13,395.944,-1209,-4489.14,395.944,-1121,-4789.13,426.094,-1209,-4489.14,996.701,-1121,-4489.14,966.093,-1121,-4489.14,996.701,-1261.87,-4489.14,966.093,-1261.87,-4489.14,996.701,-1261.87,-4489.14,966.093,-1121,-4489.14,966.093,-1121,-4789.13,966.093,-1209,-4489.14,966.093,-1261.87,-4789.13,966.093,-1317.76,-4789.13,966.093,-1209,-4789.13,996.701,-1209,-4789.13,966.093,-1317.76,-4789.13,996.701,-1317.76,-4789.13,996.701,-1209,-4489.14,996.701,-1121,-4789.13,996.701,-1317.76,-4489.14,996.701,-1261.87,-4789.13,996.701,-1317.76,-4789.13,426.094,-1209,-4489.14,426.094,-1121,-4789.13,426.094,-1317.76,-4489.14,426.094,-1261.87,-4789.13,426.094,-1317.76,-4489.14,426.094,-1121,-4489.14,426.094,-1121,-4489.14,395.944,-1121,-4489.14,426.094,-1261.87,-4489.14,395.944,-1261.87,-4489.14,426.094,-1261.87,-4489.14,395.944,-1121,-4489.14,395.944,-1121,-4789.13,395.944,-1209,-4489.14,395.944,-1261.87,-4789.13,395.944,-1317.76,-4489.14,395.944,-1261.87,-4789.13,395.944,-1209,-4789.13,395.944,-1209,-4789.13,426.094,-1209,-4789.13,395.944,-1317.76,-4789.13,426.094,-1317.76]},"normal":{"type":"float32","components":3,"data":[-0.281482,0,0.959567,-0.281482,0,0.959567,-0.281482,0,0.959567,-0.281482,0,0.959567,-0.281482,0,0.959567,-0.281482,0,0.959567,-0.281482,0,0.959566,-0.281482,0,0.959567,-0.281482,0,0.959567,-0.281482,0,0.959567,-0.281482,0,0.959566,-0.281482,0,0.959566,1,0,-3.46608e-06,1,0,-3.46608e-06,1,0,-3.46608e-06,1,0,-3.46608e-06,1,0,-3.46608e-06,1,0,-3.46608e-06,0,-1,0,0,-1,0,0,-1,0,0,-1,0,-1,0,0,-1,0,0,-1,0,0,-1,0,0,0,1,0,0,1,0,0,1,0,0,1,0,0,1,0,1.84042e-07,1,-2.80604e-07,1.84042e-07,1,-2.80604e-07,1.84042e-07,1,-2.80604e-07,2.84166e-07,1,-4.33261e-07,2.84166e-07,1,-4.33261e-07,2.84166e-07,1,-4.33261e-07,1,0,-3.46608e-06,1,0,-3.46608e-06,1,0,-3.46608e-06,1,0,-3.46608e-06,1,0,-3.46608e-06,1,0,-3.46608e-06,-2.41639e-07,-1,-2.16629e-07,-2.41639e-07,-1,-2.16629e-07,-2.41639e-07,-1,-2.16629e-07,-2.03457e-07,-1,0,-2.03457e-07,-1,0,-2.03457e-07,-1,0,-1,0,0,-1,0,0,-1,0,0,-1,0,0]},"texCoord0":{"type":"float32","components":2,"data":[0.0587582,0.501629,0.0587488,0.501629,0.0587582,0.50153,0.0587488,0.50153,0.0587582,0.50153,0.0587488,0.501629,0.0587488,0.501629,0.0587488,0.50153,0.0587582,0.501629,0.0587582,0.50153,0.0587582,0.501629,0.0587488,0.50153,0.0587488,0.501629,0.0587582,0.501629,0.0587488,0.501629,0.0587582,0.501629,0.0587488,0.501629,0.0587582,0.501629,0.382653,0.128975,0.382653,0.128877,0.382653,0.128975,0.382653,0.128877,0.382653,0.128877,0.382644,0.128877,0.382653,0.128877,0.382644,0.128877,0.382644,0.128877,0.382644,0.128975,0.382644,0.128877,0.382644,0.128975,0.382644,0.128877,0.382644,0.128877,0.382644,0.128975,0.382644,0.128877,0.382644,0.128975,0.382644,0.128877,0.382644,0.128975,0.0587488,0.501629,0.0587582,0.501629,0.0587488,0.501629,0.0587582,0.501629,0.0587488,0.501629,0.0587582,0.501629,0.382653,0.128975,0.382653,0.128877,0.382653,0.128975,0.382653,0.128877,0.382653,0.128975,0.382653,0.128877,0.382653,0.128877,0.382644,0.128877,0.382653,0.128877,0.382644,0.128877]}}],"meshes":[{"aabb":{"min":[-4789.13,395.944,-1317.76],"max":[-4489.14,996.701,-1121]},"vertices":0,"indices":[0,1,2,3,4,5,6,7,8,9,10,11,12,13,14,15,16,17,18,19,20,21,20,19,22,23,24,25,24,23,26,27,28,29,30,27,31,32,33,34,35,36,37,38,39,40,41,42,43,44,45,46,47,48,49,50,51,52,51,50],"type":"triangles","base":0,"count":60}],"meshInstances":[{"node":1,"mesh":0}]}}