{"model":{"version":3,"nodes":[{"name":"RootNode","position":[0,0,0],"rotation":[0,0,0],"scale":[0.0254,0.0254,0.0254],"scaleCompensation":false},{"name":"LEVEL19-rampaborde","position":[0,0,0],"rotation":[-90,-0,0],"scale":[0.3937,0.3937,0.3937],"scaleCompensation":false}],"parents":[-1,0],"skins":[],"morphs":[],"vertices":[{"position":{"type":"float32","components":3,"data":[-3289.13,966.086,-1136.4,-3289.13,996.086,-1136.4,-3289.13,966.086,-1180.4,-3289.13,966.086,-1180.4,-3289.13,996.086,-1180.4,-2989.13,996.086,-1224.2,-2989.13,996.086,-1268.2,-3289.13,996.086,-1136.4,-3289.13,996.086,-1180.4,-3289.13,966.086,-1136.4,-2989.13,966.086,-1224.2,-3289.13,996.086,-1136.4,-2989.13,996.086,-1224.2,-3289.13,996.086,-1136.4,-2989.13,966.086,-1224.2,-2989.13,696.086,-1224.2,-3289.13,696.086,-1136.4,-2989.13,696.086,-1268.2,-3289.13,696.086,-1180.4,-3289.13,726.087,-1136.4,-3289.13,696.086,-1136.4,-2989.13,726.087,-1224.2,-2989.13,696.086,-1224.2,-2989.13,726.087,-1224.2,-3289.13,696.086,-1136.4,-2989.13,726.087,-1249.2,-3289.13,726.087,-1180.4,-2989.13,726.087,-1224.2,-3289.13,726.087,-1136.4,-3289.13,726.087,-1180.4,-3289.13,696.086,-1180.4,-3289.13,726.087,-1136.4,-3289.13,696.086,-1136.4,-2989.13,966.086,-1249.2,-2989.13,966.086,-1224.2,-3289.13,966.086,-1180.4,-3289.13,966.086,-1136.4,-2989.13,726.087,-1249.2,-2989.13,726.087,-1224.2,-2989.13,696.086,-1224.2,-2989.13,696.086,-1224.2,-2989.13,696.086,-1268.2,-2989.13,726.087,-1249.2,-2989.13,996.086,-1268.2,-2989.13,996.086,-1224.2,-2989.13,966.086,-1224.2,-2989.13,966.086,-1224.2,-2989.13,966.086,-1249.2,-2989.13,996.086,-1268.2,-3289.13,726.087,-1180.4,-2989.13,726.087,-1249.2,-2989.13,696.086,-1268.2,-2989.13,696.086,-1268.2,-3289.13,696.086,-1180.4,-3289.13,726.087,-1180.4,-3289.13,996.086,-1180.4,-2989.13,996.086,-1268.2,-2989.13,966.086,-1249.2,-2989.13,966.086,-1249.2,-3289.13,966.086,-1180.4,-3289.13,996.086,-1180.4]},"normal":{"type":"float32","components":3,"data":[-1,0,0,-1,0,0,-1,0,0,-1,0,0,-1,0,0,0,1,0,0,1,0,0,1,0,0,1,0,0.280885,0,0.959741,0.280885,0,0.959741,0.280885,0,0.959741,0.280885,-6.87306e-06,0.959742,0.280885,-6.87306e-06,0.959742,0.280885,-6.87306e-06,0.959742,0,-1,0,0,-1,0,0,-1,0,0,-1,0,0.280885,0,0.959741,0.280885,0,0.959741,0.280885,0,0.959741,0.280885,0,0.959741,0.280885,0,0.959741,0.280885,0,0.959741,0,1,0,0,1,0,0,1,0,0,1,0,-1,0,0,-1,0,0,-1,0,0,-1,0,0,0,-1,0,0,-1,0,0,-1,0,0,-1,0,1,0,2.92969e-05,1,0,2.92969e-05,1,0,2.92969e-05,1,-2.44138e-05,0,1,-2.44138e-05,0,1,-2.44138e-05,0,1,-2.44137e-05,-1.6646e-05,1,-2.44137e-05,-1.6646e-05,1,-2.44137e-05,-1.6646e-05,1,4.29681e-05,2.92969e-05,1,4.29681e-05,2.92969e-05,1,4.29681e-05,2.92969e-05,-0.190209,0.525283,-0.829396,-0.190209,0.525283,-0.829396,-0.190209,0.525283,-0.829396,-0.280886,0,-0.959741,-0.280886,0,-0.959741,-0.280886,0,-0.959741,-0.240024,-0.51941,-0.820123,-0.240024,-0.51941,-0.820123,-0.240024,-0.51941,-0.820123,-0.223531,0,-0.974697,-0.223531,0,-0.974697,-0.223531,0,-0.974697]},"texCoord0":{"type":"float32","components":2,"data":[0.538674,0.0832336,0.538674,0.0782604,0.542867,0.0832336,0.545963,0.0832336,0.545963,0.0782604,0.545963,0.12982,0.538646,0.131965,0.545962,0.0757402,0.538649,0.0778855,0.895196,0.672022,0.895196,0.547651,0.883344,0.672022,0.883344,0.547651,0.883344,0.672022,0.895196,0.547651,0.545963,0.12982,0.545962,0.0757402,0.538646,0.131965,0.538649,0.0778855,0.883344,0.672061,0.895196,0.672061,0.883344,0.54769,0.895196,0.54769,0.883344,0.54769,0.895196,0.672061,0.541841,0.131055,0.541847,0.0783539,0.545962,0.129866,0.545961,0.0771652,0.542867,0.123019,0.545963,0.127992,0.538674,0.123019,0.538674,0.127992,0.541846,0.130972,0.545961,0.129783,0.541851,0.0782709,0.54596,0.0770822,0.538646,0.131965,0.545963,0.12982,0.545963,0.12982,0.545963,0.12982,0.538646,0.131965,0.538646,0.131965,0.541846,0.130972,0.545961,0.129783,0.545961,0.129783,0.545961,0.129783,0.541846,0.130972,0.541846,0.130972,0.538649,0.0778855,0.538646,0.131965,0.538646,0.131965,0.538646,0.131965,0.538649,0.0778855,0.538649,0.0778855,0.541851,0.0782709,0.541846,0.130972,0.541846,0.130972,0.541846,0.130972,0.541851,0.0782709,0.541851,0.0782709]}}],"meshes":[{"aabb":{"min":[-3289.13,696.086,-1268.2],"max":[-2989.13,996.086,-1136.4]},"vertices":0,"indices":[0,1,2,3,1,4,5,6,7,8,7,6,9,10,11,12,13,14,15,16,17,18,17,16,19,20,21,22,23,24,25,26,27,28,27,26,29,30,31,31,30,32,33,34,35,36,35,34,37,38,39,40,41,42,43,44,45,46,47,48,49,50,51,52,53,54,55,56,57,58,59,60],"type":"triangles","base":0,"count":72}],"meshInstances":[{"node":1,"mesh":0}]}}