{"model":{"version":3,"nodes":[{"name":"RootNode","position":[0,0,0],"rotation":[0,0,0],"scale":[0.0254,0.0254,0.0254],"scaleCompensation":false},{"name":"Mesh1 End Model","position":[0,0,0],"rotation":[-90,0,0],"scale":[1,1,1],"scaleCompensation":false}],"parents":[-1,0],"skins":[],"morphs":[],"vertices":[{"position":{"type":"float32","components":3,"data":[-59.055,-59.0549,-2.15892e-05,-47.2441,-59.0549,-1.98292e-05,-47.2441,-59.0549,7.4803,-47.2441,-59.0549,17.3228,-59.055,-59.0549,17.3228,59.055,59.0549,17.3229,47.2441,47.2441,17.3228,47.2441,-59.0549,17.3228,59.055,-59.0549,17.3228,59.055,-59.0549,17.3228,47.2441,-59.0549,17.3228,47.2441,-59.0549,7.4803,47.2441,-59.0549,-1.98292e-05,59.055,-59.0549,-1.98292e-05,59.055,59.0549,17.3229,59.055,-59.0549,17.3228,59.055,-59.0549,-1.98292e-05,59.055,59.0549,1.98292e-05,-59.055,59.0549,17.3229,59.055,59.0549,17.3229,59.055,59.0549,1.98292e-05,-59.055,59.0549,2.04159e-05,-59.055,-59.0549,-2.15892e-05,-59.055,-59.0549,17.3228,-59.055,59.0549,17.3229,-59.055,59.0549,2.04159e-05,-47.2441,-59.0549,17.3228,-47.2441,-59.0549,7.4803,-47.2441,47.2441,7.48033,-47.2441,47.2441,17.3228,47.2441,47.2441,17.3228,-47.2441,47.2441,17.3228,-47.2441,47.2441,7.48033,47.2441,47.2441,7.48033,47.2441,47.2441,17.3228,47.2441,47.2441,7.48033,47.2441,-59.0549,7.4803,47.2441,-59.0549,17.3228,47.2441,47.2441,17.3228,59.055,59.0549,17.3229,-59.055,59.0549,17.3229,-47.2441,47.2441,17.3228,-47.2441,47.2441,17.3228,-59.055,59.0549,17.3229,-59.055,-59.0549,17.3228,-47.2441,-59.0549,17.3228]},"normal":{"type":"float32","components":3,"data":[1.27456e-07,-1,-3.69027e-07,0,-1,0,3.33693e-07,-1,-5.26875e-07,1.87027e-07,-1,-5.6794e-07,0,-1,-4.40424e-07,-2.05433e-12,-3.22981e-07,1,-2.35291e-12,-3.22981e-07,1,-2.98586e-13,-3.22979e-07,1,0,-3.22979e-07,1,-1.14175e-07,-1,-5.10623e-07,0,-1,-7.75147e-07,-4.65834e-07,-1,-2.16154e-07,-2.46087e-07,-1,-2.7264e-07,0,-1,-4.40424e-07,1,0,0,1,0,0,1,0,0,1,0,0,9.92402e-16,1,2.20212e-07,0,1,2.20212e-07,1.01407e-16,1,2.20212e-07,1.09381e-15,1,2.20212e-07,-1,0,0,-1,0,0,-1,0,0,-1,0,0,1,0,0,1,0,0,1,0,0,1,0,0,0,-1,-7.75146e-07,0,-1,-7.75146e-07,0,-1,-7.75146e-07,0,-1,-7.75146e-07,-1,0,0,-1,0,0,-1,0,0,-1,0,0,-2.35291e-12,-3.22981e-07,1,-2.05433e-12,-3.22981e-07,1,2.1072e-12,-3.22981e-07,1,2.00824e-12,-3.22981e-07,1,2.00824e-12,-3.22981e-07,1,2.1072e-12,-3.22981e-07,1,2.96884e-13,-3.22978e-07,1,0,-3.22978e-07,1]},"texCoord0":{"type":"float32","components":2,"data":[0.313778,0.111241,0.313778,0.111248,0.313774,0.111248,0.313769,0.111248,0.313769,0.111241,0.113774,0.501635,0.113765,0.501625,0.113765,0.501538,0.113774,0.501538,0.31378,0.111325,0.313769,0.111325,0.313769,0.111315,0.313769,0.111308,0.31378,0.111308,0.313778,0.11124,0.313778,0.111305,0.313769,0.111305,0.313769,0.11124,0.313769,0.111241,0.313769,0.111305,0.313778,0.111305,0.313778,0.111241,0.313769,0.111305,0.313778,0.111305,0.313778,0.11124,0.313769,0.11124,0.313778,0.111305,0.313773,0.111305,0.313773,0.111246,0.313778,0.111246,0.313769,0.111299,0.313769,0.111248,0.313774,0.111248,0.313774,0.111299,0.313778,0.111246,0.313773,0.111246,0.313773,0.111305,0.313778,0.111305,0.113774,0.501623,0.113765,0.501632,0.113765,0.501541,0.113774,0.50155,0.113774,0.501622,0.113765,0.501631,0.113765,0.50154,0.113774,0.50154]}}],"meshes":[{"aabb":{"min":[-59.055,-59.0549,-2.15892e-05],"max":[59.055,59.0549,17.3229]},"vertices":0,"indices":[0,1,2,0,2,3,0,3,4,5,6,7,7,8,5,9,10,11,9,11,12,9,12,13,14,15,16,16,17,14,18,19,20,20,21,18,22,23,24,24,25,22,26,27,28,28,29,26,30,31,32,32,33,30,34,35,36,36,37,34,38,39,40,40,41,38,42,43,44,44,45,42],"type":"triangles","base":0,"count":72}],"meshInstances":[{"node":1,"mesh":0}]}}