{"model":{"version":3,"nodes":[{"name":"RootNode","position":[0,0,0],"rotation":[0,0,0],"scale":[0.0254,0.0254,0.0254],"scaleCompensation":false},{"name":"Mesh1 diamantecorner 90","position":[0,0,0],"rotation":[-90,0,0],"scale":[1,1,1],"scaleCompensation":false}],"parents":[-1,0],"skins":[],"morphs":[],"vertices":[{"position":{"type":"float32","components":3,"data":[-3.61325,27.7197,5.61017,-3.61325,27.7197,15.4527,27.7206,59.0536,5.61019,27.7206,59.0536,15.4527,27.7206,-3.61437,15.4527,59.0546,27.7197,15.4527,-3.61325,27.7197,15.4527,27.7206,59.0536,15.4527,-3.61325,27.7197,5.61017,27.7206,-3.61437,5.61015,-3.61325,27.7197,15.4527,27.7206,-3.61437,15.4527,27.7206,-3.61437,5.61015,59.0546,27.7197,5.61017,27.7206,-3.61437,15.4527,59.0546,27.7197,15.4527,59.0546,27.7197,5.61017,27.7206,59.0536,5.61019,59.0546,27.7197,15.4527,27.7206,59.0536,15.4527]},"normal":{"type":"float32","components":3,"data":[-0.707107,0.707106,1.37028e-07,-0.707107,0.707106,1.56094e-07,-0.707107,0.707106,2.54989e-07,-0.707107,0.707106,2.74056e-07,0,-6.08714e-07,1,0,-6.08716e-07,1,0,-6.08716e-07,1,0,-6.08718e-07,1,-0.707109,-0.707104,-1.39941e-07,-0.707109,-0.707104,-1.39941e-07,-0.707109,-0.707104,-1.39941e-07,-0.707109,-0.707104,-1.39941e-07,0.707107,-0.707107,-1.3994e-07,0.707107,-0.707107,-1.3994e-07,0.707107,-0.707107,-1.3994e-07,0.707107,-0.707107,-1.3994e-07,0.707105,0.707109,1.3994e-07,0.707105,0.707109,2.60409e-07,0.707105,0.707109,1.59412e-07,0.707105,0.707109,2.79881e-07]},"texCoord0":{"type":"float32","components":2,"data":[0.313773,0.111286,0.313778,0.111286,0.313773,0.111269,0.313778,0.111269,0.11377,0.501593,0.113764,0.501599,0.113776,0.501599,0.11377,0.501605,0.313773,0.111286,0.313773,0.111303,0.313778,0.111286,0.313778,0.111303,0.313773,0.111303,0.313773,0.111286,0.313778,0.111303,0.313778,0.111286,0.313773,0.111286,0.313773,0.111269,0.313778,0.111286,0.313778,0.111269]}}],"meshes":[{"aabb":{"min":[-3.61325,-3.61437,5.61015],"max":[59.0546,59.0536,15.4527]},"vertices":0,"indices":[0,1,2,3,2,1,4,5,6,7,6,5,8,9,10,11,10,9,12,13,14,15,14,13,16,17,18,19,18,17],"type":"triangles","base":0,"count":30}],"meshInstances":[{"node":1,"mesh":0}]}}