{"model":{"version":3,"nodes":[{"name":"RootNode","position":[0,0,0],"rotation":[0,0,0],"scale":[0.0254,0.0254,0.0254],"scaleCompensation":false},{"name":"LEVEL100-flechas","position":[0,0,0],"rotation":[-90,-0,0],"scale":[0.3937,0.3937,0.3937],"scaleCompensation":false}],"parents":[-1,0],"skins":[],"morphs":[],"vertices":[{"position":{"type":"float32","components":3,"data":[-3712.78,833.396,-1241.52,-3767.11,888.857,-1257.45,-3767.11,778.363,-1257.45,-3620.56,833.396,-1214.31,-3674.89,888.857,-1230.25,-3674.89,778.363,-1230.25,-3801.34,833.396,-1267.7,-3855.67,888.857,-1283.64,-3855.67,778.363,-1283.64,-3707.42,833.385,-1239.95,-3770.85,898.137,-1258.55,-3767.11,888.857,-1257.45,-3767.11,888.857,-1257.45,-3712.78,833.396,-1241.52,-3707.42,833.385,-1239.95,-3770.85,898.137,-1258.55,-3770.85,769.133,-1258.55,-3767.11,778.363,-1257.45,-3767.11,778.363,-1257.45,-3767.11,888.857,-1257.45,-3770.85,898.137,-1258.55,-3770.85,769.133,-1258.55,-3707.42,833.385,-1239.95,-3712.78,833.396,-1241.52,-3712.78,833.396,-1241.52,-3767.11,778.363,-1257.45,-3770.85,769.133,-1258.55,-3615.2,833.385,-1212.74,-3678.63,898.137,-1231.35,-3674.89,888.857,-1230.25,-3674.89,888.857,-1230.25,-3620.56,833.396,-1214.31,-3615.2,833.385,-1212.74,-3678.63,898.137,-1231.35,-3678.63,769.133,-1231.35,-3674.89,778.363,-1230.25,-3674.89,778.363,-1230.25,-3674.89,888.857,-1230.25,-3678.63,898.137,-1231.35,-3678.63,769.133,-1231.35,-3615.2,833.385,-1212.74,-3620.56,833.396,-1214.31,-3620.56,833.396,-1214.31,-3674.89,778.363,-1230.25,-3678.63,769.133,-1231.35,-3795.98,833.385,-1266.13,-3859.41,898.137,-1284.74,-3855.67,888.857,-1283.64,-3855.67,888.857,-1283.64,-3801.34,833.396,-1267.7,-3795.98,833.385,-1266.13,-3859.41,898.137,-1284.74,-3859.41,769.133,-1284.74,-3855.67,778.363,-1283.64,-3855.67,778.363,-1283.64,-3855.67,888.857,-1283.64,-3859.41,898.137,-1284.74,-3859.41,769.133,-1284.74,-3795.98,833.385,-1266.13,-3801.34,833.396,-1267.7,-3801.34,833.396,-1267.7,-3855.67,778.363,-1283.64,-3859.41,769.133,-1284.74]},"normal":{"type":"float32","components":3,"data":[-0.281475,1.05922e-06,0.959569,-0.281475,1.05922e-06,0.959569,-0.281475,1.05922e-06,0.959569,-0.281482,1.04953e-06,0.959566,-0.281482,1.04953e-06,0.959566,-0.281482,1.04953e-06,0.959566,-0.281475,1.13519e-06,0.959569,-0.281475,1.13519e-06,0.959569,-0.281475,1.13519e-06,0.959569,-0.281474,1.20507e-06,0.959569,-0.281474,1.20507e-06,0.959569,-0.281474,1.20507e-06,0.959569,-0.281475,1.01201e-06,0.959569,-0.281475,1.01201e-06,0.959569,-0.281475,1.01201e-06,0.959569,-0.281475,1.06538e-06,0.959569,-0.281475,1.06538e-06,0.959569,-0.281475,1.06538e-06,0.959569,-0.281475,1.05922e-06,0.959569,-0.281475,1.05922e-06,0.959569,-0.281475,1.05922e-06,0.959569,-0.281475,1.10352e-06,0.959569,-0.281475,1.10352e-06,0.959569,-0.281475,1.10352e-06,0.959569,-0.281474,1.04062e-06,0.959569,-0.281475,1.04062e-06,0.959569,-0.281475,1.04062e-06,0.959569,-0.281482,1.18393e-06,0.959566,-0.281482,1.18393e-06,0.959566,-0.281482,1.18393e-06,0.959566,-0.281482,1.06138e-06,0.959566,-0.281482,1.06138e-06,0.959566,-0.281482,1.06138e-06,0.959566,-0.281482,1.06541e-06,0.959566,-0.281482,1.06541e-06,0.959567,-0.281482,1.06541e-06,0.959566,-0.281483,1.04953e-06,0.959566,-0.281483,1.04953e-06,0.959566,-0.281483,1.04953e-06,0.959566,-0.281482,1.06108e-06,0.959566,-0.281482,1.06108e-06,0.959566,-0.281482,1.06108e-06,0.959566,-0.281483,1.28838e-06,0.959566,-0.281483,1.28838e-06,0.959566,-0.281483,1.28838e-06,0.959566,-0.281475,3.38266e-07,0.959568,-0.281475,3.38266e-07,0.959569,-0.281475,3.38266e-07,0.959569,-0.281474,1.55504e-06,0.959569,-0.281474,1.55504e-06,0.959569,-0.281474,1.55504e-06,0.959569,-0.281475,1.06539e-06,0.959568,-0.281476,1.06539e-06,0.959568,-0.281476,1.06539e-06,0.959568,-0.281473,1.13519e-06,0.959569,-0.281473,1.13519e-06,0.959569,-0.281473,1.13519e-06,0.959569,-0.281474,6.79091e-07,0.959569,-0.281474,6.79091e-07,0.959569,-0.281474,6.79091e-07,0.959569,-0.281474,3.59261e-07,0.959569,-0.281474,3.59261e-07,0.959569,-0.281474,3.59261e-07,0.959569]},"texCoord0":{"type":"float32","components":2,"data":[0.859017,0.880883,0.859017,0.880883,0.859017,0.880883,0.859017,0.880883,0.859017,0.880883,0.859017,0.880883,0.859017,0.880883,0.859017,0.880883,0.859017,0.880883,0.954962,0.875818,0.954887,0.875818,0.954887,0.875818,0.954887,0.875818,0.954962,0.875818,0.954962,0.875818,0.954887,0.875818,0.954887,0.875598,0.954887,0.875598,0.954887,0.875598,0.954887,0.875818,0.954887,0.875818,0.954887,0.875598,0.954962,0.875818,0.954962,0.875818,0.954962,0.875818,0.954887,0.875598,0.954887,0.875598,0.954962,0.875818,0.954887,0.875818,0.954887,0.875818,0.954887,0.875818,0.954962,0.875818,0.954962,0.875818,0.954887,0.875818,0.954887,0.875598,0.954887,0.875598,0.954887,0.875598,0.954887,0.875818,0.954887,0.875818,0.954887,0.875598,0.954962,0.875818,0.954962,0.875818,0.954962,0.875818,0.954887,0.875598,0.954887,0.875598,0.954962,0.875818,0.954887,0.875818,0.954887,0.875818,0.954887,0.875818,0.954962,0.875818,0.954962,0.875818,0.954887,0.875818,0.954887,0.875598,0.954887,0.875598,0.954887,0.875598,0.954887,0.875818,0.954887,0.875818,0.954887,0.875598,0.954962,0.875818,0.954962,0.875818,0.954962,0.875818,0.954887,0.875598,0.954887,0.875598]}}],"meshes":[{"aabb":{"min":[-3859.41,769.133,-1284.74],"max":[-3615.2,898.137,-1212.74]},"vertices":0,"indices":[0,1,2,3,4,5,6,7,8,9,10,11,12,13,14,15,16,17,18,19,20,21,22,23,24,25,26,27,28,29,30,31,32,33,34,35,36,37,38,39,40,41,42,43,44,45,46,47,48,49,50,51,52,53,54,55,56,57,58,59,60,61,62],"type":"triangles","base":0,"count":63}],"meshInstances":[{"node":1,"mesh":0}]}}