{"model":{"version":3,"nodes":[{"name":"RootNode","position":[0,0,0],"rotation":[0,0,0],"scale":[0.01,0.01,0.01],"scaleCompensation":false},{"name":"Plane","position":[0,-6.37415,390.321],"rotation":[-90,-0,0],"scale":[0.057108,0.057108,0.057108],"scaleCompensation":false},{"name":"publico","position":[3.8147e-06,6834.77,111.615],"rotation":[-1.00179e-05,-0,0],"scale":[1,1,1],"scaleCompensation":false}],"parents":[-1,0,1],"skins":[],"morphs":[],"vertices":[{"position":{"type":"float32","components":3,"data":[35982.8,-60609,18210.8,26594.9,-60609,-919.329,26422.2,-60688.7,-919.329,26422.2,-70076.6,18210.8,-26456.1,-70076.6,18210.8,26422.2,-70076.6,18210.8,26422.2,-60688.7,-919.329,-26456.1,-60688.7,-919.326,-36057.7,-42418.4,18210.8,-36057.7,-60609,18210.8,-26669.8,-60609,-919.326,-26456.1,-60688.7,-919.326,-26669.8,-60609,-919.326,-36057.7,-60609,18210.8,-26456.1,-70076.6,18210.8,26594.9,-60609,-919.329,35982.8,-60609,18210.8,35982.8,-42486.8,18210.8,26594.9,-42486.8,-919.328,-26669.9,-42452.6,-919.326,-36057.8,10395.8,18210.8,-26669.8,10395.8,-919.323,-26497.1,10475.5,-919.323,-26497.1,19863.4,18210.8,26381.1,19863.4,18210.8,-26497.1,19863.4,18210.8,-26497.1,10475.5,-919.323,26381.1,10475.5,-919.326,35982.8,-42486.8,18210.8,35982.8,10395.8,18210.8,26594.9,10395.8,-919.326,26594.9,-42486.8,-919.328,-26669.8,10395.8,-919.323,-36057.8,10395.8,18210.8,-36057.7,-42418.4,18210.8,-26669.9,-42452.6,-919.326,26381.1,10475.5,-919.326,26594.9,10395.8,-919.326,35982.8,10395.8,18210.8,26381.1,19863.4,18210.8]},"normal":{"type":"float32","components":3,"data":[-0.850043,0.319604,0.418664,-0.731281,0.580037,0.358868,-0.279863,0.89254,0.353622,-0.315491,0.85188,0.418051,0.31471,0.852112,0.418165,-0.315491,0.85188,0.418051,-0.279863,0.89254,0.353622,0.255378,0.904076,0.342678,0.897728,5.30765e-08,0.44055,0.849471,0.320628,0.419043,0.704681,0.619546,0.345815,0.255378,0.904076,0.342678,0.704681,0.619546,0.345815,0.849471,0.320628,0.419043,0.31471,0.852112,0.418165,-0.731281,0.580037,0.358868,-0.850043,0.319604,0.418664,-0.897728,-2.39641e-07,0.44055,-0.897728,-2.44863e-07,0.440551,0.897728,1.07503e-07,0.44055,0.850042,-0.319608,0.418664,0.731291,-0.58002,0.358874,0.279873,-0.892535,0.353627,0.31549,-0.85188,0.418051,-0.31471,-0.852113,0.418165,0.31549,-0.85188,0.418051,0.279873,-0.892535,0.353627,-0.255373,-0.904079,0.342676,-0.897728,-2.39641e-07,0.44055,-0.84947,-0.32063,0.419043,-0.704675,-0.619555,0.345812,-0.897728,-2.44863e-07,0.440551,0.731291,-0.58002,0.358874,0.850042,-0.319608,0.418664,0.897728,5.30765e-08,0.44055,0.897728,1.07503e-07,0.44055,-0.255373,-0.904079,0.342676,-0.704675,-0.619555,0.345812,-0.84947,-0.32063,0.419043,-0.31471,-0.852113,0.418165]},"texCoord0":{"type":"float32","components":2,"data":[1.12447,2.4797,0.1732,-0.40922,0.139763,-0.40922,-0.846269,2.4797,4.09596,2.4797,-3.09596,2.4797,-3.09596,-0.40922,4.09596,-0.40922,-0.61752,2.4797,-3.09596,2.4797,-3.09596,-0.40922,0.140033,-0.40922,0.179217,-0.40922,1.1459,2.4797,-0.906862,2.4797,-3.09596,-0.40922,-3.09596,2.4797,-0.63147,2.4797,-0.63147,-0.40922,-0.62449,-0.40922,1.12447,2.4797,0.1732,-0.40922,0.139763,-0.40922,-0.846269,2.4797,4.09596,2.4797,-3.09596,2.4797,-3.09596,-0.40922,4.09596,-0.40922,4.09596,2.4797,-3.09596,2.4797,-3.09596,-0.40922,4.09596,-0.40922,-3.09596,-0.40922,-3.09596,2.4797,4.09596,2.4797,4.09596,-0.40922,0.140033,-0.40922,0.179217,-0.40922,1.1459,2.4797,-0.906862,2.4797]}}],"meshes":[{"aabb":{"min":[-36057.8,-70076.6,-919.329],"max":[35982.8,19863.4,18210.8]},"vertices":0,"indices":[0,1,2,2,3,0,4,5,6,6,7,4,8,9,10,11,12,13,13,14,11,15,16,17,17,18,15,10,19,8,20,21,22,22,23,20,24,25,26,26,27,24,28,29,30,30,31,28,32,33,34,34,35,32,36,37,38,38,39,36],"type":"triangles","base":0,"count":60}],"meshInstances":[{"node":2,"mesh":0}]}}