{"model":{"version":3,"nodes":[{"name":"RootNode","position":[0,0,0],"rotation":[0,0,0],"scale":[0.0254,0.0254,0.0254],"scaleCompensation":false},{"name":"Object001","position":[0,-0.0474318,0],"rotation":[-90,-0,0],"scale":[1,1,1],"scaleCompensation":false}],"parents":[-1,0],"skins":[],"morphs":[],"vertices":[{"position":{"type":"float32","components":3,"data":[-4.25481e-08,4.67804,-0.439262,1.26036,4.50376,0.439261,1.26036,4.50376,-0.439262,0,4.67803,0.439261,0,4.67803,0.439261,0.869631,3.10074,0.439261,1.26036,4.50376,0.439261,1.91323e-09,3.22099,0.439261,1.91323e-09,3.22099,0.439261,0.869631,3.10074,-0.439262,0.869631,3.10074,0.439261,-3.67084e-08,3.22099,-0.439262,2.42725,3.99383,0.439261,2.42725,3.99383,-0.439262,1.67476,2.74889,0.439261,2.42725,3.99383,0.439261,1.67476,2.74889,-0.439262,1.67476,2.74889,0.439261,3.41412,3.18607,0.439261,3.41412,3.18607,-0.439262,2.35569,2.19155,0.439261,3.41412,3.18607,0.439261,2.35569,2.19155,-0.439262,2.35569,2.19155,0.439261,4.14778,2.14039,0.439261,4.14778,2.14039,-0.439262,2.8619,1.47005,0.439261,4.14778,2.14039,0.439261,2.8619,1.47005,-0.439262,2.8619,1.47005,0.439261,4.57382,0.934349,0.439261,4.57382,0.934349,-0.439262,3.15586,0.637901,0.439261,4.57382,0.934349,0.439261,3.15586,0.637901,-0.439262,3.15586,0.637901,0.439261,4.66064,-0.342613,0.439261,4.66064,-0.342613,-0.439262,3.21577,-0.243183,0.439261,4.66064,-0.342613,0.439261,3.21577,-0.243183,-0.439262,3.21577,-0.243183,0.439261,4.4018,-1.59579,0.439261,4.4018,-1.59579,-0.439262,3.03717,-1.10785,0.439261,4.4018,-1.59579,0.439261,3.03717,-1.10785,-0.439262,3.03717,-1.10785,0.439261,3.8165,-2.73223,0.439261,3.8165,-2.73223,-0.439262,2.63332,-1.89198,0.439261,3.8165,-2.73223,0.439261,2.63332,-1.89198,-0.439262,2.63332,-1.89198,0.439261,2.94815,-3.66767,0.439261,2.94815,-3.66767,-0.439262,2.03417,-2.53742,0.439261,2.94815,-3.66767,0.439261,2.03417,-2.53742,-0.439262,2.03417,-2.53742,0.439261,1.86114,-4.33271,0.439261,1.86114,-4.33271,-0.439262,1.28416,-2.99628,0.439261,1.86114,-4.33271,0.439261,1.28416,-2.99628,-0.439262,1.28416,-2.99628,0.439261,0.636107,-4.67804,0.439261,0.636107,-4.67804,-0.439262,0.438903,-3.23455,0.439261,0.636107,-4.67804,0.439261,0.438903,-3.23455,-0.439262,0.438903,-3.23455,0.439261,-0.636106,-4.67804,0.439261,-0.636106,-4.67804,-0.439262,-0.438903,-3.23455,0.439261,-0.636106,-4.67804,0.439261,-0.438903,-3.23455,-0.439262,-0.438903,-3.23455,0.439261,-1.86114,-4.33271,0.439262,-1.86114,-4.33271,-0.439262,-1.28416,-2.99628,0.439261,-1.86114,-4.33271,0.439262,-1.28416,-2.99628,-0.439262,-1.28416,-2.99628,0.439261,-2.94815,-3.66767,0.439261,-2.94815,-3.66767,-0.439262,-2.03417,-2.53742,0.439261,-2.94815,-3.66767,0.439261,-2.03417,-2.53742,-0.439262,-2.03417,-2.53742,0.439261,-3.8165,-2.73223,0.439263,-3.8165,-2.73223,-0.439263,-2.63332,-1.89198,0.439261,-3.8165,-2.73223,0.439263,-2.63332,-1.89198,-0.439262,-2.63332,-1.89198,0.439261,-4.4018,-1.59579,0.439262,-4.4018,-1.59579,-0.439262,-3.03717,-1.10785,0.439258,-4.4018,-1.59579,0.439262,-3.03717,-1.10785,-0.439261,-3.03717,-1.10785,0.439258,-4.66064,-0.342617,0.439261,-4.66064,-0.342617,-0.439262,-3.21577,-0.243183,0.439261,-4.66064,-0.342617,0.439261,-3.21577,-0.243183,-0.439262,-3.21577,-0.243183,0.439261,-4.57382,0.934349,0.439262,-4.57382,0.934349,-0.439263,-3.15586,0.637901,0.439262,-4.57382,0.934349,0.439262,-3.15586,0.637901,-0.439261,-3.15586,0.637901,0.439262,-4.14779,2.14039,0.43926,-4.14778,2.14039,-0.439262,-2.8619,1.47005,0.43926,-4.14779,2.14039,0.43926,-2.8619,1.47005,-0.439262,-2.8619,1.47005,0.43926,-3.41412,3.18607,0.439263,-3.41413,3.18607,-0.439263,-2.35569,2.19155,0.439262,-3.41412,3.18607,0.439263,-2.35569,2.19155,-0.439261,-2.35569,2.19155,0.439262,-2.42725,3.99383,0.439262,-2.42725,3.99383,-0.439262,-1.67477,2.74889,0.439261,-2.42725,3.99383,0.439262,-1.67477,2.74889,-0.439262,-1.67477,2.74889,0.439261,-1.26037,4.50376,0.439261,-1.26037,4.50376,-0.439262,-0.869632,3.10073,0.439261,-1.26037,4.50376,0.439261,-0.869632,3.10074,-0.439262,-0.869632,3.10073,0.439261,0,4.67803,0.439261,-4.25481e-08,4.67804,-0.439262,-3.67084e-08,3.22099,-0.439262,1.91323e-09,3.22099,0.439261]},"normal":{"type":"float32","components":3,