{"model":{"version":3,"nodes":[{"name":"RootNode","position":[0,0,0],"rotation":[0,0,0],"scale":[0.0254,0.0254,0.0254],"scaleCompensation":false},{"name":"Mesh1 Obstacle_triangle Model","position":[0,0,0],"rotation":[-90,0,0],"scale":[1,1,1],"scaleCompensation":false}],"parents":[-1,0],"skins":[],"morphs":[],"vertices":[{"position":{"type":"float32","components":3,"data":[0,32.6071,17.3228,0,32.6071,7.48033,-32.6073,32.6071,7.48033,-32.6073,32.6071,17.3228,0,32.6071,17.3228,-32.6073,32.6071,17.3228,-32.6073,-5.6445e-06,17.3228,-32.6073,-5.6445e-06,17.3228,-32.6073,-2.4374e-06,7.48031,0,32.6071,7.48033,0,32.6071,17.3228,-32.6073,32.6071,7.48033,-32.6073,-2.4374e-06,7.48031,-32.6073,-5.6445e-06,17.3228,-32.6073,32.6071,17.3228,32.6071,-2.4374e-06,7.48031,0,-32.6073,7.4803,0,-32.6073,17.3228,32.6071,-5.6445e-06,17.3228,0,-32.6073,17.3228,32.6071,-32.6073,17.3228,32.6071,-5.6445e-06,17.3228,32.6071,-32.6073,17.3228,32.6071,-32.6073,7.4803,32.6071,-2.4374e-06,7.48031,32.6071,-5.6445e-06,17.3228,0,-32.6073,7.4803,32.6071,-32.6073,7.4803,32.6071,-32.6073,17.3228,0,-32.6073,17.3228]},"normal":{"type":"float32","components":3,"data":[0,1,7.75146e-07,0,1,7.75146e-07,0,1,7.75146e-07,0,1,7.75146e-07,0,-3.5097e-07,1,0,-3.5097e-07,1,0,-3.5097e-07,1,0.707105,-0.707109,-2.72938e-07,0.707105,-0.707109,-2.30405e-07,0.707105,-0.707109,-5.05581e-07,0.707105,-0.707109,-5.48113e-07,-1,0,0,-1,0,0,-1,0,0,-1,0,0,-0.707109,0.707105,2.72936e-07,-0.707109,0.707105,5.4811e-07,-0.707109,0.707105,5.05578e-07,-0.707109,0.707105,2.30404e-07,0,-3.50967e-07,1,0,-3.50967e-07,1,0,-3.50967e-07,1,1,0,0,1,0,0,1,0,0,1,0,0,0,-1,-7.75147e-07,0,-1,-7.75147e-07,0,-1,-7.75147e-07,0,-1,-7.75147e-07]},"texCoord0":{"type":"float32","components":2,"data":[0.313769,0.111278,0.31378,0.111278,0.31378,0.111241,0.313769,0.111241,0.113776,0.501614,0.113765,0.501614,0.113765,0.501603,0.313769,0.111241,0.31378,0.111241,0.31378,0.111278,0.313769,0.111278,0.31378,0.111314,0.31378,0.111278,0.313769,0.111278,0.313769,0.111314,0.31378,0.111314,0.31378,0.111278,0.313769,0.111278,0.313769,0.111314,0.113765,0.501603,0.113776,0.501603,0.113776,0.501614,0.313769,0.111243,0.31378,0.111243,0.31378,0.111278,0.313769,0.111278,0.31378,0.111278,0.31378,0.111314,0.313769,0.111314,0.313769,0.111278]}}],"meshes":[{"aabb":{"min":[-32.6073,-32.6073,7.4803],"max":[32.6071,32.6071,17.3228]},"vertices":0,"indices":[0,1,2,2,3,0,4,5,6,7,8,9,9,10,7,11,12,13,13,14,11,15,16,17,17,18,15,19,20,21,22,23,24,24,25,22,26,27,28,28,29,26],"type":"triangles","base":0,"count":42}],"meshInstances":[{"node":1,"mesh":0}]}}