{"model":{"version":3,"nodes":[{"name":"RootNode","position":[0,0,0],"rotation":[0,0,0],"scale":[0.0254,0.0254,0.0254],"scaleCompensation":false},{"name":"Cylinder009","position":[0,0,0],"rotation":[-90,0,0],"scale":[0.393701,0.393701,0.393701],"scaleCompensation":false},{"name":"Dummy033","position":[0,0,2.2472e-06],"rotation":[7.62939e-06,0,0],"scale":[0.393701,0.393701,0.393701],"scaleCompensation":false},{"name":"Dummy038","position":[-26.8703,-12.0274,1.43378e-06],"rotation":[0,0,0],"scale":[0.233127,0.233127,0.233127],"scaleCompensation":false}],"parents":[-1,0,0,2],"skins":[{"inverseBindMatrices":[[100,-0,0,0,0,100,-1.62921e-05,0,0,1.62921e-05,100,0,-0,-9.29933e-13,-5.70789e-06,1]],"boneNames":["Dummy033"]}],"morphs":[],"vertices":[{"position":{"type":"float32","components":3,"data":[1.96838e-05,-0.000817871,5.92155e-07,1.23596e-05,-0.53035,7.5268e-07,-0.103297,-0.520178,7.67007e-07,-0.202635,-0.490045,7.76466e-07,-0.294186,-0.441112,7.80694e-07,-0.37443,-0.375259,6.89149e-07,-0.440285,-0.295016,6.87762e-07,-0.489219,-0.203467,6.43694e-07,-0.519352,-0.104131,6.23183e-07,-0.529526,-0.000824127,6.03196e-07]},"normal":{"type":"float32","components":3,"data":[1.77167e-08,3.29783e-07,1,1.68528e-07,3.03143e-07,1,1.7732e-07,3.01394e-07,1,1.94392e-07,2.96215e-07,1,-1.53585e-07,5.30837e-07,1,-1.8852e-07,4.47563e-07,1,2.78917e-08,2.83233e-07,1,-2.9694e-08,3.26015e-07,1,1.92276e-08,2.03673e-07,1,2.08486e-08,1.95524e-07,1]},"blendIndices":{"type":"uint8","components":4,"data":[0,0,0,0,0,0,0,0,0,0,0,0,0,0,0,0,0,0,0,0,0,0,0,0,0,0,0,0,0,0,0,0,0,0,0,0,0,0,0,0]},"blendWeight":{"type":"float32","components":4,"data":[1,0,0,0,1,0,0,0,1,0,0,0,1,0,0,0,1,0,0,0,1,0,0,0,1,0,0,0,1,0,0,0,1,0,0,0,1,0,0,0]},"texCoord0":{"type":"float32","components":2,"data":[0.996948,0.765099,0.996948,0.454715,0.936164,0.460679,0.877716,0.478342,0.823849,0.507024,0.776635,0.545625,0.737888,0.592659,0.709096,0.64632,0.691365,0.704546,0.685379,0.765099]}}],"meshes":[{"aabb":{"min":[-0.529526,-0.53035,5.92155e-07],"max":[1.96838e-05,-0.000817871,7.80694e-07]},"vertices":0,"skin":0,"indices":[0,1,2,0,2,3,0,3,4,0,4,5,0,5,6,0,6,7,0,7,8,0,8,9],"type":"triangles","base":0,"count":24}],"meshInstances":[{"node":1,"mesh":0}]}}