{"model":{"version":3,"nodes":[{"name":"RootNode","position":[0,0,0],"rotation":[0,0,0],"scale":[0.0254,0.0254,0.0254],"scaleCompensation":false},{"name":"LEVEL83-flechas","position":[0,0,0],"rotation":[-90,-0,0],"scale":[0.3937,0.3937,0.3937],"scaleCompensation":false}],"parents":[-1,0],"skins":[],"morphs":[],"vertices":[{"position":{"type":"float32","components":3,"data":[-2516.43,248.126,-1267.58,-2563.79,290.926,-1274.68,-2563.79,205.175,-1274.68,-2428.23,248.126,-1254.52,-2475.59,290.926,-1261.62,-2475.59,205.175,-1261.62,-2599.61,248.126,-1280.18,-2646.98,290.926,-1287.28,-2646.98,205.175,-1287.28,-2510.65,248.132,-1266.72,-2567.65,299.642,-1275.26,-2563.79,290.926,-1274.68,-2563.79,290.926,-1274.68,-2516.43,248.126,-1267.58,-2510.65,248.132,-1266.72,-2567.65,299.642,-1275.26,-2567.65,196.439,-1275.26,-2563.79,205.175,-1274.68,-2563.79,205.175,-1274.68,-2563.79,290.926,-1274.68,-2567.65,299.642,-1275.26,-2567.65,196.439,-1275.26,-2510.65,248.132,-1266.72,-2516.43,248.126,-1267.58,-2516.43,248.126,-1267.58,-2563.79,205.175,-1274.68,-2567.65,196.439,-1275.26,-2422.44,248.132,-1253.66,-2479.45,299.642,-1262.2,-2475.59,290.926,-1261.62,-2475.59,290.926,-1261.62,-2428.23,248.126,-1254.52,-2422.44,248.132,-1253.66,-2479.45,299.642,-1262.2,-2479.45,196.439,-1262.2,-2475.59,205.175,-1261.62,-2475.59,205.175,-1261.62,-2475.59,290.926,-1261.62,-2479.45,299.642,-1262.2,-2479.45,196.439,-1262.2,-2422.44,248.132,-1253.66,-2428.23,248.126,-1254.52,-2428.23,248.126,-1254.52,-2475.59,205.175,-1261.62,-2479.45,196.439,-1262.2,-2593.83,248.132,-1279.31,-2650.83,299.642,-1287.86,-2646.98,290.926,-1287.28,-2646.98,290.926,-1287.28,-2599.61,248.126,-1280.18,-2593.83,248.132,-1279.31,-2650.83,299.642,-1287.86,-2650.83,196.439,-1287.86,-2646.98,205.175,-1287.28,-2646.98,205.175,-1287.28,-2646.98,290.926,-1287.28,-2650.83,299.642,-1287.86,-2650.83,196.439,-1287.86,-2593.83,248.132,-1279.31,-2599.61,248.126,-1280.18,-2599.61,248.126,-1280.18,-2646.98,205.175,-1287.28,-2650.83,196.439,-1287.86]},"normal":{"type":"float32","components":3,"data":[-0.148223,0,0.988954,-0.148223,0,0.988954,-0.148223,0,0.988954,-0.148215,-4.39943e-08,0.988955,-0.148215,-4.39943e-08,0.988955,-0.148215,-4.39943e-08,0.988955,-0.148223,0,0.988954,-0.148223,0,0.988954,-0.148223,0,0.988954,-0.148223,-1.77149e-07,0.988954,-0.148223,-1.77149e-07,0.988954,-0.148223,-1.77149e-07,0.988954,-0.148223,-7.61427e-08,0.988954,-0.148223,-7.61427e-08,0.988954,-0.148223,-7.61427e-08,0.988954,-0.148223,0,0.988954,-0.148223,0,0.988954,-0.148223,0,0.988954,-0.148223,0,0.988954,-0.148223,0,0.988954,-0.148223,0,0.988954,-0.148223,1.01068e-07,0.988954,-0.148223,1.01068e-07,0.988954,-0.148223,1.01068e-07,0.988954,-0.148223,1.90058e-07,0.988954,-0.148223,1.90058e-07,0.988954,-0.148223,1.90058e-07,0.988954,-0.148215,3.03684e-07,0.988955,-0.148215,3.03684e-07,0.988955,-0.148215,3.03685e-07,0.988955,-0.148215,-1.37057e-07,0.988955,-0.148215,-1.37057e-07,0.988955,-0.148215,-1.37057e-07,0.988955,-0.148214,0,0.988955,-0.148214,0,0.988955,-0.148214,0,0.988955,-0.148215,-4.39943e-08,0.988955,-0.148215,-4.39943e-08,0.988955,-0.148215,-4.39943e-08,0.988955,-0.148215,8.84344e-08,0.988955,-0.148215,8.84344e-08,0.988955,-0.148215,8.84344e-08,0.988955,-0.148215,4.48537e-07,0.988955,-0.148215,4.48537e-07,0.988955,-0.148215,4.48537e-07,0.988955,-0.148223,-1.77149e-07,0.988954,-0.148223,-1.77149e-07,0.988954,-0.148223,-1.77149e-07,0.988954,-0.148223,-7.61427e-08,0.988954,-0.148223,-7.61427e-08,0.988954,-0.148223,-7.61427e-08,0.988954,-0.148223,0,0.988954,-0.148223,0,0.988954,-0.148223,0,0.988954,-0.148223,0,0.988954,-0.148223,0,0.988954,-0.148223,0,0.988954,-0.148223,1.01068e-07,0.988954,-0.148223,1.01068e-07,0.988954,-0.148223,1.01068e-07,0.988954,-0.148223,1.90058e-07,0.988954,-0.148223,1.90058e-07,0.988954,-0.148223,1.90058e-07,0.988954]},"texCoord0":{"type":"float32","components":2,"data":[0.859017,0.880883,0.859017,0.880883,0.859017,0.880883,0.859017,0.880883,0.859017,0.880883,0.859017,0.880883,0.859017,0.880883,0.859017,0.880883,0.859017,0.880883,0.959941,0.876998,0.959866,0.876998,0.959866,0.876998,0.959866,0.876998,0.959941,0.876998,0.959941,0.876998,0.959866,0.876998,0.959866,0.876924,0.959866,0.876924,0.959866,0.876924,0.959866,0.876998,0.959866,0.876998,0.959866,0.876924,0.959941,0.876998,0.959941,0.876998,0.959941,0.876998,0.959866,0.876924,0.959866,0.876924,0.959941,0.876998,0.959866,0.876998,0.959866,0.876998,0.959866,0.876998,0.959941,0.876998,0.959941,0.876998,0.959866,0.876998,0.959866,0.876924,0.959866,0.876924,0.959866,0.876924,0.959866,0.876998,0.959866,0.876998,0.959866,0.876924,0.959941,0.876998,0.959941,0.876998,0.959941,0.876998,0.959866,0.876924,0.959866,0.876924,0.959941,0.876998,0.959866,0.876998,0.959866,0.876998,0.959866,0.876998,0.959941,0.876998,0.959941,0.876998,0.959866,0.876998,0.959866,0.876924,0.959866,0.876924,0.959866,0.876924,0.959866,0.876998,0.959866,0.876998,0.959866,0.876924,0.959941,0.876998,0.959941,0.876998,0.959941,0.876998,0.959866,0.876924,0.959866,0.876924]}}],"meshes":[{"aabb":{"min":[-2650.83,196.439,-1287.86],"max":[-2422.44,299.642,-1253.66]},"vertices":0,"indices":[0,1,2,3,4,5,6,7,8,9,10,11,12,13,14,15,16,17,18,19,20,21,22,23,24,25,26,27,28,29,30,31,32,33,34,35,36,37,38,39,40,41,42,43,44,45,46,47,48,49,50,51,52,53,54,55,56,57,58,59,60,61,62],"type":"triangles","base":0,"count":63}],"meshInstances":[{"node":1,"mesh":0}]}}