{"model":{"version":3,"nodes":[{"name":"RootNode","position":[0,0,0],"rotation":[0,0,0],"scale":[0.0254,0.0254,0.0254],"scaleCompensation":false},{"name":"Mesh1 cachito 90","position":[0,0,0],"rotation":[-90,0,0],"scale":[1,1,1],"scaleCompensation":false}],"parents":[-1,0],"skins":[],"morphs":[],"vertices":[{"position":{"type":"float32","components":3,"data":[59.055,59.0549,6.92151,47.2438,59.0549,6.9215,47.2438,59.0549,17.3228,59.055,59.0549,17.3228,59.055,59.0549,6.92151,59.055,59.0549,17.3228,59.055,47.2441,17.3228,59.055,47.2441,6.92151,59.055,59.0549,17.3228,47.2438,59.0549,17.3228,59.055,47.2441,17.3228,59.055,47.2441,17.3228,47.2438,59.0549,17.3228,47.2438,59.0549,6.9215,59.055,47.2441,6.92151]},"normal":{"type":"float32","components":3,"data":[-2.72229e-14,1,3.66751e-07,-5.92255e-14,1,3.66751e-07,-3.20027e-14,1,3.66751e-07,0,1,3.66751e-07,1,0,0,1,0,0,1,0,0,1,0,0,0,1.61492e-07,1,0,1.61492e-07,1,0,1.61492e-07,1,-0.707096,-0.707117,-2.42822e-07,-0.707096,-0.707117,2.59321e-07,-0.707096,-0.707117,-1.65301e-08,-0.707096,-0.707117,-5.18672e-07]},"texCoord0":{"type":"float32","components":2,"data":[0.313776,0.11132,0.313778,0.111321,0.313778,0.111322,0.313776,0.111322,0.313773,0.111304,0.313778,0.111304,0.313778,0.111298,0.313773,0.111298,0.113765,0.501613,0.113776,0.501613,0.113776,0.501625,0.313778,0.111298,0.313778,0.111304,0.313773,0.111304,0.313773,0.111298]}}],"meshes":[{"aabb":{"min":[47.2438,47.2441,6.9215],"max":[59.055,59.0549,17.3228]},"vertices":0,"indices":[0,1,2,0,2,3,4,5,6,6,7,4,8,9,10,11,12,13,13,14,11],"type":"triangles","base":0,"count":21}],"meshInstances":[{"node":1,"mesh":0}]}}