{"model":{"version":3,"nodes":[{"name":"RootNode","position":[0,0,0],"rotation":[0,0,0],"scale":[0.01,0.01,0.01],"scaleCompensation":false},{"name":"Object024","position":[0,0,0],"rotation":[-90,0,0],"scale":[1,1,1],"scaleCompensation":false},{"name":"Dummy036","position":[0,0,5.70911e-06],"rotation":[7.62939e-06,0,0],"scale":[1,1,1],"scaleCompensation":false},{"name":"Dummy041","position":[0,-26.7732,3.19161e-06],"rotation":[0,0,0],"scale":[0.233127,0.233127,0.233127],"scaleCompensation":false}],"parents":[-1,0,0,2],"skins":[{"inverseBindMatrices":[[1,-0,0,0,0,1,-1.62921e-07,0,0,1.62921e-07,1,0,-0,-9.30132e-13,-5.70911e-06,1]],"boneNames":["Dummy036"]}],"morphs":[],"vertices":[{"position":{"type":"float32","components":3,"data":[102.218,-32.9952,1.29943e-05,102.219,-0.120956,1.26763e-05,37.2538,-0.120911,9.70769e-06,37.2538,-0.120911,9.70769e-06,37.2535,-32.9952,1.00257e-05,102.218,-32.9952,1.29943e-05,-105.069,-0.120956,1.23896e-05,-105.068,-32.9952,1.27076e-05,-37.2959,-32.9952,9.87962e-06,-37.2959,-32.9952,9.87962e-06,-37.2962,-0.120941,9.56162e-06,-105.069,-0.120956,1.23896e-05,102.219,-0.120956,1.26763e-05,102.218,-32.9952,1.29943e-05,109.073,-32.3636,1.33014e-05,115.664,-30.4928,1.35845e-05,121.739,-27.4549,1.38327e-05,127.063,-23.3666,1.40365e-05,131.433,-18.3849,1.4188e-05,134.682,-12.7014,1.42814e-05,136.681,-6.53441,1.43131e-05,137.356,-0.120956,1.42819e-05,-37.2962,-0.120941,9.56162e-06,-37.2959,-32.9952,9.87962e-06,37.2535,-32.9952,1.00257e-05,37.2535,-32.9952,1.00257e-05,37.2538,-0.120911,9.70769e-06,-37.2962,-0.120941,9.56162e-06,-105.069,-0.120956,1.23896e-05,-111.921,-32.3635,1.29874e-05,-105.068,-32.9952,1.27076e-05,-118.513,-30.4928,1.32444e-05,-124.587,-27.4549,1.34685e-05,-129.912,-23.3666,1.36511e-05,-134.282,-18.3849,1.37852e-05,-137.53,-12.7014,1.38658e-05,-139.53,-6.53438,1.38896e-05,-140.205,-0.120926,1.38557e-05]},"normal":{"type":"float32","components":3,"data":[-4.56956e-08,9.67379e-09,1,-4.56956e-08,9.67379e-09,1,-4.56956e-08,9.67379e-09,1,-4.56956e-08,9.67372e-09,1,-4.56956e-08,9.67372e-09,1,-4.56956e-08,9.67372e-09,1,4.17273e-08,9.67362e-09,1,4.17273e-08,9.67362e-09,1,4.17273e-08,9.67362e-09,1,4.17273e-08,9.67358e-09,1,4.17273e-08,9.67358e-09,1,4.17273e-08,9.67358e-09,1,-4.56955e-08,9.67374e-09,1,-4.56953e-08,9.67379e-09,1,-4.56954e-08,9.67377e-09,1,-4.56956e-08,9.67371e-09,1,-4.56956e-08,9.67371e-09,1,-4.56956e-08,9.67373e-09,1,-4.56956e-08,9.6737e-09,1,-4.56957e-08,9.6735e-09,1,-4.56956e-08,9.6738e-09,1,-4.56955e-08,9.67427e-09,1,-1.95932e-09,9.67317e-09,1,-1.95932e-09,9.67317e-09,1,-1.95932e-09,9.67317e-09,1,-1.95926e-09,9.67332e-09,1,-1.95926e-09,9.67332e-09,1,-1.95926e-09,9.67332e-09,1,4.17269e-08,9.67355e-09,1,4.17262e-08,9.6736e-09,1,4.17261e-08,9.67362e-09,1,4.17273e-08,9.67315e-09,1,4.17272e-08,9.67347e-09,1,4.17264e-08,9.67402e-09,1,4.17273e-08,9.67268e-09,1,4.17277e-08,9.67236e-09,1,4.17271e-08,9.67448e-09,1,4.17269e-08,9.67578e-09,1]},"blendIndices":{"type":"uint8","components":4,"data":[0,0,0,0,0,0,0,0,0,0,0,0,0,0,0,0,0,0,0,0,0,0,0,0,0,0,0,0,0,0,0,0,0,0,0,0,0,0,0,0,0,0,0,0,0,0,0,0,0,0,0,0,0,0,0,0,0,0,0,0,0,0,0,0,0,0,0,0,0,0,0,0,0,0,0,0,0,0,0,0,0,0,0,0,0,0,0,0,0,0,0,0,0,0,0,0,0,0,0,0,0,0,0,0,0,0,0,0,0,0,0,0,0,0,0,0,0,0,0,0,0,0,0,0,0,0,0,0,0,0,0,0,0,0,0,0,0,0,0,0,0,0,0,0,0,0,0,0,0,0,0,0]},"blendWeight":{"type":"float32","components":4,"data":[1,0,0,0,1,0,0,0,1,0,0,0,1,0,0,0,1,0,0,0,1,0,0,0,1,0,0,0,1,0,0,0,1,0,0,0,1,0,0,0,1,0,0,0,1,0,0,0,1,0,0,0,1,0,0,0,1,0,0,0,1,0,0,0,1,0,0,0,1,0,0,0,1,0,0,0,1,0,0,0,1,0,0,0,1,0,0,0,1,0,0,0,1,0,0,0,1,0,0,0,1,0,0,0,1,0,0,0,1,0,0,0,1,0,0,0,1,0,0,0,1,0,0,0,1,0,0,0,1,0,0,0,1,0,0,0,1,0,0,0,1,0,0,0,1,0,0,0,1,0,0,0]},"texCoord0":{"type":"float32","components":2,"data":[0.330822,0.771884,0.330822,0.997262,0.237292,0.997262,0.237292,0.997262,0.237292,0.771884,0.330822,0.771884,0.237292,0.997262,0.237292,0.771884,0.330822,0.771884,0.330822,0.771884,0.330822,0.997262,0.237292,0.997262,0.227983,0.997262,0.227983,0.771884,0.184014,0.776215,0.141735,0.78904,0.10277,0.809867,0.0686171,0.837896,0.0405886,0.872049,0.0197614,0.911013,0.00693614,0.953293,0.00260551,0.997262,0.34075,0.997262,0.34075,0.771884,0.818919,0.771884,0.818919,0.771884,0.818919,0.997262,0.34075,0.997262,0.227985,0.997262,0.184016,0.776215,0.227985,0.771884,0.141736,0.78904,0.102772,0.809867,0.0686188,0.837896,0.0405901,0.872049,0.019763,0.911014,0.00693779,0.953293,0.00260705,0.997262]}}],"meshes":[{"aabb":{"min":[-140.205,-32.9952,9.56162e-06],"max":[137.356,-0.120911,1.43131e-05]},"vertices":0,"skin":0,"indices":[0,1,2,3,4,5,6,7,8,9,10,11,12,13,14,12,14,15,12,15,16,12,16,17,12,17,18,12,18,19,12,19,20,12,20,21,22,23,24,25,26,27,28,29,30,28,31,29,28,32,31,28,33,32,28,34,33,28,35,34,28,36,35,28,37,36],"type":"triangles","base":0,"count":66}],"meshInstances":[{"node":1,"mesh":0}]}}