{"model":{"version":3,"nodes":[{"name":"RootNode","position":[0,0,0],"rotation":[0,0,0],"scale":[0.0254,0.0254,0.0254],"scaleCompensation":false},{"name":"LEVEL8-flechas","position":[0,0,0],"rotation":[-90,-0,0],"scale":[0.3937,0.3937,0.3937],"scaleCompensation":false}],"parents":[-1,0],"skins":[],"morphs":[],"vertices":[{"position":{"type":"float32","components":3,"data":[-4367,2106.05,-1232.89,-4367,1990.77,-1232.89,-4312.74,2048.6,-1224.52,-4273.46,2106.05,-1217.7,-4273.46,1990.77,-1217.7,-4219.2,2048.6,-1209.33,-4458.09,2106.05,-1246.56,-4458.09,1990.77,-1246.56,-4403.83,2048.6,-1238.19,-4370.86,2115.77,-1233.48,-4370.86,1980.99,-1233.48,-4367,1990.77,-1232.89,-4367,1990.77,-1232.89,-4367,2106.05,-1232.89,-4370.86,2115.77,-1233.48,-4370.86,1980.99,-1233.48,-4307.42,2048.61,-1223.7,-4312.74,2048.6,-1224.52,-4312.74,2048.6,-1224.52,-4367,1990.77,-1232.89,-4370.86,1980.99,-1233.48,-4307.42,2048.61,-1223.7,-4370.86,2115.77,-1233.48,-4367,2106.05,-1232.89,-4367,2106.05,-1232.89,-4312.74,2048.6,-1224.52,-4307.42,2048.61,-1223.7,-4277.32,2115.77,-1218.3,-4277.32,1980.99,-1218.3,-4273.46,1990.77,-1217.7,-4273.46,1990.77,-1217.7,-4273.46,2106.05,-1217.7,-4277.32,2115.77,-1218.3,-4277.32,1980.99,-1218.3,-4213.88,2048.61,-1208.51,-4219.2,2048.6,-1209.33,-4219.2,2048.6,-1209.33,-4273.46,1990.77,-1217.7,-4277.32,1980.99,-1218.3,-4213.88,2048.61,-1208.51,-4277.32,2115.77,-1218.3,-4273.46,2106.05,-1217.7,-4273.46,2106.05,-1217.7,-4219.2,2048.6,-1209.33,-4213.88,2048.61,-1208.51,-4461.95,2115.77,-1247.15,-4461.95,1980.99,-1247.15,-4458.09,1990.77,-1246.56,-4458.09,1990.77,-1246.56,-4458.09,2106.05,-1246.56,-4461.95,2115.77,-1247.15,-4461.95,1980.99,-1247.15,-4398.51,2048.61,-1237.37,-4403.83,2048.6,-1238.19,-4403.83,2048.6,-1238.19,-4458.09,1990.77,-1246.56,-4461.95,1980.99,-1247.15,-4398.51,2048.61,-1237.37,-4461.95,2115.77,-1247.15,-4458.09,2106.05,-1246.56,-4458.09,2106.05,-1246.56,-4403.83,2048.6,-1238.19,-4398.51,2048.61,-1237.37]},"normal":{"type":"float32","components":3,"data":[-0.152415,0,0.988317,-0.152415,0,0.988317,-0.152415,0,0.988317,-0.152415,3.27031e-08,0.988317,-0.152415,3.27031e-08,0.988317,-0.152415,3.27031e-08,0.988317,-0.152407,0,0.988318,-0.152407,0,0.988318,-0.152407,0,0.988318,-0.152413,0,0.988317,-0.152413,0,0.988317,-0.152413,0,0.988317,-0.152413,0,0.988317,-0.152413,0,0.988317,-0.152413,0,0.988317,-0.152413,-1.25887e-06,0.988317,-0.152413,-1.25887e-06,0.988317,-0.152413,-1.25887e-06,0.988317,-0.152416,1.49637e-06,0.988316,-0.152416,1.49637e-06,0.988316,-0.152416,1.49637e-06,0.988316,-0.152416,-1.31607e-06,0.988316,-0.152416,-1.31607e-06,0.988316,-0.152416,-1.31607e-06,0.988316,-0.152413,1.52634e-06,0.988317,-0.152413,1.52634e-06,0.988317,-0.152413,1.52634e-06,0.988317,-0.152413,0,0.988317,-0.152413,0,0.988317,-0.152413,0,0.988317,-0.152412,3.27031e-08,0.988317,-0.152411,3.27031e-08,0.988317,-0.152411,3.27031e-08,0.988317,-0.152413,-1.25887e-06,0.988317,-0.152413,-1.25887e-06,0.988317,-0.152413,-1.25887e-06,0.988317,-0.152416,1.49636e-06,0.988316,-0.152416,1.49636e-06,0.988316,-0.152416,1.49636e-06,0.988316,-0.152416,-1.97938e-06,0.988316,-0.152416,-1.97938e-06,0.988316,-0.152416,-1.97938e-06,0.988316,-0.152413,1.58787e-06,0.988317,-0.152413,1.58787e-06,0.988317,-0.152413,1.58787e-06,0.988317,-0.152405,0,0.988318,-0.152405,0,0.988318,-0.152405,0,0.988318,-0.152405,0,0.988318,-0.152405,0,0.988318,-0.152405,0,0.988318,-0.152406,-7.76303e-07,0.988318,-0.152406,-7.76303e-07,0.988318,-0.152406,-7.76303e-07,0.988318,-0.152409,1.61902e-06,0.988317,-0.152409,1.61902e-06,0.988318,-0.152409,1.61902e-06,0.988318,-0.152409,-1.46347e-06,0.988318,-0.152409,-1.46347e-06,0.988318,-0.152409,-1.46347e-06,0.988318,-0.152406,9.84737e-07,0.988318,-0.152406,9.84737e-07,0.988318,-0.152406,9.84737e-07,0.988318]},"texCoord0":{"type":"float32","components":2,"data":[0.859017,0.880883,0.859017,0.880883,0.859017,0.880883,0.859017,0.880883,0.859017,0.880883,0.859017,0.880883,0.859017,0.880883,0.859017,0.880883,0.859017,0.880883,0.948801,0.882243,0.948801,0.882017,0.948801,0.882017,0.948801,0.882017,0.948801,0.882243,0.948801,0.882243,0.948801,0.882017,0.948876,0.882243,0.948876,0.882243,0.948876,0.882243,0.948801,0.882017,0.948801,0.882017,0.948876,0.882243,0.948801,0.882243,0.948801,0.882243,0.948801,0.882243,0.948876,0.882243,0.948876,0.882243,0.948801,0.882243,0.948801,0.882017,0.948801,0.882017,0.948801,0.882017,0.948801,0.882243,0.948801,0.882243,0.948801,0.882017,0.948876,0.882243,0.948876,0.882243,0.948876,0.882243,0.948801,0.882017,0.948801,0.882017,0.948876,0.882243,0.948801,0.882243,0.948801,0.882243,0.948801,0.882243,0.948876,0.882243,0.948876,0.882243,0.948801,0.882243,0.948801,0.882017,0.948801,0.882017,0.948801,0.882017,0.948801,0.882243,0.948801,0.882243,0.948801,0.882017,0.948876,0.882243,0.948876,0.882243,0.948876,0.882243,0.948801,0.882017,0.948801,0.882017,0.948876,0.882243,0.948801,0.882243,0.948801,0.882243,0.948801,0.882243,0.948876,0.882243,0.948876,0.882243]}}],"meshes":[{"aabb":{"min":[-4461.95,1980.99,-1247.15],"max":[-4213.88,2115.77,-1208.51]},"vertices":0,"indices":[0,1,2,3,4,5,6,7,8,9,10,11,12,13,14,15,16,17,18,19,20,21,22,23,24,25,26,27,28,29,30,31,32,33,34,35,36,37,38,39,40,41,42,43,44,45,46,47,48,49,50,51,52,53,54,55,56,57,58,59,60,61,62],"type":"triangles","base":0,"count":63}],"meshInstances":[{"node":1,"mesh":0}]}}