{"model":{"version":3,"nodes":[{"name":"RootNode","position":[0,0,0],"rotation":[0,0,0],"scale":[0.0254,0.0254,0.0254],"scaleCompensation":false},{"name":"golf_bosque_helechoB","position":[0,0,0],"rotation":[-90,-0,0],"scale":[1,1,1],"scaleCompensation":false}],"parents":[-1,0],"skins":[],"morphs":[],"vertices":[{"position":{"type":"float32","components":3,"data":[36.7961,-29.0742,-0.295231,-36.2714,29.5945,-0.288177,-36.2766,28.9552,66.9162,36.7891,-28.8608,66.9272,36.7667,32.5532,-0.295231,-36.2614,-32.4254,-0.288181,-36.2609,-31.9543,66.9162,36.7545,32.436,66.9272,-36.2788,28.3663,-0.295231,36.7777,-30.3026,-0.288177,36.7907,-29.6632,66.9162,-36.2759,28.1529,66.9272,-36.2622,-32.5532,-0.295235,36.7649,32.4255,-0.288177,36.7635,31.9543,66.9162,-36.2573,-32.4359,66.9272]},"normal":{"type":"float32","components":3,"data":[0.609511,0.792712,0.0101991,0.609511,0.792712,0.0101991,0.609511,0.792712,0.0101991,0.609511,0.792712,0.0101991,-0.676942,0.736006,-0.00660072,-0.676942,0.736006,-0.00660072,-0.676942,0.736006,-0.00660072,-0.676942,0.736006,-0.00660072,-0.609502,-0.792719,0.0101992,-0.609502,-0.792719,0.0101992,-0.609502,-0.792719,0.0101992,-0.609502,-0.792719,0.0101992,0.676939,-0.73601,-0.00660069,0.676939,-0.73601,-0.00660069,0.676939,-0.73601,-0.00660069,0.676939,-0.73601,-0.00660069]},"texCoord0":{"type":"float32","components":2,"data":[0.012031,0.244363,0.338061,0.244365,0.338061,0.459976,0.012052,0.459976,0.012031,0.244363,0.338061,0.244365,0.338061,0.459976,0.012052,0.459976,0.012031,0.244363,0.338061,0.244365,0.338061,0.459976,0.012052,0.459976,0.012031,0.244363,0.338061,0.244365,0.338061,0.459976,0.012052,0.459976]}}],"meshes":[{"aabb":{"min":[-36.2788,-32.5532,-0.295235],"max":[36.7961,32.5532,66.9272]},"vertices":0,"indices":[0,1,2,2,3,0,4,5,6,6,7,4,8,9,10,10,11,8,12,13,14,14,15,12],"type":"triangles","base":0,"count":24}],"meshInstances":[{"node":1,"mesh":0}]}}