{"model":{"version":3,"nodes":[{"name":"RootNode","position":[0,0,0],"rotation":[0,0,0],"scale":[0.0254,0.0254,0.0254],"scaleCompensation":false},{"name":"LEVEL65-rampaborde","position":[0,0,0],"rotation":[-90,-0,0],"scale":[0.3937,0.3937,0.3937],"scaleCompensation":false}],"parents":[-1,0],"skins":[],"morphs":[],"vertices":[{"position":{"type":"float32","components":3,"data":[-1489.14,-773.906,-991.867,-1789.15,-773.906,-1079.87,-1489.14,-803.905,-991.867,-1789.14,-803.905,-1079.87,-1489.14,-803.905,-991.867,-1789.15,-773.906,-1079.87,-1489.14,-773.906,-991.867,-1489.14,-803.905,-991.867,-889.144,-773.906,-1167.97,-889.144,-803.905,-1167.97,-889.144,-773.906,-1167.97,-1489.14,-803.905,-991.867,-1489.14,1866.09,-991.866,-889.143,1866.09,-1167.97,-1489.14,1896.09,-991.866,-889.143,1896.09,-1167.97,-1489.14,1896.09,-991.866,-889.143,1866.09,-1167.97,-1489.14,1866.09,-991.866,-1489.14,1896.09,-991.866,-1789.15,1866.09,-1079.87,-1789.14,1896.09,-1079.87,-1789.15,1866.09,-1079.87,-1489.14,1896.09,-991.866,-1789.15,-773.906,-1079.87,-1489.14,-773.906,-991.867,-1489.14,-773.906,-1051.17,-1489.14,-773.906,-1051.17,-1789.15,-773.906,-1139.17,-1489.14,-803.905,-991.867,-1789.14,-803.905,-1079.87,-1789.14,-803.905,-1139.17,-1489.14,-803.905,-1051.17,-1489.14,-803.905,-991.867,-1489.14,-773.906,-991.867,-889.144,-773.906,-1167.97,-889.144,-773.906,-1227.27,-1489.14,-773.906,-1051.17,-889.144,-803.905,-1167.97,-1489.14,-803.905,-991.867,-1489.14,-803.905,-1051.17,-1489.14,-803.905,-1051.17,-889.144,-803.905,-1227.27,-889.144,-803.905,-1167.97,-889.143,1866.09,-1167.97,-1489.14,1866.09,-991.866,-1489.14,1866.09,-1051.17,-1489.14,1866.09,-1051.17,-889.143,1866.09,-1227.27,-889.143,1866.09,-1167.97,-1489.14,1896.09,-991.866,-889.143,1896.09,-1167.97,-889.143,1896.09,-1227.27,-1489.14,1896.09,-1051.17,-1489.14,1866.09,-991.866,-1789.15,1866.09,-1079.87,-1789.15,1866.09,-1139.17,-1489.14,1866.09,-1051.17,-1789.14,1896.09,-1079.87,-1489.14,1896.09,-991.866,-1489.14,1896.09,-1051.17,-1789.14,1896.09,-1139.17,-1789.14,1896.09,-1079.87,-1789.14,-803.905,-1139.17,-1789.14,-803.905,-1079.87,-1789.15,-773.906,-1079.87,-1789.15,-773.906,-1139.17,-1789.15,1866.09,-1139.17,-1789.15,1866.09,-1079.87,-1789.14,1896.09,-1079.87,-1789.14,1896.09,-1079.87,-1789.14,1896.09,-1139.17,-1789.15,1866.09,-1139.17]},"normal":{"type":"float32","components":3,"data":[-0.281471,0,0.95957,-0.281471,0,0.95957,-0.281471,0,0.95957,-0.281474,-3.08205e-05,0.959569,-0.281474,-3.08205e-05,0.959569,-0.281474,-3.08205e-05,0.959569,0.281621,0,0.959526,0.281621,0,0.959526,0.281621,0,0.959526,0.28162,0,0.959526,0.28162,0,0.959526,0.281621,0,0.959526,0.281622,0,0.959525,0.281622,0,0.959525,0.281622,0,0.959526,0.281622,0,0.959525,0.281622,0,0.959525,0.281622,0,0.959526,-0.281468,0,0.959571,-0.281468,0,0.959571,-0.281468,0,0.959571,-0.281473,6.07019e-05,0.959569,-0.281473,6.07019e-05,0.959569,-0.281473,6.07019e-05,0.959569,0,1,0,0,1,0,0,1,0,0,1,0,0,1,0,0,-1,0,0,-1,0,0,-1,0,0,-1,0,0,-1,0,0,1,0,0,1,0,0,1,0,0,1,0,2.0345e-07,-1,0,2.0345e-07,-1,0,2.0345e-07,-1,0,2.0345e-07,-1,0,2.0345e-07,-1,0,2.0345e-07,-1,0,0,-1,0,0,-1,0,0,-1,0,0,-1,0,0,-1,0,0,-1,0,0,1,0,0,1,0,0,1,0,0,1,0,0,-1,0,0,-1,0,0,-1,0,0,-1,0,0,1,0,0,1,0,0,1,0,0,1,0,0,1,0,-1,-0.000109867,0,-1,-0.000109867,0,-1,-0.000109867,0,-1,-0.000109867,0,-1,0.000215658,0,-1,0.000215658,0,-1,0.000215658,0,-1,0.000215658,0,-1,0.000215658,0,-1,0.000215658,0]},"texCoord0":{"type":"float32","components":2,"data":[0.0637673,0.501401,0.0637673,0.501302,0.0637767,0.501401,0.0637767,0.501302,0.0637767,0.501401,0.0637673,0.501302,0.0637767,0.501401,0.0637673,0.501401,0.0637767,0.501302,0.0637673,0.501302,0.0637767,0.501302,0.0637673,0.501401,0.0637673,0.501401,0.0637673,0.501302,0.0637767,0.501401,0.0637767,0.501302,0.0637767,0.501401,0.0637673,0.501302,0.0637767,0.501401,0.0637673,0.501401,0.0637767,0.501302,0.0637673,0.501302,0.0637767,0.501302,0.0637673,0.501401,0.287429,0.124609,0.287429,0.124708,0.287429,0.124708,0.287429,0.124708,0.287429,0.124609,0.287438,0.124708,0.287438,0.124609,0.287438,0.124609,0.287438,0.124708,0.287438,0.124708,0.287438,0.124708,0.287438,0.124609,0.287438,0.124609,0.287438,0.124708,0.287429,0.124609,0.287429,0.124708,0.287429,0.124708,0.287429,0.124708,0.287429,0.124609,0.287429,0.124609,0.287429,0.124609,0.287429,0.124708,0.287429,0.124708,0.287429,0.124708,0.287429,0.124609,0.287429,0.124609,0.287438,0.124708,0.287438,0.124609,0.287438,0.124609,0.287438,0.124708,0.287438,0.124708,0.287438,0.124609,0.287438,0.124609,0.287438,0.124708,0.287429,0.124609,0.287429,0.124708,0.287429,0.124708,0.287429,0.124609,0.287429,0.124609,0.287429,0.124609,0.287429,0.124609,0.287429,0.124609,0.287429,0.124609,0.287429,0.124609,0.287429,0.124609,0.287429,0.124609,0.287429,0.124609,0.287429,0.124609,0.287429,0.124609]}}],"meshes":[{"aabb":{"min":[-1789.15,-803.905,-1227.27],"max":[-889.143,1896.09,-991.866]},"vertices":0,"indices":[0,1,2,3,4,5,6,7,8,9,10,11,12,13,14,15,16,17,18,19,20,21,22,23,24,25,26,27,28,24,29,30,31,31,32,33,34,35,36,36,37,34,38,39,40,41,42,43,44,45,46,47,48,49,50,51,52,52,53,50,54,55,56,56,57,54,58,59,60,60,61,62,63,64,65,65,66,63,67,68,69,70,71,72],"type":"triangles","base":0,"count":84}],"meshInstances":[{"node":1,"mesh":0}]}}