{"model":{"version":3,"nodes":[{"name":"RootNode","position":[0,0,0],"rotation":[0,0,0],"scale":[0.0254,0.0254,0.0254],"scaleCompensation":false},{"name":"Sphere.387","position":[0,0,0],"rotation":[-90,-12.7051,1.48232e-15],"scale":[77.5295,77.5295,77.5295],"scaleCompensation":false}],"parents":[-1,0],"skins":[],"morphs":[],"vertices":[{"position":{"type":"float32","components":3,"data":[-0.12866,0.0992448,-0.00145316,-0.050895,0.0484588,0.950627,0.0391904,0.0689711,0.949253,0.0391904,0.0689711,0.949253,0.0952621,0.149772,-0.00171924,-0.12866,0.0992448,-0.00145316,-0.139984,-0.0346928,-0.00411224,-0.0566244,-0.0158006,0.949446,-0.050895,0.0484588,0.950627,-0.050895,0.0484588,0.950627,-0.12866,0.0992448,-0.00145316,-0.139984,-0.0346928,-0.00411224,0.139382,-0.103096,-0.0098958,0.0653497,-0.0525513,0.94894,-0.0217341,-0.0715207,0.950578,-0.0217341,-0.0715207,0.950578,-0.0708597,-0.150408,-0.00259256,0.139382,-0.103096,-0.0098958,0.152248,0.0316963,-0.00434947,0.0712982,0.0133013,0.950144,0.0653497,-0.0525513,0.94894,0.0653497,-0.0525513,0.94894,0.139382,-0.103096,-0.0098958,0.152248,0.0316963,-0.00434947,-0.0708597,-0.150408,-0.00259256,-0.0217341,-0.0715207,0.950578,-0.0566244,-0.0158006,0.949446,-0.0566244,-0.0158006,0.949446,-0.139984,-0.0346928,-0.00411224,-0.0708597,-0.150408,-0.00259256,0.0952621,0.149772,-0.00171924,0.0391904,0.0689711,0.949253,0.0712982,0.0133013,0.950144,0.0712982,0.0133013,0.950144,0.152248,0.0316963,-0.00434947,0.0952621,0.149772,-0.00171924,-0.273971,1.2318,0.791717,-0.242898,1.35952,3.28395,0.352435,-1.28027,3.27547,0.352435,-1.28027,3.27547,0.208715,-0.9081,0.791007,-0.273971,1.2318,0.791717,-1.27658,-0.288595,0.791717,-1.26143,-0.28548,3.28395,1.26853,0.285061,3.27547,1.26853,0.285061,3.27547,0.932506,0.209673,0.791007,-1.27658,-0.288595,0.791717,0.210062,-0.918691,0.791717,0.354197,-1.28945,3.28395,-0.241136,1.35035,3.27546,-0.241136,1.35035,3.27546,-0.272624,1.22121,0.791006,0.210062,-0.918691,0.791717,0.929354,0.20775,0.791717,1.26641,0.284049,3.28395,-1.26355,-0.286492,3.27547,-1.26355,-0.286492,3.27547,-1.27973,-0.290517,0.791007,0.929354,0.20775,0.791717]},"normal":{"type":"float32","components":3,"data":[-0.220459,0.972888,0.0699028,-0.220459,0.972888,0.0699028,-0.220459,0.972888,0.0699028,-0.219498,0.973117,0.0697406,-0.219498,0.973117,0.0697406,-0.219498,0.973117,0.0697406,-0.992577,0.086937,0.0850482,-0.992577,0.086937,0.0850482,-0.992577,0.086937,0.0850482,-0.992938,0.082252,0.0854899,-0.992938,0.0822519,0.0854899,-0.992938,0.082252,0.0854899,0.213567,-0.974568,0.0678636,0.213567,-0.974568,0.0678636,0.213567,-0.974568,0.0678636,0.221304,-0.972753,0.0691019,0.221304,-0.972753,0.0691019,0.221304,-0.972753,0.0691019,0.992421,-0.0911529,0.0824098,0.992421,-0.0911529,0.0824098,0.992421,-0.0911529,0.0824098,0.99182,-0.0980353,0.0817467,0.99182,-0.0980353,0.0817467,0.99182,-0.0980353,0.0817467,-0.845119,-0.527418,0.0872073,-0.845119,-0.527418,0.0872073,-0.845119,-0.527418,0.0872073,-0.855877,-0.510158,0.0849278,-0.855877,-0.510158,0.0849278,-0.855877,-0.510158,0.0849278,0.861834,0.498558,0.0931767,0.861834,0.498558,0.0931767,0.861834,0.498558,0.0931767,0.898115,0.431568,0.0844856,0.898115,0.431568,0.0844857,0.898115,0.431568,0.0844856,0.975216,0.220008,-0.0234343,0.975217,0.220008,-0.0234343,0.975217,0.220008,-0.0234343,0.975222,0.219983,-0.0234607,0.975222,0.219983,-0.0234607,0.975221,0.219983,-0.0234607,-0.219989,0.975502,0.000118051,-0.219989,0.975502,0.000118051,-0.219989,0.975502,0.000118051,-0.220026,0.975494,0.000158117,-0.220026,0.975494,0.000158117,-0.220026,0.975494,0.000158117,-0.975243,-0.219863,0.023694,-0.975243,-0.219863,0.023694,-0.975243,-0.219863,0.023694,-0.975217,-0.219967,0.0237937,-0.975217,-0.219967,0.0237937,-0.975217,-0.219967,0.0237937,0.219989,-0.975502,0.000112529,0.219989,-0.975502,0.000112529,0.219989,-0.975502,0.000112529,0.220026,-0.975494,0.000147013,0.220026,-0.975494,0.000147013,0.220026,-0.975494,0.000147013]},"texCoord0":{"type":"float32","components":2,"data":[0.69516,0.0879834,0.69516,0.0877973,0.695173,0.0877647,0.695173,0.0877647,0.695171,0.087933,0.69516,0.0879834,0.695142,0.0879631,0.695175,0.0877694,0.69516,0.0877973,0.69516,0.0877973,0.69516,0.0879834,0.695142,0.0879631,0.695146,0.0878838,0.695168,0.0877537,0.695181,0.0878,0.695181,0.0878,0.69512,0.0879647,0.695146,0.0878838,0.695147,0.0879074,0.69516,0.0877839,0.695168,0.0877537,0.695168,0.0877537,0.695146,0.0878838,0.695147,0.0879074,0.69512,0.0879647,0.695181,0.0878,0.695175,0.0877694,0.695175,0.0877694,0.695142,0.0879631,0.69512,0.0879647,0.695171,0.087933,0.695173,0.0877647,0.69516,0.0877839,0.69516,0.0877839,0.695147,0.0879074,0.695171,0.087933,0.64614,0.548097,0.64614,0.919686,0.991443,0.919718,0.991443,0.919718,0.991457,0.54809,0.64614,0.548097,0.646291,0.54809,0.646291,0.919686,0.991445,0.919717,0.991445,0.919717,0.991483,0.548127,0.646291,0.54809,0.991457,0.548097,0.991457,0.919686,0.646154,0.919718,0.646154,0.919718,0.64614,0.54809,0.991457,0.548097,0.991483,0.54809,0.991483,0.919686,0.646329,0.919717,0.646329,0.919717,0.646291,0.548127,0.991483,0.54809]}}],"meshes":[{"aabb":{"min":[-1.27973,-1.28945,-0.0098958],"max":[1.26853,1.35952,3.28395]},"vertices":0,"indices":[0,1,2,3,4,5,6,7,8,9,10,11,12,13,14,15,16,17,18,19,20,21,22,23,24,25,26,27,28,29,30,31,32,33,34,35,36,37,38,39,40,41,42,43,44,45,46,47,48,49,50,51,52,53,54,55,56,57,58,59],"type":"triangles","base":0,"count":60}],"meshInstances":[{"node":1,"mesh":0}]}}