{"model":{"version":3,"nodes":[{"name":"RootNode","position":[0,0,0],"rotation":[0,0,0],"scale":[0.0254,0.0254,0.0254],"scaleCompensation":false},{"name":"Mesh1 Side Model 90","position":[0,0,0],"rotation":[-90,0,0],"scale":[1,1,1],"scaleCompensation":false}],"parents":[-1,0],"skins":[],"morphs":[],"vertices":[{"position":{"type":"float32","components":3,"data":[59.0549,59.0549,17.3229,59.0549,47.244,17.3229,59.0549,47.244,7.48033,59.0549,47.244,1.73183e-05,59.0549,59.0549,2.04159e-05,-59.0549,59.055,-2.34663e-06,-59.0549,59.055,17.3228,59.0549,59.0549,17.3229,59.0549,59.0549,2.04159e-05,-59.0549,47.2441,17.3228,59.0549,47.244,17.3229,59.0549,59.0549,17.3229,-59.0549,59.055,17.3228,-59.0549,59.055,17.3228,-59.0549,59.055,-2.34663e-06,-59.0549,47.2441,-2.51089e-06,-59.0549,47.2441,7.48031,-59.0549,47.2441,17.3228,-59.0549,47.2441,7.48031,59.0549,47.244,7.48033,59.0549,47.244,17.3229,-59.0549,47.2441,17.3228]},"normal":{"type":"float32","components":3,"data":[1,-3.22981e-07,-8.24608e-14,1,-3.22981e-07,-1.25179e-13,1,-3.22981e-07,-3.49069e-14,1,-3.22981e-07,-4.40287e-14,1,-3.22981e-07,-7.11244e-14,1.93787e-07,1,2.20212e-07,1.93787e-07,1,2.20212e-07,1.93787e-07,1,2.20212e-07,1.93787e-07,1,2.20212e-07,-1.61489e-07,-1.61491e-07,1,-1.61489e-07,-1.61491e-07,1,-1.61489e-07,-1.61491e-07,1,-1.61489e-07,-1.61491e-07,1,-1,2.65894e-07,-2.55311e-07,-1,3.22981e-07,-2.20212e-07,-1,1.99938e-07,-1.3632e-07,-1,9.00654e-08,-1.08077e-07,-1,3.22981e-07,-3.87573e-07,-1.93787e-07,-1,-3.87573e-07,-1.93787e-07,-1,-3.87573e-07,-1.93787e-07,-1,-3.87573e-07,-1.93787e-07,-1,-3.87573e-07]},"texCoord0":{"type":"float32","components":2,"data":[0.313769,0.111279,0.313769,0.111285,0.313774,0.111285,0.313778,0.111285,0.313778,0.111279,0.313769,0.111311,0.313778,0.111311,0.313778,0.111246,0.313769,0.111246,0.113774,0.501538,0.113774,0.501637,0.113765,0.501637,0.113765,0.501538,0.313769,0.111279,0.313778,0.111279,0.313778,0.111285,0.313774,0.111285,0.313769,0.111285,0.313773,0.111311,0.313773,0.111246,0.313778,0.111246,0.313778,0.111311]}}],"meshes":[{"aabb":{"min":[-59.0549,47.244,-2.51089e-06],"max":[59.0549,59.055,17.3229]},"vertices":0,"indices":[0,1,2,0,2,3,0,3,4,5,6,7,7,8,5,9,10,11,11,12,9,13,14,15,13,15,16,13,16,17,18,19,20,20,21,18],"type":"triangles","base":0,"count":36}],"meshInstances":[{"node":1,"mesh":0}]}}