{"model":{"version":3,"nodes":[{"name":"RootNode","position":[0,0,0],"rotation":[0,0,0],"scale":[0.0254,0.0254,0.0254],"scaleCompensation":false},{"name":"Mesh1 Bump_walls Model 90","position":[0,0,0],"rotation":[-90,0,0],"scale":[1,1,1],"scaleCompensation":false}],"parents":[-1,0],"skins":[],"morphs":[],"vertices":[{"position":{"type":"float32","components":3,"data":[-59.055,-59.0549,17.3228,-59.055,-47.2441,17.3228,-59.055,-47.2441,7.48033,-59.055,-47.2441,1.51827e-05,-59.055,-59.0549,1.46665e-05,-59.055,-59.0549,1.46665e-05,59.055,-59.0549,-1.98292e-05,59.055,-59.0549,17.3228,-59.055,-59.0549,17.3228,59.055,-47.2441,17.3228,-59.055,-47.2441,17.3228,-59.055,-59.0549,17.3228,59.055,-59.0549,17.3228,59.055,-59.0549,17.3228,59.055,-59.0549,-1.98292e-05,59.055,-47.2441,-1.87263e-05,59.055,-47.2441,7.4803,59.055,-47.2441,17.3228,59.055,47.2441,17.3228,59.055,47.2441,-1.45961e-05,59.055,59.0549,-1.52531e-05,59.055,59.0549,17.3228,-59.055,59.0549,17.3229,59.055,59.0549,17.3228,59.055,59.0549,-1.52531e-05,-59.0549,59.0549,1.98292e-05,59.055,59.0549,17.3228,-59.055,59.0549,17.3229,-59.055,47.2441,17.3229,59.055,47.2441,17.3228,-59.055,47.2441,7.48033,59.055,47.2441,7.4803,59.055,47.2441,17.3228,-59.055,47.2441,17.3229,-59.055,59.0549,17.3229,-59.0549,59.0549,1.98292e-05,-59.055,47.2441,1.93129e-05,-59.055,47.2441,7.48033,-59.055,47.2441,17.3229,59.055,-47.2441,17.3228,59.055,-47.2441,7.4803,-59.055,-47.2441,7.48033,-59.055,-47.2441,17.3228]},"normal":{"type":"float32","components":3,"data":[-1,-1.42852e-07,-1.7142e-07,-1,-3.22983e-07,-3.87573e-07,-1,-9.00656e-08,-1.08077e-07,-1,0,0,-1,0,0,0,-1,0,0,-1,0,0,-1,0,0,-1,0,3.0683e-07,-1.79338e-13,1,3.0683e-07,9.91008e-14,1,3.0683e-07,8.0237e-14,1,3.0683e-07,-1.98202e-13,1,1,-6.45968e-07,0,1,-6.45968e-07,0,1,-6.45968e-07,0,1,-6.45968e-07,0,1,-6.45968e-07,0,0.707107,-0.707107,-5.93208e-08,1,-1.22506e-14,-2.20212e-07,1,1.23044e-07,-1.3632e-07,1,3.22982e-07,0,-3.22979e-08,1,-1.9359e-14,-3.22979e-08,1,0,-3.22979e-08,1,-1.97817e-15,-3.22979e-08,1,-2.13371e-14,3.0683e-07,9.91005e-14,1,3.0683e-07,9.91007e-14,1,3.0683e-07,9.91007e-14,1,3.0683e-07,9.91005e-14,1,-2.26085e-07,-1,-8.29866e-14,-2.26085e-07,-1,0,0.707107,-0.707107,-5.93208e-08,-2.26085e-07,-1,-8.76245e-14,-1,9.80371e-09,-1.52686e-07,-1,1.29193e-06,-6.60636e-07,-1,6.79701e-08,1.7387e-07,-1,-1.47531e-06,9.95198e-07,-1,-3.22983e-07,-3.87573e-07,2.26085e-07,1,4.63789e-15,2.26085e-07,1,0,2.26085e-07,1,8.29866e-14,2.26085e-07,1,8.76245e-14]},"texCoord0":{"type":"float32","components":2,"data":[0.313769,0.111273,0.313769,0.11128,0.313774,0.11128,0.313778,0.11128,0.313778,0.111273,0.313769,0.111244,0.313769,0.111309,0.313778,0.111309,0.313778,0.111244,0.113774,0.501538,0.113774,0.501637,0.113765,0.501637,0.113765,0.501538,0.313769,0.111273,0.313778,0.111273,0.313778,0.11128,0.313774,0.11128,0.313769,0.11128,0.313769,0.111256,0.313778,0.111256,0.313778,0.111262,0.313769,0.111262,0.313778,0.111244,0.313778,0.111309,0.313769,0.111309,0.313769,0.111244,0.113774,0.501538,0.113774,0.501637,0.113765,0.501637,0.113765,0.501538,0.313773,0.111244,0.313773,0.111309,0.313778,0.111309,0.313778,0.111244,0.313769,0.111262,0.313778,0.111262,0.313778,0.111256,0.313774,0.111256,0.313769,0.111256,0.313778,0.111309,0.313773,0.111309,0.313773,0.111244,0.313778,0.111244]}}],"meshes":[{"aabb":{"min":[-59.055,-59.0549,-1.98292e-05],"max":[59.055,59.0549,17.3229]},"vertices":0,"indices":[0,1,2,0,2,3,0,3,4,5,6,7,7,8,5,9,10,11,11,12,9,13,14,15,13,15,16,13,16,17,18,19,20,18,20,21,22,23,24,24,25,22,26,27,28,28,29,26,30,31,32,32,33,30,34,35,36,34,36,37,34,37,38,39,40,41,41,42,39],"type":"triangles","base":0,"count":69}],"meshInstances":[{"node":1,"mesh":0}]}}