{"model":{"version":3,"nodes":[{"name":"RootNode","position":[0,0,0],"rotation":[0,0,0],"scale":[0.0254,0.0254,0.0254],"scaleCompensation":false},{"name":"LEVEL72-flechas","position":[0,0,0],"rotation":[-90,-0,0],"scale":[0.3937,0.3937,0.3937],"scaleCompensation":false}],"parents":[-1,0],"skins":[],"morphs":[],"vertices":[{"position":{"type":"float32","components":3,"data":[-3415.97,840.049,-1241.64,-3463.67,893.518,-1255.61,-3463.67,786.22,-1255.61,-3326.66,840.049,-1214.73,-3374.37,893.518,-1228.7,-3374.37,786.22,-1228.7,-3502.22,840.049,-1265.78,-3549.92,893.518,-1279.75,-3549.92,786.22,-1279.75,-3410.86,840.058,-1240.14,-3467.41,903.441,-1256.7,-3463.67,893.518,-1255.61,-3463.67,893.518,-1255.61,-3415.97,840.049,-1241.64,-3410.86,840.058,-1240.14,-3467.41,903.441,-1256.7,-3467.41,776.248,-1256.7,-3463.67,786.22,-1255.61,-3463.67,786.22,-1255.61,-3463.67,893.518,-1255.61,-3467.41,903.441,-1256.7,-3467.41,776.248,-1256.7,-3410.86,840.058,-1240.14,-3415.97,840.049,-1241.64,-3415.97,840.049,-1241.64,-3463.67,786.22,-1255.61,-3467.41,776.248,-1256.7,-3321.56,840.058,-1213.24,-3378.11,903.441,-1229.8,-3374.37,893.518,-1228.7,-3374.37,893.518,-1228.7,-3326.66,840.049,-1214.73,-3321.56,840.058,-1213.24,-3378.11,903.441,-1229.8,-3378.11,776.248,-1229.8,-3374.37,786.22,-1228.7,-3374.37,786.22,-1228.7,-3374.37,893.518,-1228.7,-3378.11,776.248,-1229.8,-3321.56,840.058,-1213.24,-3326.66,840.049,-1214.73,-3326.66,840.049,-1214.73,-3374.37,786.22,-1228.7,-3378.11,776.248,-1229.8,-3497.11,840.058,-1264.28,-3553.66,903.441,-1280.84,-3549.92,893.518,-1279.75,-3549.92,893.518,-1279.75,-3502.22,840.049,-1265.78,-3497.11,840.058,-1264.28,-3553.66,903.441,-1280.84,-3553.66,776.248,-1280.84,-3549.92,786.22,-1279.75,-3549.92,786.22,-1279.75,-3549.92,893.518,-1279.75,-3553.66,903.441,-1280.84,-3553.66,776.248,-1280.84,-3497.11,840.058,-1264.28,-3502.22,840.049,-1265.78,-3502.22,840.049,-1265.78,-3549.92,786.22,-1279.75,-3553.66,776.248,-1280.84]},"normal":{"type":"float32","components":3,"data":[-0.281034,0,0.959698,-0.281034,0,0.959698,-0.281034,0,0.959698,-0.281032,0,0.959698,-0.281032,0,0.959698,-0.281032,0,0.959698,-0.281034,0,0.959698,-0.281034,0,0.959698,-0.281034,0,0.959698,-0.281038,-3.97851e-06,0.959697,-0.281037,-3.9785e-06,0.959697,-0.281038,-3.97851e-06,0.959697,-0.281027,7.07402e-06,0.9597,-0.281027,7.07402e-06,0.9597,-0.281027,7.07402e-06,0.9597,-0.281028,0,0.9597,-0.281028,0,0.9597,-0.281028,0,0.9597,-0.281028,0,0.9597,-0.281028,0,0.9597,-0.281028,0,0.9597,-0.281027,-5.96848e-06,0.9597,-0.281027,-5.96848e-06,0.9597,-0.281027,-5.96848e-06,0.9597,-0.281039,4.73921e-06,0.959696,-0.281039,4.73921e-06,0.959696,-0.281039,4.73921e-06,0.959696,-0.281034,-3.87679e-06,0.959698,-0.281034,-3.87679e-06,0.959698,-0.281034,-3.87679e-06,0.959698,-0.281024,7.52956e-06,0.959701,-0.281024,7.52955e-06,0.959701,-0.281024,7.52955e-06,0.959701,-0.281025,0,0.9597,-0.281025,0,0.9597,-0.281025,0,0.9597,-0.281025,0,0.9597,-0.281025,0,0.9597,-0.281024,-6.39641e-06,0.959701,-0.281024,-6.39641e-06,0.959701,-0.281024,-6.39641e-06,0.959701,-0.281036,4.6725e-06,0.959697,-0.281036,4.6725e-06,0.959697,-0.281036,4.6725e-06,0.959697,-0.281037,-4.57754e-06,0.959697,-0.281037,-4.57754e-06,0.959697,-0.281037,-4.57754e-06,0.959697,-0.281026,7.52955e-06,0.9597,-0.281026,7.52955e-06,0.9597,-0.281026,7.52955e-06,0.9597,-0.281026,0,0.9597,-0.281026,0,0.9597,-0.281026,0,0.9597,-0.281026,0,0.9597,-0.281026,0,0.9597,-0.281026,0,0.9597,-0.281026,-6.35137e-06,0.9597,-0.281026,-6.35137e-06,0.9597,-0.281026,-6.35137e-06,0.9597,-0.281039,5.42009e-06,0.959696,-0.281039,5.42009e-06,0.959696,-0.281039,5.42009e-06,0.959696]},"texCoord0":{"type":"float32","components":2,"data":[0.859017,0.880883,0.859017,0.880883,0.859017,0.880883,0.859017,0.880883,0.859017,0.880883,0.859017,0.880883,0.859017,0.880883,0.859017,0.880883,0.859017,0.880883,0.955332,0.878483,0.955257,0.878483,0.955257,0.878483,0.955257,0.878483,0.955332,0.878483,0.955332,0.878483,0.955257,0.878483,0.955257,0.878257,0.955257,0.878257,0.955257,0.878257,0.955257,0.878483,0.955257,0.878483,0.955257,0.878257,0.955332,0.878483,0.955332,0.878483,0.955332,0.878483,0.955257,0.878257,0.955257,0.878257,0.955332,0.878483,0.955257,0.878483,0.955257,0.878483,0.955257,0.878483,0.955332,0.878483,0.955332,0.878483,0.955257,0.878483,0.955257,0.878257,0.955257,0.878257,0.955257,0.878257,0.955257,0.878483,0.955257,0.878257,0.955332,0.878483,0.955332,0.878483,0.955332,0.878483,0.955257,0.878257,0.955257,0.878257,0.955332,0.878483,0.955257,0.878483,0.955257,0.878483,0.955257,0.878483,0.955332,0.878483,0.955332,0.878483,0.955257,0.878483,0.955257,0.878257,0.955257,0.878257,0.955257,0.878257,0.955257,0.878483,0.955257,0.878483,0.955257,0.878257,0.955332,0.878483,0.955332,0.878483,0.955332,0.878483,0.955257,0.878257,0.955257,0.878257]}}],"meshes":[{"aabb":{"min":[-3553.66,776.248,-1280.84],"max":[-3321.56,903.441,-1213.24]},"vertices":0,"indices":[0,1,2,3,4,5,6,7,8,9,10,11,12,13,14,15,16,17,18,19,20,21,22,23,24,25,26,27,28,29,30,31,32,33,34,35,36,37,33,38,39,40,41,42,43,44,45,46,47,48,49,50,51,52,53,54,55,56,57,58,59,60,61],"type":"triangles","base":0,"count":63}],"meshInstances":[{"node":1,"mesh":0}]}}