{"model":{"version":3,"nodes":[{"name":"RootNode","position":[0,0,0],"rotation":[0,0,0],"scale":[0.0254,0.0254,0.0254],"scaleCompensation":false},{"name":"LEVEL71-agua","position":[0,0,0],"rotation":[-90,-0,0],"scale":[0.3937,0.3937,0.3937],"scaleCompensation":false}],"parents":[-1,0],"skins":[],"morphs":[],"vertices":[{"position":{"type":"float32","components":3,"data":[-227.984,33.3771,-1302.71,-227.984,-145.166,-1302.71,-47.3593,33.3771,-1302.71,-47.3593,-145.166,-1302.71,-227.984,2133.4,-1302.71,-227.984,1954.86,-1302.71,-47.3593,2133.4,-1302.71,-47.3593,1954.86,-1302.71,-2922.68,339.581,-1302.71,-2922.68,161.038,-1302.71,-2742.05,339.581,-1302.71,-2742.05,161.038,-1302.71]},"normal":{"type":"float32","components":3,"data":[0,0,1,0,0,1,0,0,1,0,0,1,0,0,1,0,0,1,0,0,1,0,0,1,0,0,1,0,0,1,0,0,1,0,0,1]},"texCoord0":{"type":"float32","components":2,"data":[-2.05978,-72.2368,-2.05978,-73.5401,-0.689057,-72.2368,-0.689057,-73.5401,-2.05977,-56.9069,-2.05977,-58.2103,-0.689052,-56.9069,-0.689052,-58.2103,-2.05978,-72.2368,-2.05978,-73.5401,-0.689057,-72.2368,-0.689057,-73.5401]}}],"meshes":[{"aabb":{"min":[-2922.68,-145.166,-1302.71],"max":[-47.3593,2133.4,-1302.71]},"vertices":0,"indices":[0,1,2,3,2,1,4,5,6,7,6,5,8,9,10,11,10,9],"type":"triangles","base":0,"count":18}],"meshInstances":[{"node":1,"mesh":0}]}}