{"model":{"version":3,"nodes":[{"name":"RootNode","position":[0,0,0],"rotation":[0,0,0],"scale":[0.0254,0.0254,0.0254],"scaleCompensation":false},{"name":"LEVEL77-flechas","position":[0,0,0],"rotation":[-90,-0,0],"scale":[0.3937,0.3937,0.3937],"scaleCompensation":false}],"parents":[-1,0],"skins":[],"morphs":[],"vertices":[{"position":{"type":"float32","components":3,"data":[-2267.96,592.263,-1239.87,-2267.96,513.213,-1239.87,-2213.23,552.626,-1215.78,-2174.38,592.263,-1198.08,-2174.38,513.213,-1198.08,-2119.65,552.626,-1173.98,-2358.98,592.263,-1279.31,-2358.98,513.213,-1279.31,-2304.25,552.626,-1255.22,-2271.53,599.528,-1241.44,-2271.53,505.971,-1241.44,-2267.96,513.213,-1239.87,-2267.96,592.263,-1239.87,-2271.53,599.528,-1241.44,-2271.53,505.971,-1241.44,-2206.75,552.617,-1212.93,-2213.23,552.626,-1215.78,-2213.23,552.626,-1215.78,-2267.96,513.213,-1239.87,-2271.53,505.971,-1241.44,-2206.75,552.617,-1212.93,-2271.53,599.528,-1241.44,-2267.96,592.263,-1239.87,-2267.96,592.263,-1239.87,-2213.23,552.626,-1215.78,-2206.75,552.617,-1212.93,-2177.95,599.527,-1199.65,-2177.95,505.972,-1199.65,-2174.38,513.213,-1198.08,-2174.38,513.213,-1198.08,-2174.38,592.263,-1198.08,-2177.95,599.527,-1199.65,-2177.95,505.972,-1199.65,-2113.18,552.617,-1171.13,-2119.65,552.626,-1173.98,-2119.65,552.626,-1173.98,-2174.38,513.213,-1198.08,-2177.95,505.972,-1199.65,-2113.18,552.617,-1171.13,-2177.95,599.527,-1199.65,-2174.38,592.263,-1198.08,-2174.38,592.263,-1198.08,-2119.65,552.626,-1173.98,-2113.18,552.617,-1171.13,-2362.55,599.528,-1280.88,-2362.55,505.971,-1280.88,-2358.98,513.213,-1279.31,-2358.98,592.263,-1279.31,-2362.55,599.528,-1280.88,-2362.55,505.971,-1280.88,-2297.78,552.617,-1252.37,-2304.25,552.626,-1255.22,-2304.25,552.626,-1255.22,-2358.98,513.213,-1279.31,-2362.55,505.971,-1280.88,-2297.78,552.617,-1252.37,-2362.55,599.528,-1280.88,-2358.98,592.263,-1279.31,-2358.98,592.263,-1279.31,-2304.25,552.626,-1255.22,-2297.78,552.617,-1252.37]},"normal":{"type":"float32","components":3,"data":[-0.402939,0,0.915227,-0.402939,0,0.915227,-0.402939,0,0.915227,-0.402942,0,0.915225,-0.402942,0,0.915225,-0.402942,0,0.915225,-0.402939,0,0.915227,-0.402939,0,0.915227,-0.402939,0,0.915227,-0.402937,0,0.915228,-0.402937,0,0.915228,-0.402937,0,0.915228,-0.402937,0,0.915228,-0.402937,0,0.915228,-0.402938,-1.29245e-06,0.915227,-0.402938,-1.29245e-06,0.915227,-0.402938,-1.29245e-06,0.915227,-0.40294,1.77544e-06,0.915227,-0.40294,1.77544e-06,0.915226,-0.40294,1.77544e-06,0.915227,-0.40294,-1.58974e-06,0.915227,-0.40294,-1.58974e-06,0.915227,-0.402939,-1.58974e-06,0.915227,-0.402938,1.5815e-06,0.915227,-0.402938,1.5815e-06,0.915227,-0.402938,1.5815e-06,0.915227,-0.40294,0,0.915226,-0.40294,0,0.915226,-0.40294,0,0.915226,-0.40294,0,0.915226,-0.40294,0,0.915226,-0.40294,0,0.915226,-0.402943,6.4623e-07,0.915225,-0.402943,6.4623e-07,0.915225,-0.402943,6.4623e-07,0.915225,-0.402944,2.18517e-06,0.915225,-0.402944,2.18517e-06,0.915225,-0.402944,2.18517e-06,0.915225,-0.402944,-2.09663e-06,0.915225,-0.402944,-2.09663e-06,0.915225,-0.402944,-2.09663e-06,0.915225,-0.402943,-4.90817e-07,0.915225,-0.402943,-4.90817e-07,0.915225,-0.402943,-4.90817e-07,0.915225,-0.402937,0,0.915228,-0.402937,0,0.915228,-0.402937,0,0.915228,-0.402937,0,0.915228,-0.402937,0,0.915228,-0.402938,-5.07747e-07,0.915227,-0.402938,-5.07747e-07,0.915227,-0.402938,-5.07747e-07,0.915227,-0.40294,1.74812e-06,0.915227,-0.40294,1.74812e-06,0.915227,-0.40294,1.74812e-06,0.915227,-0.40294,-1.58974e-06,0.915227,-0.40294,-1.58974e-06,0.915227,-0.402939,-1.58974e-06,0.915227,-0.402938,8.18017e-07,0.915227,-0.402938,8.18017e-07,0.915227,-0.402938,8.18017e-07,0.915227]},"texCoord0":{"type":"float32","components":2,"data":[0.859017,0.880883,0.859017,0.880883,0.859017,0.880883,0.859017,0.880883,0.859017,0.880883,0.859017,0.880883,0.859017,0.880883,0.859017,0.880883,0.859017,0.880883,0.949807,0.877495,0.949807,0.877421,0.949807,0.877421,0.949807,0.877495,0.949807,0.877495,0.949807,0.877421,0.94988,0.877495,0.94988,0.877495,0.94988,0.877495,0.949807,0.877421,0.949807,0.877421,0.94988,0.877495,0.949807,0.877495,0.949807,0.877495,0.949807,0.877495,0.94988,0.877495,0.94988,0.877495,0.949807,0.877495,0.949807,0.877421,0.949807,0.877421,0.949807,0.877421,0.949807,0.877495,0.949807,0.877495,0.949807,0.877421,0.94988,0.877495,0.94988,0.877495,0.94988,0.877495,0.949807,0.877421,0.949807,0.877421,0.94988,0.877495,0.949807,0.877495,0.949807,0.877495,0.949807,0.877495,0.94988,0.877495,0.94988,0.877495,0.949807,0.877495,0.949807,0.877421,0.949807,0.877421,0.949807,0.877495,0.949807,0.877495,0.949807,0.877421,0.94988,0.877495,0.94988,0.877495,0.94988,0.877495,0.949807,0.877421,0.949807,0.877421,0.94988,0.877495,0.949807,0.877495,0.949807,0.877495,0.949807,0.877495,0.94988,0.877495,0.94988,0.877495]}}],"meshes":[{"aabb":{"min":[-2362.55,505.971,-1280.88],"max":[-2113.18,599.528,-1171.13]},"vertices":0,"indices":[0,1,2,3,4,5,6,7,8,9,10,11,11,12,13,14,15,16,17,18,19,20,21,22,23,24,25,26,27,28,29,30,31,32,33,34,35,36,37,38,39,40,41,42,43,44,45,46,46,47,48,49,50,51,52,53,54,55,56,57,58,59,60],"type":"triangles","base":0,"count":63}],"meshInstances":[{"node":1,"mesh":0}]}}