{"model":{"version":3,"nodes":[{"name":"RootNode","position":[0,0,0],"rotation":[0,0,0],"scale":[0.0254,0.0254,0.0254],"scaleCompensation":false},{"name":"Mesh1 triangle 0","position":[0,0,0],"rotation":[-90,0,0],"scale":[1,1,1],"scaleCompensation":false}],"parents":[-1,0],"skins":[],"morphs":[],"vertices":[{"position":{"type":"float32","components":3,"data":[59.0552,-59.055,5.61019,59.0552,-59.055,15.4527,-59.0551,-59.055,5.61019,-59.0551,-59.055,15.4527,0.000289916,-0.00778198,15.4527,-59.0551,-59.055,15.4527,59.0552,-59.055,15.4527,59.0552,-59.055,5.61019,0.000289916,-0.00778198,5.61018,59.0552,-59.055,15.4527,0.000289916,-0.00778198,15.4527,0.000289916,-0.00778198,5.61018,-59.0551,-59.055,5.61019,0.000289916,-0.00778198,15.4527,-59.0551,-59.055,15.4527]},"normal":{"type":"float32","components":3,"data":[1.29191e-07,-1,0,1.29191e-07,-1,0,1.29191e-07,-1,0,1.29191e-07,-1,0,-8.34628e-15,6.46042e-08,1,-8.34628e-15,6.46042e-08,1,-8.34628e-15,6.46042e-08,1,0.707061,0.707153,0,0.707061,0.707153,0,0.707061,0.707153,0,0.707061,0.707153,0,-0.707058,0.707155,0,-0.707058,0.707155,0,-0.707058,0.707155,0,-0.707058,0.707155,0]},"texCoord0":{"type":"float32","components":2,"data":[0.313773,0.111286,0.313778,0.111286,0.313773,0.111269,0.313778,0.111269,0.11377,0.501593,0.113764,0.501599,0.113776,0.501599,0.313773,0.111286,0.313773,0.111303,0.313778,0.111286,0.313778,0.111303,0.313773,0.111303,0.313773,0.111286,0.313778,0.111303,0.313778,0.111286]}}],"meshes":[{"aabb":{"min":[-59.0551,-59.055,5.61018],"max":[59.0552,-0.00778198,15.4527]},"vertices":0,"indices":[0,1,2,3,2,1,4,5,6,7,8,9,10,9,8,11,12,13,14,13,12],"type":"triangles","base":0,"count":21}],"meshInstances":[{"node":1,"mesh":0}]}}