{"model":{"version":3,"nodes":[{"name":"RootNode","position":[0,0,0],"rotation":[0,0,0],"scale":[0.0254,0.0254,0.0254],"scaleCompensation":false},{"name":"tiletriangulo-techo","position":[0,0,0],"rotation":[-90,-0,0],"scale":[0.3937,0.3937,0.3937],"scaleCompensation":false}],"parents":[-1,0],"skins":[],"morphs":[],"vertices":[{"position":{"type":"float32","components":3,"data":[-72.8748,0,0,72.8748,-145.769,-0.00012207,72.8748,145.769,0.00012207]},"normal":{"type":"float32","components":3,"data":[0,-8.37423e-07,1,0,-8.37423e-07,1,0,-8.37423e-07,1]},"texCoord0":{"type":"float32","components":2,"data":[0.499115,0.366967,0.511269,0.379121,0.486962,0.379121]}}],"meshes":[{"aabb":{"min":[-72.8748,-145.769,-0.00012207],"max":[72.8748,145.769,0.00012207]},"vertices":0,"indices":[0,1,2],"type":"triangles","base":0,"count":3}],"meshInstances":[{"node":1,"mesh":0}]}}