{"model":{"version":3,"nodes":[{"name":"RootNode","position":[0,0,0],"rotation":[0,0,0],"scale":[0.0254,0.0254,0.0254],"scaleCompensation":false},{"name":"LEVEL90-agua","position":[0,0,0],"rotation":[-90,-0,0],"scale":[1,1,1],"scaleCompensation":false}],"parents":[-1,0],"skins":[],"morphs":[],"vertices":[{"position":{"type":"float32","components":3,"data":[-224.286,256.022,-513.483,-992.479,256.022,-513.483,-1045.57,174.121,-513.483,-184.448,175.238,-513.483,-184.591,239.255,-513.483,-1045.9,233.457,-513.483]},"normal":{"type":"float32","components":3,"data":[0,0,1,0,0,1,0,0,1,0,0,1,0,0,1,0,0,1]},"texCoord0":{"type":"float32","components":2,"data":[7.16966,124.333,7.16966,110.09,8.74833,109.105,8.72681,125.072,7.49285,125.069,7.60461,109.099]}}],"meshes":[{"aabb":{"min":[-1045.9,174.121,-513.483],"max":[-184.448,256.022,-513.483]},"vertices":0,"indices":[0,1,2,0,3,4,0,2,3,5,2,1],"type":"triangles","base":0,"count":12}],"meshInstances":[{"node":1,"mesh":0}]}}