{"model":{"version":3,"nodes":[{"name":"RootNode","position":[0,0,0],"rotation":[0,0,0],"scale":[0.0254,0.0254,0.0254],"scaleCompensation":false},{"name":"Plane_001","position":[165.386,-339.564,-23.0883],"rotation":[-90,-0,0],"scale":[138.087,138.087,138.087],"scaleCompensation":false},{"name":"Sphere_518_Sphere_520","position":[-1.19769,-0.1672,2.45905],"rotation":[0,0,0],"scale":[1,1,1],"scaleCompensation":false}],"parents":[-1,0,1],"skins":[],"morphs":[],"vertices":[{"position":{"type":"float32","components":3,"data":[1e-06,0,43.5483,0,23.5015,34.0828,10.1969,21.1741,34.0828,10.1969,21.1741,34.0828,0,23.5015,34.0828,16.7191,34.7176,18.0325,1e-05,38.5336,18.0325,16.7191,34.7176,18.0325,0,23.5015,34.0828,0,43.8188,-0.734489,19.0123,39.4794,-0.734489,1e-05,38.5336,18.0325,19.0123,39.4794,-0.734489,34.2589,27.3206,-0.734489,30.1268,24.0253,18.0325,30.1268,24.0253,18.0325,10.1969,21.1741,34.0828,18.3742,14.653,34.0828,10.1969,21.1741,34.0828,18.3742,14.653,34.0828,18.3742,14.653,34.0828,22.9123,5.22958,34.0828,22.9123,5.22958,34.0828,37.5675,8.57453,18.0325,37.5675,8.57453,18.0325,18.3742,14.653,34.0828,42.7202,9.7506,-0.734489,42.7202,9.7506,-0.734489,37.5675,-8.57454,18.0325,22.9123,-5.22958,34.0828,22.9123,-5.22958,34.0828,42.7202,-9.75061,-0.734489,37.5675,-8.57454,18.0325,22.9123,5.22958,34.0828,22.9123,-5.22958,34.0828,30.1268,-24.0253,18.0325,34.2589,-27.3206,-0.734489,34.2589,-27.3206,-0.734489,22.9123,-5.22958,34.0828,18.3742,-14.653,34.0828,18.3742,-14.653,34.0828,18.3742,-14.653,34.0828,18.3742,-14.653,34.0828,10.1969,-21.1742,34.0828,16.7191,-34.7176,18.0325,10.1969,-21.1742,34.0828,16.7191,-34.7176,18.0325,19.0123,-39.4794,-0.734489,30.1268,-24.0253,18.0325,19.0123,-39.4794,-0.734489,-1e-05,-43.8188,-0.734489,-7e-06,-38.5336,18.0325,-1e-05,-43.8188,-0.734489,10.1969,-21.1742,34.0828,-4e-06,-23.5015,34.0828,-4e-06,-23.5015,34.0828,-4e-06,-23.5015,34.0828,-4e-06,-23.5015,34.0828,-10.1969,-21.1742,34.0828,-10.1969,-21.1742,34.0828,-4e-06,-23.5015,34.0828,-16.7191,-34.7176,18.0325,-7e-06,-38.5336,18.0325,-16.7191,-34.7176,18.0325,-4e-06,-23.5015,34.0828,-19.0123,-39.4794,-0.734489,-1e-05,-43.8188,-0.734489,-19.0123,-39.4794,-0.734489,-7e-06,-38.5336,18.0325,-30.1268,-24.0253,18.0325,-18.3742,-14.653,34.0828,-18.3742,-14.653,34.0828,-34.2589,-27.3206,-0.734489,-30.1268,-24.0253,18.0325,-10.1969,-21.1742,34.0828,-18.3742,-14.653,34.0828,-18.3742,-14.653,34.0828,-22.9123,-5.22958,34.0828,-37.5675,-8.57453,18.0325,-22.9123,-5.22958,34.0828,-37.5675,-8.57453,18.0325,-42.7202,-9.7506,-0.734489,-34.2589,-27.3206,-0.734489,-22.9123,5.22959,34.0828,-37.5675,8.57455,18.0325,-37.5675,8.57455,18.0325,-22.9123,-5.22958,34.0828,-42.7202,9.75061,-0.734489,-42.7202,9.75061,-0.734489,-22.9123,-5.22958,34.0828,-22.9123,5.22959,34.0828,-34.2589,27.3206,-0.734489,-30.1268,24.0253,18.0325,-34.2589,27.3206,-0.734489,-22.9123,5.22959,34.0828,-18.3742,14.653,34.0828,-18.3742,14.653,34.0828,-18.3742,14.653,34.0828,-18.3742,14.653,34.0828,-10.1969,21.1742,34.0828,-16.7191,34.7176,18.0325,-10.1969,21.1742,34.0828,-30.1268,24.0253,18.0325,-10.1969,21.1742,34.0828,-19.0123,39.4794,-0.734489,-19.0123,39.4794,-0.734489,0,23.5015,34.0828,1e-05,38.5336,18.0325,0,23.5015,34.0828,-16.7191,34.7176,18.0325,0,43.8188,-0.734489,1e-05,38.5336,18.0325,-10.1969,21.1742,34.0828,0,23.5015,34.0828]},"normal":{"type":"float32","components":3,"data":[-1.17708e-07,1.10784e-08,-1,-0.0544452,-0.584431,-0.809615,0.253933,0.527326,0.81083,-0.270006,-0.561998,-0.781828,-0.0544452,-0.584431,-0.809615,0.381194,0.791754,0.477302,1.15642e-05,-0.836276,-0.548309,-0.396346,-0.79416,-0.460674,0,0.58531,0.81081,1.51511e-07,-0.962557,-0.271078,-0.401787,-0.874704,-0.271036,0,0.878732,0.477315,0.417717,0.86711,0.271354,-0.752558,-0.600145,-0.271078,-0.672265,-0.513722,-0.533057,0.686926,0.547862,0.477472,-0.270006,-0.561998,-0.781828,0.457692,0.36478,0.810835,0.253933,0.527326,0.81083,-0.487109,-0.389192,-0.781828,-0.487109,-0.389192,-0.781828,0.570735,0.130475,0.810702,-0.629764,-0.118296,-0.767726,0.856721,0.195299,0.477376,-0.885608,-0.22442,-0.406612,0.457692,0.36478,0.810835,-0.934381,-0.231239,-0.271036,0.938346,0.21437,0.271205,-0.851797,0.143187,-0.503923,-0.580734,0.210521,-0.786402,0.570735,-0.130475,0.810702,-0.938424,0.214189,-0.271078,0.856721,-0.195299,0.477376,-0.629764,-0.118296,-0.767726,0.570735,-0.130475,0.810702,-0.694712,0.509627,-0.507598,0.752433,-0.600268,0.27115,-0.7101,0.650069,-0.270496,-0.580734,0.210521,-0.786402,0.457692,-0.36478,0.810835,-0.422981,0.406954,-0.809615,0.457692,-0.36478,0.810835,-0.422981,0.406954,-0.809615,0.253933,-0.527326,0.81083,-0.455977,0.777158,-0.433716,-0.255466,0.587651,-0.767726,0.381309,-0.791611,0.477447,-0.357723,0.893793,-0.270496,0.686926,-0.547862,0.477472,0.417578,-0.867205,0.271264,0.0655047,0.96049,-0.270496,-0.0347028,0.860895,-0.507598,0,-0.962511,0.271243,-0.255466,0.587651,-0.767726,0,-0.58531,0.81081,0.0544449,0.584431,-0.809615,0,-0.58531,0.81081,0.0544449,0.584431,-0.809615,-0.253933,-0.527326,0.81083,0.300164,0.566126,-0.767726,0.0544449,0.584431,-0.809615,-0.381309,-0.791611,0.477447,-0.0347028,0.860895,-0.507598,0.376709,0.83232,-0.406613,0,-0.58531,0.81081,-0.417578,-0.867205,0.271264,0.0655047,0.96049,-0.270496,0.401787,0.874704,-0.271036,0,-0.878645,0.477475,0.69471,0.50964,-0.507588,0.490873,0.32182,-0.809615,-0.457692,-0.36478,0.810835,0.699605,0.661477,-0.270188,-0.686926,-0.547862,0.477472,0.300164,0.566126,-0.767726,-0.457692,-0.36478,0.810835,0.490873,0.32182,-0.809615,-0.570735,-0.130475,0.810702,0.828585,0.171162,-0.533057,0.607734,0.139301,-0.781828,-0.856721,-0.195299,0.477376,0.938424,0.214189,-0.271078,-0.752433,-0.600268,0.27115,0.618725,-0.166663,-0.767726,-0.856721,0.195299,0.477376,0.891904,-0.128053,-0.433716,-0.570735,-0.130475,0.810702,0.921833,-0.277591,-0.270496,-0.938346,0.21437,0.271205,0.607734,0.139301,-0.781828,-0.570735,0.130475,0.810702,0.7101,-0.65007,-0.270496,0.743001,-0.486226,-0.459928,-0.752433,0.600268,0.27115,0.618725,-0.166663,-0.767726,-0.457692,0.36478,0.810835,0.431882,-0.441645,-0.786402,-0.457692,0.36478,0.810835,0.431882,-0.441645,-0.786402,-0.253933,0.527326,0.81083,0.421743,-0.797515,-0.431396,0.19749,-0.585294,-0.786402,-0.686926,0.547862,0.477472,-0.253933,0.527326,0.81083,-0.417717,0.86711,0.271354,0.43336,-0.859499,-0.271036,0,0.58531,0.81081,1.15642e-05,-0.836276,-0.548309,-0.0544452,-0.584431,-0.809615,-0.381194,0.791754,0.477302,1.51511e-07,-0.962557,-0.271078,0,0.878732,0.477315,0.19749,-0.585294,-0.786402,0,0.58531,0.81081]},"texCoord0":{"type":"float32","components":2,