{"model":{"version":3,"nodes":[{"name":"RootNode","position":[0,0,0],"rotation":[0,0,0],"scale":[0.0254,0.0254,0.0254],"scaleCompensation":false},{"name":"Mesh1 Wall_right Model 90","position":[0,0,0],"rotation":[-90,0,0],"scale":[1,1,1],"scaleCompensation":false}],"parents":[-1,0],"skins":[],"morphs":[],"vertices":[{"position":{"type":"float32","components":3,"data":[59.055,59.0549,17.3229,59.055,47.2441,17.3229,59.055,47.2441,7.48035,59.055,47.2441,3.08115e-05,59.055,59.0549,3.27357e-05,-59.055,59.0549,-1.70131e-05,-59.055,59.0549,17.3228,59.055,59.0549,17.3229,59.055,59.0549,3.27357e-05,-59.055,47.2441,17.3228,59.055,47.2441,17.3229,59.055,59.0549,17.3229,-59.055,59.0549,17.3228,-59.055,59.0549,-1.70131e-05,-59.055,47.2441,-1.7764e-05,-59.055,47.2441,7.4803,-59.055,47.2441,17.3228,-59.055,59.0549,17.3228,-49.2126,-47.2441,17.3228,-49.2126,-47.2441,7.48029,-49.2126,-1.66673e-05,7.48029,-49.2126,-1.82709e-05,17.3228,59.055,-47.2441,17.3228,59.055,-47.2441,7.48033,-49.2126,-47.2441,7.48029,-49.2126,-47.2441,17.3228,59.055,-59.0549,17.3228,59.055,-47.2441,17.3228,-49.2126,-47.2441,17.3228,-59.0549,-59.0549,17.3228,-59.0549,-59.0549,17.3228,-59.055,-2.13604e-05,17.3228,-59.055,-1.97569e-05,7.48029,-59.055,-1.85382e-05,-2.54611e-05,-59.0549,-59.0549,-3.50823e-05,59.055,-59.0549,1.34931e-05,59.055,-59.0549,17.3228,-59.0549,-59.0549,17.3228,-59.0549,-59.0549,-3.50823e-05,59.055,-59.0549,1.34931e-05,59.055,-47.2441,1.54174e-05,59.055,-47.2441,7.48033,59.055,-47.2441,17.3228,59.055,-59.0549,17.3228,-59.055,-2.13604e-05,17.3228,-49.2126,-1.82709e-05,17.3228,-49.2126,-1.66673e-05,7.48029,-59.055,-1.97569e-05,7.48029,-59.055,47.2441,17.3228,-59.055,47.2441,7.4803,59.055,47.2441,7.48035,59.055,47.2441,17.3229,-59.0549,-59.0549,17.3228,-49.2126,-47.2441,17.3228,-49.2126,-1.82709e-05,17.3228,-59.055,-2.13604e-05,17.3228]},"normal":{"type":"float32","components":3,"data":[1,-3.7829e-07,8.65005e-08,1,6.25899e-14,-3.87573e-07,1,-5.39389e-07,2.59682e-07,1,-6.84823e-07,4.66916e-07,1,-6.45967e-07,4.40424e-07,-8.60352e-14,1,2.20212e-07,-8.53485e-14,1,2.20212e-07,-9.20683e-14,1,2.20212e-07,-9.2755e-14,1,2.20212e-07,-3.87574e-07,-1.61491e-07,1,-3.87574e-07,-1.61492e-07,1,-3.87574e-07,-1.61492e-07,1,-3.87574e-07,-1.61491e-07,1,-1,-3.91913e-08,-3.51076e-07,-1,3.24226e-14,-5.09965e-07,-1,2.19535e-07,-1.63336e-07,-1,-7.68952e-08,-2.7264e-07,-1,-3.22983e-07,-4.40424e-07,0.707107,0.707107,5.48111e-07,0.707107,0.707107,5.48111e-07,1,3.22978e-07,3.87573e-07,1,3.22978e-07,3.87573e-07,-3.17106e-07,1,3.87573e-07,-3.17106e-07,1,3.87573e-07,0.707107,0.707107,5.48111e-07,0.707107,0.707107,5.48111e-07,-3.87574e-07,-1.61492e-07,1,-3.87574e-07,-1.61491e-07,1,-3.87579e-07,-1.61492e-07,1,-3.87578e-07,-1.61493e-07,1,-1,-2.28124e-07,-3.19674e-07,-1,-6.45958e-08,3.87573e-07,-1,-1.00289e-07,1.73412e-07,-1,-1.52659e-07,-8.00017e-08,-1,-2.58383e-07,-4.40424e-07,8.58324e-14,-1,-2.20212e-07,8.53486e-14,-1,-2.20212e-07,9.00835e-14,-1,-2.20212e-07,9.05674e-14,-1,-2.20212e-07,1,5.99816e-07,2.51677e-07,1,9.68947e-07,0,1,9.68947e-07,2.55257e-13,1,3.69131e-07,4.0896e-07,1,-1.06687e-13,6.60636e-07,-3.13903e-07,1,1.62921e-07,-3.13904e-07,1,1.6292e-07,-3.13903e-07,1,1.62921e-07,-3.13903e-07,1,1.62921e-07,2.90681e-07,-1,-3.87573e-07,2.90681e-07,-1,-3.87573e-07,2.90681e-07,-1,-3.87573e-07,2.90681e-07,-1,-3.87573e-07,-3.87578e-07,-1.61493e-07,1,-3.87579e-07,-1.61492e-07,1,-3.87581e-07,-1.61489e-07,1,-3.8758e-07,-1.61489e-07,1]},"texCoord0":{"type":"float32","components":2,"data":[0.313769,0.111244,0.313769,0.111251,0.313774,0.111251,0.313778,0.111251,0.313778,0.111244,0.313769,0.111308,0.313778,0.111308,0.313778,0.111243,0.313769,0.111243,0.113774,0.501538,0.113774,0.501637,0.113765,0.501637,0.113765,0.501538,0.313778,0.111244,0.313778,0.111251,0.313774,0.111251,0.313769,0.111251,0.313769,0.111244,0.313769,0.111302,0.313774,0.111302,0.313774,0.111276,0.313769,0.111276,0.313778,0.111243,0.313773,0.111243,0.313773,0.111303,0.313778,0.111303,0.113765,0.50154,0.113774,0.50154,0.113774,0.501624,0.113765,0.501631,0.313769,0.111308,0.313769,0.111276,0.313774,0.111276,0.313778,0.111276,0.313778,0.111308,0.313769,0.111243,0.313778,0.111243,0.313778,0.111308,0.313769,0.111308,0.313778,0.111308,0.313778,0.111302,0.313774,0.111302,0.313769,0.111302,0.313769,0.111308,0.313778,0.111308,0.313778,0.111303,0.313773,0.111303,0.313773,0.111308,0.313778,0.111308,0.313773,0.111308,0.313773,0.111243,0.313778,0.111243,0.113765,0.501556,0.113774,0.501567,0.113774,0.501612,0.113765,0.501612]}}],"meshes":[{"aabb":{"min":[-59.055,-59.0549,-3.50823e-05],"max":[59.055,59.0549,17.3229]},"vertices":0,"indices":[0,1,2,0,2,3,0,3,4,5,6,7,7,8,5,9,10,11,11,12,9,13,14,15,13,15,16,13,16,17,18,19,20,20,21,18,22,23,24,24,25,22,26,27,28,28,29,26,30,31,32,30,32,33,30,33,34,35,36,37,37,38,35,39,40,41,39,41,42,39,42,43,44,45,46,46,47,44,48,49,50,50,51,48,52,53,54,54,55,52],"type":"triangles","base":0,"count":90}],"meshInstances":[{"node":1,"mesh":0}]}}