{"model":{"version":3,"nodes":[{"name":"RootNode","position":[0,0,0],"rotation":[0,0,0],"scale":[0.0254,0.0254,0.0254],"scaleCompensation":false},{"name":"LEVEL18-flechas","position":[0,0,0],"rotation":[-90,-0,0],"scale":[1,1,1],"scaleCompensation":false}],"parents":[-1,0],"skins":[],"morphs":[],"vertices":[{"position":{"type":"float32","components":3,"data":[-1121.12,-27.4563,-490.036,-1105.58,-9.89111,-495.152,-1136.83,-9.89111,-495.152,-1121.12,-61.916,-479.881,-1105.58,-44.3694,-485.059,-1136.83,-44.3694,-485.059,-1121.12,5.80347,-499.76,-1105.58,23.3643,-504.892,-1136.83,23.3643,-504.892,-1121.12,-29.7266,-489.375,-1102.26,-8.41675,-495.581,-1105.58,-9.89111,-495.152,-1105.58,-9.89111,-495.152,-1121.12,-27.4563,-490.036,-1121.12,-29.7266,-489.375,-1102.26,-8.41675,-495.581,-1140.17,-8.41675,-495.581,-1136.83,-9.89111,-495.152,-1136.83,-9.89111,-495.152,-1105.58,-9.89111,-495.152,-1102.26,-8.41675,-495.581,-1140.17,-8.41675,-495.581,-1121.12,-29.7266,-489.375,-1121.12,-27.4563,-490.036,-1121.12,-27.4563,-490.036,-1136.83,-9.89111,-495.152,-1140.17,-8.41675,-495.581,-1121.12,-64.1836,-479.212,-1102.26,-42.8965,-485.493,-1105.58,-44.3694,-485.059,-1105.58,-44.3694,-485.059,-1121.12,-61.916,-479.881,-1121.12,-64.1836,-479.212,-1102.26,-42.8965,-485.493,-1140.17,-42.8965,-485.493,-1136.83,-44.3694,-485.059,-1136.83,-44.3694,-485.059,-1105.58,-44.3694,-485.059,-1102.26,-42.8965,-485.493,-1140.17,-42.8965,-485.493,-1121.12,-64.1836,-479.212,-1121.12,-61.916,-479.881,-1121.12,-61.916,-479.881,-1136.83,-44.3694,-485.059,-1140.17,-42.8965,-485.493,-1121.12,3.53418,-499.097,-1102.26,24.8379,-505.322,-1105.58,23.3643,-504.892,-1105.58,23.3643,-504.892,-1121.12,5.80347,-499.76,-1121.12,3.53418,-499.097,-1102.26,24.8379,-505.322,-1140.17,24.8379,-505.322,-1136.83,23.3643,-504.892,-1136.83,23.3643,-504.892,-1105.58,23.3643,-504.892,-1102.26,24.8379,-505.322,-1140.17,24.8379,-505.322,-1121.12,3.53418,-499.097,-1121.12,5.80347,-499.76,-1121.12,5.80347,-499.76,-1136.83,23.3643,-504.892,-1140.17,24.8379,-505.322]},"normal":{"type":"float32","components":3,"data":[0,0.279614,0.960113,0,0.279614,0.960113,0,0.279614,0.960113,0,0.283029,0.959112,0,0.283029,0.959111,0,0.283029,0.959111,0,0.280462,0.959865,0,0.280462,0.959865,0,0.280462,0.959865,-2.45933e-05,0.27963,0.960108,-2.45933e-05,0.27963,0.960108,-2.45933e-05,0.27963,0.960108,1.71791e-05,0.2796,0.960117,1.71791e-05,0.2796,0.960117,1.71791e-05,0.2796,0.960117,0,0.279579,0.960123,0,0.279579,0.960123,0,0.279579,0.960123,0,0.279579,0.960123,0,0.279579,0.960123,0,0.279579,0.960123,-1.2357e-05,0.279599,0.960117,-1.2357e-05,0.279599,0.960117,-1.2357e-05,0.279599,0.960117,2.75647e-05,0.279636,0.960106,2.75647e-05,0.279636,0.960106,2.75647e-05,0.279636,0.960106,-2.09047e-05,0.283046,0.959107,-2.09047e-05,0.283046,0.959106,-2.09047e-05,0.283046,0.959106,-1.86821e-05,0.283044,0.959107,-1.86821e-05,0.283044,0.959107,-1.86821e-05,0.283044,0.959107,0,0.283002,0.959119,0,0.283002,0.959119,0,0.283002,0.959119,0,0.283002,0.959119,0,0.283002,0.959119,0,0.283002,0.959119,1.88565e-05,0.283044,0.959107,1.88565e-05,0.283044,0.959107,1.88565e-05,0.283044,0.959107,2.09838e-05,0.283046,0.959106,2.09838e-05,0.283046,0.959106,2.09838e-05,0.283046,0.959106,2.21168e-05,0.280449,0.959869,2.21168e-05,0.280449,0.959869,2.21168e-05,0.280449,0.959869,-2.63679e-05,0.280484,0.959859,-2.63679e-05,0.280484,0.959859,-2.63679e-05,0.280484,0.959859,0,0.280495,0.959856,0,0.280495,0.959856,0,0.280495,0.959856,0,0.280495,0.959856,0,0.280495,0.959856,0,0.280495,0.959856,2.07258e-05,0.280484,0.959859,2.07258e-05,0.280484,0.959859,2.07258e-05,0.280484,0.959859,-2.56158e-05,0.280441,0.959871,-2.56158e-05,0.280441,0.959871,-2.56158e-05,0.280441,0.959871]},"texCoord0":{"type":"float32","components":2,"data":[0.859017,0.880883,0.859017,0.880883,0.859017,0.880883,0.859017,0.880883,0.859017,0.880883,0.859017,0.880883,0.859017,0.880883,0.859017,0.880883,0.859017,0.880883,0.95287,0.879747,0.952795,0.879747,0.952795,0.879747,0.952795,0.879747,0.95287,0.879747,0.95287,0.879747,0.952795,0.879747,0.952795,0.879674,0.952795,0.879674,0.952795,0.879674,0.952795,0.879747,0.952795,0.879747,0.952795,0.879674,0.95287,0.879747,0.95287,0.879747,0.95287,0.879747,0.952795,0.879674,0.952795,0.879674,0.95287,0.879747,0.952795,0.879747,0.952795,0.879747,0.952795,0.879747,0.95287,0.879747,0.95287,0.879747,0.952795,0.879747,0.952795,0.879674,0.952795,0.879674,0.952795,0.879674,0.952795,0.879747,0.952795,0.879747,0.952795,0.879674,0.95287,0.879747,0.95287,0.879747,0.95287,0.879747,0.952795,0.879674,0.952795,0.879674,0.95287,0.879747,0.952795,0.879747,0.952795,0.879747,0.952795,0.879747,0.95287,0.879747,0.95287,0.879747,0.952795,0.879747,0.952795,0.879674,0.952795,0.879674,0.952795,0.879674,0.952795,0.879747,0.952795,0.879747,0.952795,0.879674,0.95287,0.879747,0.95287,0.879747,0.95287,0.879747,0.952795,0.879674,0.952795,0.879674]}}],"meshes":[{"aabb":{"min":[-1140.17,-64.1836,-505.322],"max":[-1102.26,24.8379,-479.212]},"vertices":0,"indices":[0,1,2,3,4,5,6,7,8,9,10,11,12,13,14,15,16,17,18,19,20,21,22,23,24,25,26,27,28,29,30,31,32,33,34,35,36,37,38,39,40,41,42,43,44,45,46,47,48,49,50,51,52,53,54,55,56,57,58,59,60,61,62],"type":"triangles","base":0,"count":63}],"meshInstances":[{"node":1,"mesh":0}]}}