{"model":{"version":3,"nodes":[{"name":"RootNode","position":[0,0,0],"rotation":[0,0,0],"scale":[0.0254,0.0254,0.0254],"scaleCompensation":false},{"name":"Mesh1 Narrow_square Model","position":[0,0,0],"rotation":[-90,0,0],"scale":[1,1,1],"scaleCompensation":false}],"parents":[-1,0],"skins":[],"morphs":[],"vertices":[{"position":{"type":"float32","components":3,"data":[-59.055,59.0549,17.3229,-47.2441,59.0549,17.3229,-47.2441,59.0549,7.48033,-47.2441,59.0549,1.92425e-05,-59.055,59.0549,2.04159e-05,-59.055,-59.0549,-2.15892e-05,-59.055,-59.0549,17.3228,-59.055,59.0549,17.3229,-59.055,59.0549,2.04159e-05,-59.055,59.0549,17.3229,-59.055,-59.0549,17.3228,-47.2441,-59.0549,17.3228,-23.6221,-29.5276,17.3228,-23.6221,29.5276,17.3228,-47.2441,59.0549,17.3229,-23.6221,29.5276,7.48032,-47.2441,59.0549,7.48033,-47.2441,59.0549,17.3229,-23.6221,29.5276,17.3228,-23.6221,-29.5276,7.48031,-23.6221,29.5276,7.48032,-23.6221,29.5276,17.3228,-23.6221,-29.5276,17.3228,-47.2441,-59.0549,17.3228,-47.2441,-59.0549,7.4803,-23.6221,-29.5276,7.48031,-23.6221,-29.5276,17.3228,-59.055,-59.0549,-2.15892e-05,-47.2441,-59.0549,-1.98292e-05,-47.2441,-59.0549,7.4803,-47.2441,-59.0549,17.3228,-59.055,-59.0549,17.3228,59.055,-59.0549,17.3228,47.2441,-59.0549,17.3228,47.2441,-59.0549,7.4803,47.2441,-59.0549,-1.98292e-05,59.055,-59.0549,-1.98292e-05,59.055,59.0549,17.3229,59.055,-59.0549,17.3228,59.055,-59.0549,-1.98292e-05,59.055,59.0549,1.98292e-05,59.055,59.0549,17.3229,47.2441,59.0549,17.3229,23.6221,29.5276,17.3228,23.6221,-29.5276,17.3228,47.2441,-59.0549,17.3228,59.055,-59.0549,17.3228,23.6221,-29.5276,7.48031,47.2441,-59.0549,7.4803,47.2441,-59.0549,17.3228,23.6221,-29.5276,17.3228,23.6221,29.5276,17.3228,23.6221,29.5276,7.48032,23.6221,-29.5276,7.48031,23.6221,-29.5276,17.3228,47.2441,59.0549,7.48033,23.6221,29.5276,7.48032,23.6221,29.5276,17.3228,47.2441,59.0549,17.3229,59.055,59.0549,1.98292e-05,47.2441,59.0549,1.92425e-05,47.2441,59.0549,7.48033,47.2441,59.0549,17.3229,59.055,59.0549,17.3229]},"normal":{"type":"float32","components":3,"data":[-5.70874e-08,1,2.55312e-07,0,1,3.87573e-07,-2.32918e-07,1,1.08077e-07,-1.23044e-07,1,1.3632e-07,2.18765e-14,1,2.20212e-07,-1,0,0,-1,0,0,-1,0,0,-1,0,0,-2.11319e-08,-3.13505e-07,1,0,-3.22979e-07,1,2.47517e-08,-3.20504e-07,1,4.40953e-08,-3.26872e-07,1,-9.88719e-08,-3.7703e-07,1,0,-2.58384e-07,1,0.780867,0.624698,3.92492e-08,0.780867,0.624698,2.42116e-07,0.780867,0.624698,2.02867e-07,0.780867,0.624698,0,1,0,0,1,0,0,1,0,0,1,0,0,0.780867,-0.624698,-4.05734e-07,0.780867,-0.624698,-4.84232e-07,0.780867,-0.624698,-7.84985e-08,0.780867,-0.624698,0,1.27456e-07,-1,-3.69027e-07,0,-1,0,3.33693e-07,-1,-5.26875e-07,1.87027e-07,-1,-5.6794e-07,0,-1,-4.40424e-07,-1.14175e-07,-1,-5.10623e-07,0,-1,-7.75147e-07,-4.65834e-07,-1,-2.16154e-07,-2.46087e-07,-1,-2.7264e-07,0,-1,-4.40424e-07,1,0,0,1,0,0,1,0,0,1,0,0,2.11318e-08,-3.13505e-07,1,0,-2.58384e-07,1,9.88718e-08,-3.7703e-07,1,-4.40952e-08,-3.26872e-07,1,-2.47517e-08,-3.20504e-07,1,0,-3.22979e-07,1,-0.780867,-0.624698,-7.84985e-08,-0.780867,-0.624698,-4.84232e-07,-0.780867,-0.624698,-4.05734e-07,-0.780867,-0.624698,0,-1,0,0,-1,0,0,-1,0,0,-1,0,0,-0.780867,0.624698,2.02867e-07,-0.780867,0.624698,0,-0.780867,0.624698,3.92493e-08,-0.780867,0.624698,2.42116e-07,6.37278e-08,1,1.84513e-07,0,1,0,1.66846e-07,1,2.63437e-07,9.35132e-08,1,2.8397e-07,0,1,2.20212e-07]},"texCoord0":{"type":"float32","components":2,"data":[0.313769,0.111249,0.313769,0.111256,0.313774,0.111256,0.313778,0.111256,0.313778,0.111249,0.313769,0.111313,0.313778,0.111313,0.313778,0.111249,0.313769,0.111249,0.113764,0.501618,0.113764,0.501561,0.11377,0.501561,0.113782,0.501575,0.113782,0.501604,0.11377,0.501618,0.313773,0.111265,0.313773,0.111249,0.313778,0.111249,0.313778,0.111265,0.313773,0.111297,0.313773,0.111265,0.313778,0.111265,0.313778,0.111297,0.313778,0.111313,0.313773,0.111313,0.313773,0.111297,0.313778,0.111297,0.313778,0.111249,0.313778,0.111256,0.313774,0.111256,0.313769,0.111256,0.313769,0.111249,0.313769,0.111313,0.313769,0.111307,0.313774,0.111307,0.313778,0.111307,0.313778,0.111313,0.313778,0.111249,0.313778,0.111313,0.313769,0.111313,0.313769,0.111249,0.113765,0.501561,0.113765,0.501561,0.113765,0.501561,0.113765,0.501561,0.113765,0.501561,0.113765,0.501561,0.313773,0.111297,0.313773,0.111313,0.313778,0.111313,0.313778,0.111297,0.313778,0.111265,0.313773,0.111265,0.313773,0.111297,0.313778,0.111297,0.313773,0.111249,0.313773,0.111265,0.313778,0.111265,0.313778,0.111249,0.313778,0.111313,0.313778,0.111307,0.313774,0.111307,0.313769,0.111307,0.313769,0.111313]}}],"meshes":[{"aabb":{"min":[-59.055,-59.0549,-2.15892e-05],"max":[59.055,59.0549,17.3229]},"vertices":0,"indices":[0,1,2,0,2,3,0,3,4,5,6,7,7,8,5,9,10,11,9,11,12,9,12,13,9,13,14,15,16,17,17,18,15,19,20,21,21,22,19,23,24,25,25,26,23,27,28,29,27,29,30,27,30,31,32,33,34,32,34,35,32,35,36,37,38,39,39,40,37,41,42,43,41,43,44,41,44,45,41,45,46,47,48,49,49,50,47,51,52,53,53,54,51,55,56,57,57,58,55,59,60,61,59,61,62,59,62,63],"type":"triangles","base":0,"count":108}],"meshInstances":[{"node":1,"mesh":0}]}}