{"model":{"version":3,"nodes":[{"name":"RootNode","position":[0,0,0],"rotation":[0,0,0],"scale":[0.0254,0.0254,0.0254],"scaleCompensation":false},{"name":"Mesh1 Narrow_block Model","position":[0,0,0],"rotation":[-90,0,0],"scale":[1,1,1],"scaleCompensation":false}],"parents":[-1,0],"skins":[],"morphs":[],"vertices":[{"position":{"type":"float32","components":3,"data":[-59.055,59.0549,17.3229,-47.2441,59.0549,17.3229,-47.2441,59.0549,7.48033,-47.2441,59.0549,1.92425e-05,-59.055,59.0549,2.04159e-05,-59.055,59.0549,2.04159e-05,-59.055,-59.0549,-2.15892e-05,-59.055,-59.0549,17.3228,-59.055,59.0549,17.3229,-59.055,-59.0549,17.3228,-47.2441,-59.0549,17.3228,-47.2441,-29.5276,17.3228,-23.6221,-29.5276,17.3228,-23.6221,29.5276,17.3228,-47.2441,29.5276,17.3228,-47.2441,59.0549,17.3229,-59.055,59.0549,17.3229,-47.2441,59.0549,17.3229,-47.2441,29.5276,17.3228,-47.2441,29.5276,7.48032,-47.2441,59.0549,7.48033,-59.055,-59.0549,-2.15892e-05,-47.2441,-59.0549,-1.98292e-05,-47.2441,-59.0549,7.4803,-47.2441,-59.0549,17.3228,-59.055,-59.0549,17.3228,-47.2441,-29.5276,7.48031,-23.6221,-29.5276,7.48031,-23.6221,-29.5276,17.3228,-47.2441,-29.5276,17.3228,-23.6221,-29.5276,17.3228,-23.6221,-29.5276,7.48031,-23.6221,29.5276,7.48032,-23.6221,29.5276,17.3228,-23.6221,29.5276,17.3228,-23.6221,29.5276,7.48032,-47.2441,29.5276,7.48032,-47.2441,29.5276,17.3228,-47.2441,-59.0549,7.4803,-47.2441,-29.5276,7.48031,-47.2441,-29.5276,17.3228,-47.2441,-59.0549,17.3228,47.2441,-59.0549,17.3228,47.2441,-59.0549,7.4803,47.2441,-59.0549,-1.98292e-05,59.055,-59.0549,-1.98292e-05,59.055,-59.0549,17.3228,59.055,59.0549,17.3229,59.055,-59.0549,17.3228,59.055,-59.0549,-1.98292e-05,59.055,59.0549,1.98292e-05,59.055,59.0549,17.3229,47.2441,59.0549,17.3229,47.2441,29.5276,17.3228,23.6221,29.5276,17.3228,23.6221,-29.5276,17.3228,47.2441,-29.5276,17.3228,47.2441,-59.0549,17.3228,59.055,-59.0549,17.3228,59.055,59.0549,1.98292e-05,47.2441,59.0549,1.92425e-05,47.2441,59.0549,7.48033,47.2441,59.0549,17.3229,59.055,59.0549,17.3229,47.2441,29.5276,17.3228,47.2441,29.5276,7.48032,23.6221,29.5276,7.48032,23.6221,29.5276,17.3228,23.6221,29.5276,7.48032,23.6221,-29.5276,7.48031,23.6221,-29.5276,17.3228,23.6221,29.5276,17.3228,23.6221,-29.5276,7.48031,47.2441,-29.5276,7.48031,47.2441,-29.5276,17.3228,23.6221,-29.5276,17.3228,47.2441,-59.0549,7.4803,47.2441,-59.0549,17.3228,47.2441,-29.5276,17.3228,47.2441,-29.5276,7.48031,47.2441,59.0549,7.48033,47.2441,29.5276,7.48032,47.2441,29.5276,17.3228,47.2441,59.0549,17.3229]},"normal":{"type":"float32","components":3,"data":[-5.70874e-08,1,2.55312e-07,0,1,3.87573e-07,-2.32918e-07,1,1.08077e-07,-1.23044e-07,1,1.3632e-07,2.18765e-14,1,2.20212e-07,-1,0,0,-1,0,0,-1,0,0,-1,0,0,3.74598e-08,-2.82875e-07,1,0,-2.58384e-07,1,1.89239e-07,-3.77142e-07,1,0,-3.87573e-07,1,0,-3.87573e-07,1,-4.03384e-07,-3.05081e-07,1,-4.09863e-08,-3.1888e-07,1,0,-3.22979e-07,1,1,0,0,1,0,0,1,0,0,1,0,0,1.27456e-07,-1,-3.69027e-07,0,-1,0,3.33693e-07,-1,-5.26875e-07,1.87027e-07,-1,-5.6794e-07,0,-1,-4.40424e-07,0,-1,0,0,-1,0,0,-1,0,0,-1,0,1,0,0,1,0,0,1,0,0,1,0,0,0,1,0,0,1,0,0,1,0,0,1,0,1,0,0,1,0,0,1,0,0,1,0,0,0,-1,-4.40424e-07,-1,0,0,0,-1,-4.40424e-07,0,-1,-4.40424e-07,0,-1,-4.40424e-07,1,0,0,1,0,0,1,0,0,1,0,0,3.74591e-08,-2.82875e-07,1,0,-2.58384e-07,1,1.89238e-07,-3.77142e-07,1,0,-3.87573e-07,1,0,-3.87573e-07,1,-4.03384e-07,-3.05081e-07,1,-4.09861e-08,-3.1888e-07,1,0,-3.22979e-07,1,6.37278e-08,1,1.84513e-07,0,1,0,1.66846e-07,1,2.63437e-07,9.35132e-08,1,2.8397e-07,0,1,2.20212e-07,0,1,0,0,1,0,0,1,0,0,1,0,-1,0,0,-1,0,0,-1,0,0,-1,0,0,0,-1,0,0,-1,0,0,-1,0,0,-1,0,-1,0,0,-1,0,0,-1,0,0,-1,0,0,-1,0,0,-1,0,0,-1,0,0,-1,0,0]},"texCoord0":{"type":"float32","components":2,"data":[0.313769,0.11129,0.313769,0.111296,0.313774,0.111296,0.313778,0.111296,0.313778,0.11129,0.31378,0.111316,0.31378,0.111238,0.313769,0.111238,0.313769,0.111316,0.113766,0.501556,0.113773,0.501556,0.113773,0.501573,0.113786,0.501573,0.113786,0.501607,0.113773,0.501607,0.113773,0.501624,0.113766,0.501624,0.313778,0.111242,0.313778,0.111258,0.313773,0.111258,0.313773,0.111242,0.313778,0.11129,0.313778,0.111296,0.313774,0.111296,0.313769,0.111296,0.313769,0.11129,0.313774,0.111296,0.313774,0.111309,0.313769,0.111309,0.313769,0.111296,0.313778,0.11129,0.313773,0.11129,0.313773,0.111258,0.313778,0.111258,0.313769,0.111309,0.313774,0.111309,0.313774,0.111296,0.313769,0.111296,0.313773,0.111306,0.313773,0.11129,0.313778,0.11129,0.313778,0.111306,0.313769,0.111263,0.313774,0.111263,0.313778,0.111263,0.313778,0.11127,0.313769,0.11127,0.313769,0.111316,0.313769,0.111238,0.31378,0.111238,0.31378,0.111316,0.113766,0.501556,0.113773,0.501556,0.113773,0.501573,0.113786,0.501573,0.113786,0.501607,0.113773,0.501607,0.113773,0.501624,0.113766,0.501624,0.313778,0.11127,0.313778,0.111263,0.313774,0.111263,0.313769,0.111263,0.313769,0.11127,0.313769,0.111263,0.313774,0.111263,0.313774,0.111251,0.313769,0.111251,0.313773,0.111258,0.313773,0.11129,0.313778,0.11129,0.313778,0.111258,0.313774,0.111251,0.313774,0.111263,0.313769,0.111263,0.313769,0.111251,0.313773,0.111306,0.313778,0.111306,0.313778,0.11129,0.313773,0.11129,0.313773,0.111242,0.313773,0.111258,0.313778,0.111258,0.313778,0.111242]}}],"meshes":[{"aabb":{"min":[-59.055,-59.0549,-2.15892e-05],"max":[59.055,59.0549,17.3229]},"vertices":0,"indices":[0,1,2,0,2,3,0,3,4,5,6,7,7,8,5,9,10,11,11,12,13,11,13,14,9,11,14,9,14,15,9,15,16,17,18,19,19,20,17,21,22,23,21,23,24,21,24,25,26,27,28,28,29,26,30,31,32,32,33,30,34,35,36,36,37,34,38,39,40,40,41,38,42,43,44,42,44,45,42,45,46,47,48,49,49,50,47,51,52,53,53,54,55,53,55,56,51,53,56,51,56,57,51,57,58,59,60,61,59,61,62,59,62,63,64,65,66,66,67,64,68,69,70,70,71,68,72,73,74,74,75,72,76,77,78,78,79,76,80,81,82,82,83,80],"type":"triangles","base":0,"count":144}],"meshInstances":[{"node":1,"mesh":0}]}}