{"model":{"version":3,"nodes":[{"name":"RootNode","position":[0,0,0],"rotation":[0,0,0],"scale":[0.0254,0.0254,0.0254],"scaleCompensation":false},{"name":"Mesh1 Wall_left Model 180","position":[0,0,0],"rotation":[-90,0,0],"scale":[1,1,1],"scaleCompensation":false}],"parents":[-1,0],"skins":[],"morphs":[],"vertices":[{"position":{"type":"float32","components":3,"data":[59.055,-59.0549,17.3228,47.2441,-59.0549,17.3228,47.2441,-59.0549,7.48031,47.2441,-59.0549,-5.86662e-07,59.055,-59.0549,-3.63798e-12,59.055,-59.0549,-3.63798e-12,59.055,59.0549,-1.75998e-06,59.055,59.0549,17.3228,59.055,-59.0549,17.3228,47.2441,49.2126,17.3228,47.2441,-59.0549,17.3228,59.055,-59.0549,17.3228,59.055,59.0549,17.3228,47.2441,-59.0549,7.48031,47.2441,-59.0549,17.3228,47.2441,49.2126,17.3228,47.2441,49.2126,7.48031,59.055,59.0549,17.3228,59.055,59.0549,-1.75998e-06,4.2238e-06,59.0551,-5.8666e-07,4.2238e-06,59.0551,7.48031,4.2238e-06,59.0551,17.3228,4.2238e-06,59.0551,7.48031,3.90979e-07,49.2126,7.48031,3.90981e-07,49.2126,17.3228,4.2238e-06,59.0551,17.3228,3.90979e-07,49.2126,7.48031,47.2441,49.2126,7.48031,47.2441,49.2126,17.3228,3.90981e-07,49.2126,17.3228,-59.055,59.0549,17.3228,-47.2441,59.0549,17.3228,-47.2441,59.0549,7.48031,-47.2441,59.0549,-1.75998e-06,-59.055,59.0549,-2.34664e-06,-59.055,-59.0549,17.3228,-59.055,59.0549,17.3228,-59.055,59.0549,-2.34664e-06,-59.055,-59.0549,4.54747e-12,-59.055,59.0549,17.3228,-59.055,-59.0549,17.3228,-47.2441,-59.0549,17.3228,-47.2441,59.0549,17.3228,-47.2441,-59.0549,7.48031,-47.2441,59.0549,7.48031,-47.2441,59.0549,17.3228,-47.2441,-59.0549,17.3228,-59.055,-59.0549,17.3228,-59.055,-59.0549,4.54747e-12,-47.2441,-59.0549,-5.86656e-07,-47.2441,-59.0549,7.48031,-47.2441,-59.0549,17.3228,59.055,59.0549,17.3228,4.2238e-06,59.0551,17.3228,3.90981e-07,49.2126,17.3228,47.2441,49.2126,17.3228]},"normal":{"type":"float32","components":3,"data":[8.57632e-08,-1,-4.2673e-07,3.22981e-07,-1,-7.75146e-07,-1.4285e-07,-1,-2.16155e-07,-1.23044e-07,-1,-1.3632e-07,1.09381e-14,-1,-2.20212e-07,1,6.45958e-08,1.2906e-14,1,6.45958e-08,0,1,6.45958e-08,1.31878e-15,1,6.45958e-08,1.42248e-14,0,0,1,0,0,1,0,0,1,0,0,1,-1,3.87574e-07,2.83087e-13,-1,3.87574e-07,3.00427e-13,-1,3.87574e-07,1.73393e-14,-1,3.87574e-07,0,3.61736e-06,1,-7.02865e-20,3.61736e-06,1,0,3.61736e-06,1,0,3.61736e-06,1,-2.99118e-19,3.61736e-06,1,-6.68522e-19,-1,3.89415e-07,1.84809e-13,-1,3.89415e-07,1.84809e-13,-1,3.89415e-07,1.84809e-13,-1,3.89415e-07,1.84809e-13,-4.03722e-07,-1,6.48555e-20,-4.03722e-07,-1,0,-4.03722e-07,-1,9.75612e-21,-4.03722e-07,-1,7.46116e-20,0,1,0,0,1,0,0,1,0,0,1,0,0,1,0,-1,0,0,-1,0,0,-1,0,0,-1,0,0,0,0,1,0,0,1,0,0,1,0,0,1,1,-3.87575e-07,0,1,-3.87575e-07,0,1,-3.87575e-07,0,1,-3.87575e-07,0,0,-1,0,0,-1,0,0,-1,0,0,-1,0,0,-1,0,0,0,1,0,0,1,0,0,1,0,0,1]},"texCoord0":{"type":"float32","components":2,"data":[0.313769,0.111272,0.313769,0.111279,0.313774,0.111279,0.313778,0.111279,0.313778,0.111272,0.313769,0.11124,0.313769,0.111305,0.313778,0.111305,0.313778,0.11124,0.113774,0.501624,0.113774,0.50154,0.113765,0.50154,0.113765,0.501631,0.313773,0.11124,0.313778,0.11124,0.313778,0.111299,0.313773,0.111299,0.313769,0.111272,0.313778,0.111272,0.313778,0.111304,0.313774,0.111304,0.313769,0.111304,0.313784,0.111311,0.313784,0.111311,0.313784,0.111311,0.313784,0.111311,0.313774,0.111304,0.313774,0.111279,0.313769,0.111279,0.313769,0.111304,0.313769,0.111261,0.313769,0.111255,0.313774,0.111255,0.313778,0.111255,0.313778,0.111261,0.313778,0.11124,0.313778,0.111305,0.313769,0.111305,0.313769,0.11124,0.113774,0.501538,0.113774,0.501637,0.113765,0.501637,0.113765,0.501538,0.313773,0.11124,0.313773,0.111305,0.313778,0.111305,0.313778,0.11124,0.313769,0.111261,0.313778,0.111261,0.313778,0.111255,0.313774,0.111255,0.313769,0.111255,0.113765,0.501558,0.113765,0.501613,0.113774,0.501613,0.113774,0.501569]}}],"meshes":[{"aabb":{"min":[-59.055,-59.0549,-2.34664e-06],"max":[59.055,59.0551,17.3228]},"vertices":0,"indices":[0,1,2,0,2,3,0,3,4,5,6,7,7,8,5,9,10,11,11,12,9,13,14,15,15,16,13,17,18,19,17,19,20,17,20,21,22,23,24,24,25,22,26,27,28,28,29,26,30,31,32,30,32,33,30,33,34,35,36,37,37,38,35,39,40,41,41,42,39,43,44,45,45,46,43,47,48,49,47,49,50,47,50,51,52,53,54,54,55,52],"type":"triangles","base":0,"count":90}],"meshInstances":[{"node":1,"mesh":0}]}}