{"model":{"version":3,"nodes":[{"name":"RootNode","position":[0,0,0],"rotation":[0,0,0],"scale":[0.0254,0.0254,0.0254],"scaleCompensation":false},{"name":"indicador-hoyo","position":[0,7.96667,0],"rotation":[-90,-0,0],"scale":[0.93323,0.93323,1],"scaleCompensation":false}],"parents":[-1,0],"skins":[],"morphs":[],"vertices":[{"position":{"type":"float32","components":3,"data":[-8.35186e-07,20.611,-5.00679e-05,4.5637,15.5425,-5.00679e-05,5.8068,19.7762,-5.00679e-05,-7.08067e-07,16.1987,-5.00679e-05,5.8068,19.7762,-5.00679e-05,8.75767,13.6272,-5.00679e-05,11.1432,17.3391,-5.00679e-05,4.5637,15.5425,-5.00679e-05,11.1432,17.3391,-5.00679e-05,12.2421,10.6079,-5.00679e-05,15.5768,13.4974,-5.00679e-05,8.75767,13.6272,-5.00679e-05,15.5768,13.4974,-5.00679e-05,14.7348,6.72917,-5.00679e-05,18.7485,8.56214,-5.00679e-05,12.2421,10.6079,-5.00679e-05,18.7485,8.56214,-5.00679e-05,16.0338,2.30531,-5.00679e-05,20.4013,2.93326,-5.00679e-05,14.7348,6.72917,-5.00679e-05,20.4013,2.93326,-5.00679e-05,16.0338,-2.30531,-5.00679e-05,20.4013,-2.93326,-5.00679e-05,16.0338,2.30531,-5.00679e-05,20.4013,-2.93326,-5.00679e-05,14.7348,-6.72918,-5.00679e-05,18.7485,-8.56214,-5.00679e-05,16.0338,-2.30531,-5.00679e-05,18.7485,-8.56214,-5.00679e-05,12.2421,-10.6079,-5.00679e-05,15.5768,-13.4974,-5.00679e-05,14.7348,-6.72918,-5.00679e-05,15.5768,-13.4974,-5.00679e-05,8.75767,-13.6272,-5.00679e-05,11.1432,-17.3391,-5.00679e-05,12.2421,-10.6079,-5.00679e-05,11.1432,-17.3391,-5.00679e-05,4.56369,-15.5425,-5.00679e-05,5.8068,-19.7762,-5.00679e-05,8.75767,-13.6272,-5.00679e-05,5.8068,-19.7762,-5.00679e-05,-2.6391e-06,-16.1987,-5.00679e-05,-3.29221e-06,-20.611,-5.00679e-05,4.56369,-15.5425,-5.00679e-05,-3.29221e-06,-20.611,-5.00679e-05,-4.5637,-15.5425,-5.00679e-05,-5.80681,-19.7761,-5.00679e-05,-2.6391e-06,-16.1987,-5.00679e-05,-5.80681,-19.7761,-5.00679e-05,-8.75767,-13.6272,-5.00679e-05,-11.1432,-17.3391,-5.00679e-05,-4.5637,-15.5425,-5.00679e-05,-11.1432,-17.3391,-5.00679e-05,-12.2422,-10.6079,-5.00679e-05,-15.5768,-13.4974,-5.00679e-05,-8.75767,-13.6272,-5.00679e-05,-15.5768,-13.4974,-5.00679e-05,-14.7348,-6.72917,-5.00679e-05,-18.7485,-8.56213,-5.00679e-05,-12.2422,-10.6079,-5.00679e-05,-18.7485,-8.56213,-5.00679e-05,-16.0338,-2.30531,-5.00679e-05,-20.4013,-2.93325,-5.00679e-05,-14.7348,-6.72917,-5.00679e-05,-20.4013,-2.93325,-5.00679e-05,-16.0338,2.30531,-5.00679e-05,-20.4013,2.93326,-5.00679e-05,-16.0338,-2.30531,-5.00679e-05,-20.4013,2.93326,-5.00679e-05,-14.7348,6.72917,-5.00679e-05,-18.7485,8.56214,-5.00679e-05,-16.0338,2.30531,-5.00679e-05,-18.7485,8.56214,-5.00679e-05,-12.2421,10.6079,-5.00679e-05,-15.5768,13.4974,-5.00679e-05,-14.7348,6.72917,-5.00679e-05,-15.5768,13.4974,-5.00679e-05,-8.75767,13.6272,-5.00679e-05,-11.1432,17.3391,-5.00679e-05,-12.2421,10.6079,-5.00679e-05,-11.1432,17.3391,-5.00679e-05,-4.5637,15.5425,-5.00679e-05,-5.80681,19.7761,-5.00679e-05,-8.75767,13.6272,-5.00679e-05,-5.80681,19.7761,-5.00679e-05,-7.08067e-07,16.1987,-5.00679e-05,-8.35186e-07,20.611,-5.00679e-05,-4.5637,15.5425,-5.00679e-05]},"normal":{"type":"float32","components":3,"data":[0,0,1,0,0,1,0,0,1,0,0,1,0,0,1,0,0,1,0,0,1,0,0,1,0,0,1,0,0,1,0,0,1,0,0,1,0,0,1,0,0,1,0,0,1,0,0,1,0,0,1,0,0,1,0,0,1,0,0,1,0,0,1,0,0,1,0,0,1,0,0,1,0,0,1,0,0,1,0,0,1,0,0,1,0,0,1,0,0,1,0,0,1,0,0,1,0,0,1,0,0,1,0,0,1,0,0,1,0,0,1,0,0,1,0,0,1,0,0,1,0,0,1,0,0,1,0,0,1,0,0,1,0,0,1,0,0,1,0,0,1,0,0,1,0,0,1,0,0,1,0,0,1,0,0,1,0,0,1,0,0,1,0,0,1,0,0,1,0,0,1,0,0,1,0,0,1,0,0,1,0,0,1,0,0,1,0,0,1,0,0,1,0,0,1,0,0,1,0,0,1,0,0,1,0,0,1,0,0,1,0,0,1,0,0,1,0,0,1,0,0,1,0,0,1,0,0,1,0,0,1,0,0,1,0,0,1,0,0,1,0,0,1,0,0,1,0,0,1,0,0,1,0,0,1,0,0,1,0,0,1,0,0,1]},"texCoord0":{"type":"float32","components":2,"data":[0.50257,0.71013,0.511212,0.711702,0.50257,0.711702,0.511212,0.71013,0.475987,0.069923,0.476012,0.0699276,0.475987,0.0699276,0.476012,0.069923,0.50257,0.713273,0.511212,0.714844,0.50257,0.714844,0.511212,0.713273,0.475987,0.0699322,0.476012,0.0699367,0.475987,0.0699367,0.476012,0.0699322,0.50257,0.716416,0.511212,0.717987,0.50257,0.717987,0.511212,0.716416,0.475987,0.0699412,0.476012,0.0699458,0.475987,0.0699458,0.476012,0.0699412,0.50257,0.719558,0.511212,0.721129,0.50257,0.721129,0.511212,0.719558,0.475987,0.0699503,0.476012,0.0699549,0.475987,0.0699549,0.476012,0.0699503,0.50257,0.722701,0.511212,0.724272,0.50257,0.724272,0.511212,0.722701,0.475987,0.0699594,0.476012,0.069964,0.475987,0.069964,0.476012,0.0699594,0.50257,0.725843,0.511212,0.727414,0.50257,0.727414,0.511212,0.725843,0.475987,0.0699685,0.476012,0.0699731,0.475987,0.0699731,0.476012,0.0699685,0.50257,0.728986,0.511212,0.730557,0.50257,0.730557,0.511212,0.728986,0.475987,0.0699776,0.476012,0.0699822,0.475987,0.0699822,0.476012,0.0699776,0.50257,0.732128,0.511212,0.733699,0.50257,0.733699,0.511212,0.732128,0.475987,0.0699867,0.476012,0.0699912,0.475987,0.0699912,0.476012,0.0699867,0.50257,0.735271,0.511212,0.736842,0.50257,0.736842,0.511212,0.735271,0.475987,0.0699958,0.476012,0.0700004,0.475987,0.0700004,0.476012,0.0699958,0.50257,0.738413,0.511212,0.739984,0.50257,0.739984,0.511212,0.738413,0.475987,0.0700049,0.476012,0.0700094,0.475987,0.0700094,0.476012,0.0700049,0.50257,0.741556,0.511212,0.743127,0.50257,0.743127,0.511212,0.741556,0.475987,0.0700139,0.476012,0.0700185,0.475987,0.0700185,0.476012,0.0700139]}}],"meshes":[{"aabb":{"min":[-20.4013,-20.611,-5.00679e-05],"max":[20.4013,20.611,-5.00679e-05]},"vertices":0,"indices":[4,5,6,4,7,5,12,13,14,12,15,13,20,21,22,20,23,21,28,29,30,28,31,29,36,37,38,36,39,37,44,45,46,44,47,45,52,53,54,52,55,53,60,61,62,60,63,61,68,69,70,68,71,69,76,77,78,76,79,77,84,85,86,84,87,85],"type":"triangles","base":0,"count":66},{"aabb":{"min":[-20.4013,-20.611,-5.00679e-05],"max":[20.4013,20.611,-5.00679e-05]},"vertices":0,"indices":[0,1,2,0,3,1,8,9,10,8,11,9,16,17,18,16,19,17,24,25,26,24,27,25,32,33,34,32,35,33,40,41,42,40,43,41,48,49,50,48,51,49,56,57,58,56,59,57,64,65,66,64,67,65,72,73,74,72,75,73,80,81,82,80,83,81],"type":"triangles","base":0,"count":66}],"meshInstances":[{"node":1,"mesh":0},{"node":1,"mesh":1}]}}