{"model":{"version":3,"nodes":[{"name":"RootNode","position":[0,0,0],"rotation":[0,0,0],"scale":[0.0254,0.0254,0.0254],"scaleCompensation":false},{"name":"LEVEL15-rampaborde","position":[0,0,0],"rotation":[-90,-0,0],"scale":[0.3937,0.3937,0.3937],"scaleCompensation":false}],"parents":[-1,0],"skins":[],"morphs":[],"vertices":[{"position":{"type":"float32","components":3,"data":[-2389.55,-803.905,-1136.4,-2359.14,-803.905,-1136.4,-2359.14,-803.905,-1077.4,-2389.55,-803.905,-1136.4,-2359.14,-803.905,-1077.4,-2389.55,-803.905,-1077.4,-2389.55,-803.905,-1077.4,-2389.55,-503.906,-1209.2,-2389.55,-503.906,-1268.2,-2389.55,-503.906,-1268.2,-2389.55,-803.905,-1136.4,-2389.55,-803.905,-1077.4,-2389.55,-803.905,-1077.4,-2359.14,-803.905,-1077.4,-2359.14,-503.906,-1209.2,-2359.14,-503.906,-1209.2,-2389.55,-503.906,-1209.2,-2389.55,-803.905,-1077.4,-2359.14,-803.905,-1136.4,-2359.14,-503.905,-1249,-2359.14,-503.906,-1209.2,-2359.14,-803.905,-1077.4,-1488.57,-803.905,-1077,-1519.14,-803.905,-1077,-1519.14,-803.905,-1136,-1488.57,-803.905,-1077,-1519.14,-803.905,-1136,-1488.57,-803.905,-1136,-1488.57,-503.905,-1268,-1488.57,-503.907,-1209,-1488.57,-803.905,-1077,-1488.57,-803.905,-1077,-1488.57,-803.905,-1136,-1488.57,-503.905,-1268,-1519.14,-503.907,-1209,-1519.14,-803.905,-1077,-1488.57,-803.905,-1077,-1488.57,-803.905,-1077,-1488.57,-503.907,-1209,-1519.14,-503.907,-1209,-1519.14,-503.907,-1209,-1519.14,-503.907,-1249,-1519.14,-803.905,-1136,-1519.14,-803.905,-1077,-2389.55,-503.906,-1268.2,-2389.55,-503.906,-1209.2,-2359.14,-503.906,-1209.2,-2359.14,-503.906,-1209.2,-2359.14,-503.905,-1249,-2389.55,-503.906,-1268.2,-1519.14,-503.907,-1249,-1519.14,-503.907,-1209,-1488.57,-503.907,-1209,-1488.57,-503.907,-1209,-1488.57,-503.905,-1268,-1519.14,-503.907,-1249]},"normal":{"type":"float32","components":3,"data":[0,-1,-2.06899e-06,0,-1,-2.06899e-06,0,-1,-2.06899e-06,-4.01381e-06,-1,-4.98271e-11,-4.01381e-06,-1,-4.98271e-11,-4.01381e-06,-1,-4.98271e-11,-1,-2.82211e-06,-8.27595e-06,-1,-2.82211e-06,-8.27595e-06,-1,-2.82211e-06,-8.27595e-06,-1,-5.45387e-06,-1.24139e-05,-1,-5.45387e-06,-1.24139e-05,-1,-5.45387e-06,-1.24139e-05,1.61446e-06,0.402228,0.91554,1.61446e-06,0.402228,0.91554,1.61446e-06,0.402228,0.91554,-8.07239e-07,0.402228,0.91554,-8.07239e-07,0.402228,0.91554,-8.07239e-07,0.402228,0.91554,1,0,0,1,0,0,1,0,0,1,0,0,3.99316e-06,-1,-2.06899e-06,3.99316e-06,-1,-2.06899e-06,3.99316e-06,-1,-2.06899e-06,0,-1,0,0,-1,0,0,-1,0,1,-1.82074e-06,-4.13802e-06,1,-1.82074e-06,-4.13802e-06,1,-1.82074e-06,-4.13802e-06,1,-1.82071e-06,-4.13799e-06,1,-1.82071e-06,-4.13799e-06,1,-1.82071e-06,-4.13799e-06,-1.60821e-06,0.40274,0.915314,-1.60821e-06,0.40274,0.915314,-1.60821e-06,0.40274,0.915314,4.02052e-07,0.40274,0.915314,4.02052e-07,0.40274,0.915314,4.02052e-07,0.40274,0.915314,-1,0,0,-1,0,0,-1,0,0,-1,0,0,-2.00692e-06,1,-1.66092e-11,-2.00692e-06,1,-1.66092e-11,-2.00692e-06,1,-1.66092e-11,-3.91961e-05,1,1.91694e-05,-3.91961e-05,1,1.91694e-05,-3.91961e-05,1,1.91694e-05,9.98291e-07,1,0,9.98291e-07,1,0,9.98291e-07,1,0,-3.35191e-05,1,2.63797e-05,-3.35191e-05,1,2.63797e-05,-3.35191e-05,1,2.63797e-05]},"texCoord0":{"type":"float32","components":2,"data":[0.442184,0.133693,0.437981,0.12694,0.432288,0.12694,0.442184,0.133693,0.432288,0.12694,0.432288,0.133693,0.442185,0.0569488,0.442186,0.137009,0.432234,0.141341,0.432234,0.141341,0.432238,0.0612807,0.442185,0.0569488,0.885673,0.694586,0.875152,0.694586,0.875152,0.584178,0.875152,0.584178,0.885673,0.584178,0.885673,0.694586,0.436578,0.0596468,0.436582,0.139282,0.442188,0.136837,0.442189,0.0572021,0.432288,0.0661657,0.432288,0.0729184,0.437981,0.0729184,0.432288,0.0661657,0.442184,0.0729184,0.442184,0.0661657,0.432227,0.141456,0.442188,0.137124,0.442187,0.0570635,0.442187,0.0570635,0.432231,0.0613953,0.432227,0.141456,0.885673,0.584178,0.885673,0.694586,0.875152,0.694586,0.875152,0.694586,0.875152,0.584178,0.885673,0.584178,0.442185,0.137001,0.436593,0.139446,0.436589,0.059811,0.442186,0.0573663,0.436582,0.139282,0.442188,0.136837,0.442188,0.136837,0.442188,0.136837,0.436582,0.139282,0.436582,0.139282,0.432227,0.141456,0.442188,0.137124,0.442188,0.137124,0.442188,0.137124,0.432227,0.141456,0.432227,0.141456]}}],"meshes":[{"aabb":{"min":[-2389.55,-803.905,-1268.2],"max":[-1488.57,-503.905,-1077]},"vertices":0,"indices":[18,19,20,20,21,18,28,29,30,31,32,33,44,45,46,47,48,49,50,51,52,53,54,55],"type":"triangles","base":0,"count":24},{"aabb":{"min":[-2389.55,-803.905,-1268.2],"max":[-1488.57,-503.905,-1077]},"vertices":0,"indices":[0,1,2,3,4,5,6,7,8,9,10,11,12,13,14,15,16,17,22,23,24,25,26,27,34,35,36,37,38,39,40,41,42,42,43,40],"type":"triangles","base":0,"count":36}],"meshInstances":[{"node":1,"mesh":0},{"node":1,"mesh":1}]}}