{"model":{"version":3,"nodes":[{"name":"RootNode","position":[0,0,0],"rotation":[0,0,0],"scale":[0.0254,0.0254,0.0254],"scaleCompensation":false},{"name":"barraestirada","position":[0,0,0],"rotation":[-90,-0,0],"scale":[1,1,1],"scaleCompensation":false}],"parents":[-1,0],"skins":[],"morphs":[],"vertices":[{"position":{"type":"float32","components":3,"data":[-2.8041,-30.8389,-0.00796106,-2.99809,-32.462,-0.00796,-6.95925e-10,-28.8086,-0.00796046,-6.95926e-10,-30.2119,-0.00796046,2.8041,-30.8389,-0.00796055,2.99809,-32.462,-0.00796053,-2.63052,-29.2162,-0.00796122,-6.95925e-10,-27.3938,-0.00796046,2.63052,-29.2162,-0.00796043,-2.47737,-27.5934,-0.00796078,-6.95925e-10,-25.9677,-0.00796046,2.47737,-27.5934,-0.00796033,-2.34463,-25.9704,-0.00796022,-6.95925e-10,-24.5302,-0.00796046,2.34463,-25.9704,-0.00796035,-2.23232,-24.3473,-0.00795998,-6.95925e-10,-23.0815,-0.00796046,2.23232,-24.3473,-0.00796037,-2.14043,-22.7242,-0.00795994,-6.95925e-10,-21.6216,-0.00796046,2.14043,-22.7242,-0.00796057,-2.06896,-21.1011,-0.00796053,-6.95926e-10,-20.1503,-0.00796046,2.06896,-21.1011,-0.00796064,-2.01791,-19.4779,-0.0079604,-6.95926e-10,-18.6678,-0.00796047,2.01791,-19.4779,-0.00796051,-1.98728,-17.8547,-0.00796087,-6.95927e-10,-17.174,-0.00796048,1.98728,-17.8547,-0.00796074,-1.97707,-16.2316,-0.00796146,-6.95928e-10,-15.669,-0.00796049,1.97707,-16.2316,-0.00796039,-1.98728,-14.6084,-0.00796089,-6.95929e-10,-14.1527,-0.0079605,1.98728,-14.6084,-0.00796077,-2.01791,-12.9852,-0.00796044,-6.95929e-10,-12.6251,-0.0079605,2.01791,-12.9852,-0.00796055,-2.06897,-11.362,-0.00796057,-6.95929e-10,-11.0864,-0.0079605,2.06897,-11.362,-0.00796068,-2.14044,-9.73887,-0.00795999,-6.95929e-10,-9.53634,-0.0079605,2.14044,-9.73886,-0.00796061,-2.23233,-8.11573,-0.00796003,-6.95929e-10,-7.97509,-0.0079605,2.23233,-8.11573,-0.00796042,-2.34464,-6.49262,-0.00796026,-6.95929e-10,-6.40261,-0.0079605,2.34464,-6.49262,-0.00796039,-2.47738,-4.86954,-0.00796082,-6.95929e-10,-4.81891,-0.0079605,2.47738,-4.86954,-0.00796037,-2.63053,-3.24653,-0.00796126,-6.95929e-10,-3.22403,-0.0079605,2.63053,-3.24653,-0.00796047,-2.80411,-1.62363,-0.0079611,-6.95929e-10,-1.61801,-0.0079605,2.80411,-1.62363,-0.00796059,-2.9981,-0.000982761,-0.00796004,-6.95929e-10,-0.000982761,-0.0079605,2.9981,-0.000982761,-0.00796056]},"normal":{"type":"float32","components":3,"data":[-6.42655e-07,5.71275e-07,1,-4.84746e-07,5.22197e-07,1,-8.94049e-08,2.29565e-08,1,9.2788e-08,4.15515e-10,1,1.93647e-08,-1.05857e-08,1,3.56604e-08,1.68861e-08,1,-2.98221e-07,4.94938e-08,1,-1.62491e-07,-4.1196e-10,1,-3.16688e-08,-6.45194e-08,1,8.80415e-08,-2.70142e-07,1,-9.80597e-08,-1.27065e-08,1,-5.42161e-08,-3.57038e-08,1,3.02334e-07,-2.93226e-07,1,1.8079e-08,-1.91259e-08,1,-4.42192e-08,8.89677e-09,1,2.85737e-07,-1.20473e-07,1,1.08417e-07,4.94661e-09,1,-1.5965e-08,4.5661e-08,1,1.63652e-07,5.01563e-08,1,1.5509e-07,5.04505e-09,1,5.19054e-08,7.43454e-08,1,-1.21059e-07,2.23193e-07,1,2.8125e-08,1.97157e-08,1,7.02015e-08,-6.64662e-09,1,-1.95473e-08,1.53223e-08,1,5.08195e-08,1.5286e-08,1,5.47813e-08,2.21019e-08,1,-3.51714e-07,2.65865e-07,1,-5.57354e-08,3.22157e-09,1,8.44062e-08,-2.8397e-08,1,-4.63125e-07,1.32669e-07,1,-2.05357e-07,6.63699e-08,1,1.78519e-08,1.98113e-08,1,-8.17423e-08,-2.70318e-07,1,-8.21903e-08,-4.65985e-08,1,8.19117e-08,2.01444e-08,1,3.93612e-08,-1.32868e-07,1,1.57584e-08,-1.78626e-08,1,5.57921e-08,-7.96154e-09,1,4.75079e-08,-5.5546e-08,1,2.86684e-08,2.47306e-09,1,6.93228e-08,4.13171e-09,1,2.4751e-07,-1.67113e-07,1,9.74221e-08,-4.76676e-08,1,5.66055e-08,-7.39144e-08,1,1.74363e-07,6.54399e-08,1,8.96122e-08,2.41069e-09,1,-1.35224e-08,-4.35277e-08,1,2.09116e-08,1.83067e-07,1,4.24324e-08,1.37239e-08,1,-4.34627e-08,-9.24667e-09,1,-1.89478e-07,2.44441e-07,1,-5.00984e-08,3.79438e-08,1,-4.99782e-08,3.16978e-08,1,-2.64924e-07,7.12557e-08,1,-1.19097e-07,2.87801e-08,1,-2.28704e-08,5.90341e-08,1,-7.83696e-08,-2.93017e-07,1,-1.05697e-07,-1.24665e-08,1,1.88648e-08,1.1885e-08,1,1.53765e-07,-6.36495e-07,1,-3.52131e-08,-1.06283e-07,1,2.79736e-08,-1.2701e-08,1]},"texCoord0":{"type":"float32","components":2,"data":[0.0326607,-3.08822,0.0326607,-3.48691,0.50006,-3.08822,0.50006,-3.48691,0.967459,-3.08822,0.967459,-3.48691,0.0326607,-2.68953,0.50006,-2.68953,0.967459,-2.68953,0.0326607,-2.29084,0.50006,-2.29084,0.967459,-2.29084,0.0326607,-1.89215,0.50006,-1.89215,0.967459,-1.89215,0.0326607,-1.49346,0.50006,-1.49346,0.967459,-1.49346,0.0326607,-1.09477,0.50006,-1.09477,0.967459,-1.09477,0.0326607,-0.696074,0.50006,-0.696074,0.967459,-0.696074,0.0326607,-0.297382,0.50006,-0.297382,0.967459,-0.297382,0.0326607,0.10131,0.50006,0.10131,0.967459,0.10131,0.0326607,0.500001,0.50006,0.500001,0.967459,0.500001,0.0326607,0.898693,0.50006,0.898693,0.967459,0.898693,0.0326607,1.29738,0.50006,1.29738,0.967459,1.29738,0.0326607,1.69608,0.50006,1.69608,0.967459,1.69608,0.0326607,2.09477,0.50006,2.09477,0.967459,2.09477,0.0326607,2.49346,0.50006,2.49346,0.967459,2.49346,0.0326607,2.89215,0.50006,2.89215,0.967459,2.89215,0.0326607,3.29084,0.50006,3.29084,0.967459,3.29084,0.0326607,3.68953,0.50006,3.68953,0.967459,3.68953,0.0326607,4.08823,0.50006,4.08823,0.967459,4.08823,0.0326607,4.48692,0.50006,4.48692,0.967459,4.48692]}}],"meshes":[{"aabb":{"min":[-2.9981,-32.462,-0.00796146],"max":[2.9981,-0.000982761,-0.00795994]},"vertices":0,"indices":[0,1,2,3,2,1,2,3,4,5,4,3,6,0,7,2,7,0,7,2,8,4,8,2,9,6,10,7,10,6,10,7,11,8,11,7,12,9,13,10,13,9,13,10,14,11,14,10,15,12,16,13,16,12,16,13,17,14,17,13,18,15,19,16,19,15,19,16,20,17,20,16,21,18,22,19,22,18,22,19,23,20,23,19,24,21,25,22,25,21,25,22,26,23,26,22,27,24,28,25,28,24,28,25,29,26,29,25,30,27,31,28,31,27,31,28,32,29,32,28,33,30,34,31,34,30,34,31,35,32,35,31,36,33,37,34,37,33,37,34,38,35,38,34,39,36,40,37,40,36,40,37,41,38,41,37,42,39,43,40,43,39,43,40,44,41,44,40,45,42,46,43,46,42,46,43,47,44,47,43,48,45,49,46,49,45,49,46,50,47,50,46,51,48,52,49,52,48,52,49,53,50,53,49,54,51,55,52,55,51,55,52,56,53,56,52,57,54,58,55,58,54,58,55,59,56,59,55,60,57,61,58,61,57,61,58,62,59,62,58],"type":"triangles","base":0,"count":240}],"meshInstances":[{"node":1,"mesh":0}]}}