{"model":{"version":3,"nodes":[{"name":"RootNode","position":[0,0,0],"rotation":[0,0,0],"scale":[0.0254,0.0254,0.0254],"scaleCompensation":false},{"name":"LEVEL14-flechas","position":[0,0,0],"rotation":[-90,-0,0],"scale":[0.3937,0.3937,0.3937],"scaleCompensation":false}],"parents":[-1,0],"skins":[],"morphs":[],"vertices":[{"position":{"type":"float32","components":3,"data":[-2810.44,546.635,-1259.66,-2870.42,591.942,-1271.11,-2870.42,501.027,-1271.11,-1610.46,-53.3415,-1266.6,-1670.39,-8.07782,-1275.42,-1670.39,-98.9251,-1275.42,-1610.46,1146.57,-1266.6,-1670.39,1191.87,-1275.42,-1670.39,1101.02,-1275.42,-2718.76,546.635,-1241.81,-2778.73,591.942,-1253.27,-2778.73,501.027,-1253.27,-1518.77,-53.3415,-1253.56,-1578.7,-8.07782,-1262.39,-1578.7,-98.9251,-1262.39,-1518.77,1146.57,-1253.56,-1578.7,1191.87,-1262.39,-1578.7,1101.02,-1262.39,-2899.37,546.635,-1274.17,-2959.35,591.942,-1285.63,-2959.35,501.027,-1285.63,-1699.39,-53.3415,-1279.25,-1759.32,-8.07782,-1288.08,-1759.32,-98.9251,-1288.08,-1699.39,1146.57,-1279.25,-1759.32,1191.87,-1288.08,-1759.32,1101.02,-1288.08,-2804.03,546.645,-1258.43,-2874.25,599.692,-1271.84,-2870.42,591.942,-1271.11,-2870.42,591.942,-1271.11,-2810.44,546.635,-1259.66,-2804.03,546.645,-1258.43,-2874.25,599.692,-1271.84,-2874.25,493.246,-1271.84,-2870.42,501.027,-1271.11,-2870.42,501.027,-1271.11,-2870.42,591.942,-1271.11,-2874.25,599.692,-1271.84,-2874.25,493.246,-1271.84,-2804.03,546.645,-1258.43,-2810.44,546.635,-1259.66,-2810.44,546.635,-1259.66,-2870.42,501.027,-1271.11,-2874.25,493.246,-1271.84,-1604.03,-53.3305,-1265.65,-1674.25,-0.295288,-1275.99,-1670.39,-8.07782,-1275.42,-1670.39,-8.07782,-1275.42,-1610.46,-53.3415,-1266.6,-1604.03,-53.3305,-1265.65,-1674.25,-0.295288,-1275.99,-1674.25,-106.741,-1275.99,-1670.39,-98.9251,-1275.42,-1670.39,-98.9251,-1275.42,-1670.39,-8.07782,-1275.42,-1674.25,-0.295288,-1275.99,-1674.25,-106.741,-1275.99,-1604.03,-53.3305,-1265.65,-1610.46,-53.3415,-1266.6,-1610.46,-53.3415,-1266.6,-1670.39,-98.9251,-1275.42,-1674.25,-106.741,-1275.99,-1604.03,1146.58,-1265.65,-1674.25,1199.66,-1275.99,-1670.39,1191.87,-1275.42,-1670.39,1191.87,-1275.42,-1610.46,1146.57,-1266.6,-1604.03,1146.58,-1265.65,-1674.25,1199.66,-1275.99,-1674.25,1093.21,-1275.99,-1670.39,1101.02,-1275.42,-1670.39,1101.02,-1275.42,-1670.39,1191.87,-1275.42,-1674.25,1199.66,-1275.99,-1674.25,1093.21,-1275.99,-1604.03,1146.58,-1265.65,-1610.46,1146.57,-1266.6,-1610.46,1146.57,-1266.6,-1670.39,1101.02,-1275.42,-1674.25,1093.21,-1275.99,-2712.34,546.645,-1240.59,-2782.56,599.692,-1254,-2778.73,591.942,-1253.27,-2778.73,591.942,-1253.27,-2718.76,546.635,-1241.81,-2712.34,546.645,-1240.59,-2782.56,599.692,-1254,-2782.56,493.246,-1254,-2778.73,501.027,-1253.27,-2778.73,501.027,-1253.27,-2778.73,591.942,-1253.27,-2782.56,599.692,-1254,-2782.56,493.246,-1254,-2712.34,546.645,-1240.59,-2718.76,546.635,-1241.81,-2718.76,546.635,-1241.81,-2778.73,501.027,-1253.27,-2782.56,493.246,-1254,-1512.34,-53.3305,-1252.62,-1582.56,-0.295288,-1262.96,-1578.7,-8.07782,-1262.39,-1578.7,-8.07782,-1262.39,-1518.77,-53.3415,-1253.56,-1512.34,-53.3305,-1252.62,-1582.56,-0.295288,-1262.96,-1582.56,-106.741,-1262.96,-1578.7,-98.9251,-1262.39,-1578.7,-98.9251,-1262.39,-1578.7,-8.07782,-1262.39,-1582.56,-0.295288,-1262.96,-1582.56,-106.741,-1262.96,-1512.34,-53.3305,-1252.62,-1518.77,-53.3415,-1253.56,-1518.77,-53.3415,-1253.56,-1578.7,-98.9251,-1262.39,-1582.56,-106.741,-1262.96,-1512.34,1146.58,-1252.62,-1582.56,1199.66,-1262.96,-1578.7,1191.87,-1262.39,-1578.7,1191.87,-1262.39,-1518.77,1146.57,-1253.56,-1512.34,1146.58,-1252.62,-1582.56,1199.66,-1262.96,-1582.56,1093.21,-1262.96,-1578.7,1101.02,-1262.39,-1578.7,1101.02,-1262.39,-1578.7,1191.87,-1262.39,-1582.56,1199.66,-1262.96,-1582.56,1093.21,-1262.96,-1512.34,1146.58,-1252.62,-1518.77,1146.57,-1253.56,-1518.77,1146.57,-1253.56,-1578.7,1101.02,-1262.39,-1582.56,1093.21,-1262.96,-2892.96,546.645,-1272.95,-2963.18,599.692,-1286.36,-2959.35,591.942,-1285.63,-2959.35,591.942,-1285.63,-2899.37,546.635,-1274.17,-2892.96,546.645,-1272.95,-2963.18,599.692,-1286.36,-2963.18,493.246,-1286.36,-2959.35,501.027,-1285.63,-2959.35,501.027,-1285.63,-2959.35,591.942,-1285.63,-2963.18,599.692,-1286.36,-2963.18,493.246,-1286.36,-2892.96,546.645,-1272.95,-2899.37,546.635,-1274.17,-2899.37,546.635,-1274.17,-2959.35,501.027,-1285.63,-2963.18,493.246,-1286.36,-1692.96,-53.3305,-1278.3,-1763.18,-0.295288,-1288.65,-1759.32,-8.07782,-1288.08,-1759.32,-8.07782,-1288.08,-1699.39,-53.3415,-1279.25,-1692.96,-53.3305,-1278.3,-1763.18,-0.295288,-1288.65,-1763.18,-106.741,-1288.65,-1759.32,-98.9251,-1288.08,-1759.32,-98.9251,-1288.08,-1759.32,-8.07782,-1288.08,-1763.18,-0.295288,-1288.65,-1763.18,-106.741,-1288.65,-1692.96,-53.3305,-1278.3,-1699.39,-53.3415,-1279.25,-1699.39,-53.3415,-1279.25,-1759.32,-98.9251,-1288.08,-1763.18,-106.741,-1288.65,-1692.96,1146.58,-1278.3,-1763.18,1199.66,-1288.65,-1759.32,1191.87,-1288.08,-1759.32,1191.87,-1288.08,-1699.39,1146.57,-1279.25,-1692.96,1146.58,-1278.3,-1763.18,1199.66,-1288.65,-1763.18,1093.21,-1288.65,-1759.32,1101.02,-1288.08,-1759.32,1101.02,-1288.08,-1759.32,1191.87,-1288.08,-1763.18,1199.66,-1288.65,-1763.18,1093.21,-1288.65,-1692.96,1146.58,-1278.3,-1699.39,1146.57,-1279.25,-1699.39,1146.57,-1279.25,-1759.32,1101.02,-1288.08,-1763.18,1093.21,-1288.65]},"normal":{"type":"float32","components":3,