{"model":{"version":3,"nodes":[{"name":"RootNode","position":[0,0,0],"rotation":[0,0,0],"scale":[0.0254,0.0254,0.0254],"scaleCompensation":false},{"name":"golf_hielo_piedramediaB","position":[0,0,0],"rotation":[-90,-0,0],"scale":[1,1,1],"scaleCompensation":false}],"parents":[-1,0],"skins":[],"morphs":[],"vertices":[{"position":{"type":"float32","components":3,"data":[-117.947,-45.3534,2.11134,-93.2882,-36.2286,62.5621,-124.983,-17.6368,2.10529,-91.2346,63.3398,63.0732,-93.2882,-36.2286,62.5621,-72.8981,53.0546,85.8617,94.7417,41.9687,73.5853,40.7284,75.3484,84.2193,38.6329,67.7858,89.8394,38.6329,67.7858,89.8394,88.428,37.0134,80.0361,94.7417,41.9687,73.5853,123.979,41.9785,2.11496,94.7417,41.9687,73.5853,79.0385,5.0389,61.7769,123.979,41.9785,2.11496,79.0385,5.0389,61.7769,124.983,-24.7761,2.12721,-1.47107,-76.704,42.8764,79.0385,5.0389,61.7769,73.9506,2.9683,69.1501,73.9506,2.9683,69.1501,-0.269775,-72.3897,51.7259,-1.47107,-76.704,42.8764,65.0555,-103.142,2.11811,-1.47107,-76.704,42.8764,44.7114,-110.37,2.11666,-93.2882,-36.2286,62.5621,-117.947,-45.3534,2.11134,-1.47107,-76.704,42.8764,123.979,41.9785,2.11496,95.1974,56.3296,68.8265,94.7417,41.9687,73.5853,46.3008,110.37,2.11612,95.1974,56.3296,68.8265,123.979,41.9785,2.11496,-72.8981,53.0546,85.8617,-93.2882,-36.2286,62.5621,-84.9153,-35.0758,69.874,-84.9153,-35.0758,69.874,-66.1185,47.2334,91.3534,-72.8981,53.0546,85.8617,46.3008,110.37,2.11612,41.0039,93.9013,75.5209,95.1974,56.3296,68.8265,40.7284,75.3484,84.2193,94.7417,41.9687,73.5853,95.1974,56.3296,68.8265,95.1974,56.3296,68.8265,41.0039,93.9013,75.5209,40.7284,75.3484,84.2193,-91.2346,63.3398,63.0732,40.7284,75.3484,84.2193,41.0039,93.9013,75.5209,46.3008,110.37,2.11612,-91.2346,63.3398,63.0732,41.0039,93.9013,75.5209,-72.8981,53.0546,85.8617,40.7284,75.3484,84.2193,-91.2346,63.3398,63.0732,46.3008,110.37,2.11612,-113.977,80.2299,2.10761,-91.2346,63.3398,63.0732,-113.977,80.2299,2.10761,-124.983,-17.6368,2.10529,-93.2882,-36.2286,62.5621,-93.2882,-36.2286,62.5621,-91.2346,63.3398,63.0732,-113.977,80.2299,2.10761,124.983,-24.7761,2.12721,79.0385,5.0389,61.7769,-1.47107,-76.704,42.8764,-1.47107,-76.704,42.8764,65.0555,-103.142,2.11811,124.983,-24.7761,2.12721,40.7284,75.3484,84.2193,-72.8981,53.0546,85.8617,-66.1185,47.2334,91.3534,-66.1185,47.2334,91.3534,38.6329,67.7858,89.8394,40.7284,75.3484,84.2193,-1.47107,-76.704,42.8764,-117.947,-45.3534,2.11134,44.7114,-110.37,2.11666,88.428,37.0134,80.0361,38.6329,67.7858,89.8394,73.9506,2.9683,69.1501,73.9506,2.9683,69.1501,-66.1185,47.2334,91.3534,-0.269775,-72.3897,51.7259,38.6329,67.7858,89.8394,-66.1185,47.2334,91.3534,73.9506,2.9683,69.1501,-84.9153,-35.0758,69.874,-0.269775,-72.3897,51.7259,-66.1185,47.2334,91.3534,79.0385,5.0389,61.7769,94.7417,41.9687,73.5853,88.428,37.0134,80.0361,88.428,37.0134,80.0361,73.9506,2.9683,69.1501,79.0385,5.0389,61.7769,-93.2882,-36.2286,62.5621,-1.47107,-76.704,42.8764,-0.269775,-72.3897,51.7259,-0.269775,-72.3897,51.7259,-84.9153,-35.0758,69.874,-93.2882,-36.2286,62.5621]},"normal":{"type":"float32","components":3,"data":[-0.889634,-0.225752,0.396973,-0.889634,-0.225752,0.396973,-0.889634,-0.225752,0.396973,-0.776214,0.0127737,0.63034,-0.776214,0.0127737,0.63034,-0.776214,0.0127737,0.63034,0.434873,0.456389,0.776269,0.434873,0.456389,0.776269,0.434873,0.456389,0.776269,0.43488,0.456418,0.776248,0.43488,0.456418,0.776248,0.434881,0.456418,0.776248,0.822989,-0.457583,0.336611,0.822989,-0.457583,0.336611,0.822989,-0.457583,0.336611,0.795087,0.0120669,0.606376,0.795087,0.0120669,0.606376,0.795087,0.0120669,0.606376,0.658567,-0.707751,0.255691,0.658567,-0.707751,0.255691,0.658567,-0.707751,0.255691,0.658586,-0.707752,0.255639,0.658586,-0.707752,0.255639,0.658586,-0.707752,0.255639,0.218815,-0.616016,0.756733,0.218815,-0.616016,0.756733,0.218815,-0.616016,0.756733,-0.338184,-0.900353,0.273855,-0.338184,-0.900353,0.273855,-0.338184,-0.900353,0.273855,0.921299,0.0956628,0.376904,0.921299,0.0956628,0.376904,0.921299,0.0956628,0.376904,0.655825,0.744874,0.122708,0.655824,0.744874,0.122708,0.655824,0.744874,0.122708,-0.653252,-0.0480006,0.755617,-0.653252,-0.0480006,0.755617,-0.653252,-0.0480006,0.755617,-0.653277,-0.0479932,0.755596,-0.653277,-0.0479932,0.755596,-0.653277,-0.0479932,0.755596,0.574074,0.789119,0.218471,0.574074,0.789119,0.218471,0.574074,0.789119,0.218471,0.351385,0.28443,0.89198,0.351385,0.28443,0.89198,0.351385,0.28443,0.89198,0.373807,0.389169,0.841912,0.373807,0.389169,0.841912,0.373807,0.389169,0.841912,-0.180726,0.419708,0.889485,-0.180726,0.419708,0.889485,-0.180726,0.419708,0.889485,-0.238292,0.951167,0.196208,-0.238292,0.951167,0.196208,-0.238292,0.951167,0.196208,-0.158589,0.845818,0.509354,-0.158589,0.845818,0.509354,-0.158589,0.845818,0.509354,-0.174926,0.930115,0.322936,-0.174926,0.930115,0.322936,-0.174926,0.930114,0.322936,-0.868763,0.0976908,0.485497,-0.868763,0.0976908,0.485497,-0.868763,0.0976908,0.485497,-0.935195,0.0174727,0.353701,-0.935195,0.0174727,0.353701,-0.935195,0.0174727,0.353701,0.458014,-0.602279,0.653821,0.458014,-0.602279,0.653821,0.458014,-0.602279,0.653821,0.404381,-0.309336,0.86069,0.404381,-0.309336,0.86069,0.404381,-0.309336,0.86069,-0.10879,0.61218,0.783199,-0.10879,0.61218,0.783199,-0.10879,0.61218,0.783199,-0.10879,0.61218,0.783199,-0.10879,0.61218,0.783199,-0.10879,0.61218,0.783199,-0.350723,-0.877411,0.327326,-0.350723,-0.877411,0.327326,-0.350723,-0.877411,0.327326,-0.000550142,-0.30435,0.95256,-0.000550142,-0.30435,0.95256,-0.000550142,-0.30435,0.95256,0.062373,-0.282746,0.957165,0.0623729,-0.282746,0.957165,0.062373,-0.282746,0.957165,0.0668848,-0.270139,0.960495,0.0668848,-0.270139,0.960495,0.0668848,-0.270139,0.960495,0.0865701,-0.270019,0.958955,0.0865701,-0.270019,0.958955,0.0865701,-0.270019,0.958955,0.784398,-0.464849,0.410652,0.784398,-0.464849,0.410652,0.784398,-0.464849,0.410652,0.78436,-0.464867,0.410704,0.78436,-0.464867,0.410704,0.78436,-0.464867,0.410704,-0.277211,-0.848285,0.451184,-0.277211,-0.848285,0.451184,-0.277211,-0.848285,0.451184,-0.277211,-0.848284,0.451185,-0.277211,-0.848284,0.451185,-0.277211,-0.848284,0.451185]},"texCoord0":{"type":"float32","components":2,