{"model":{"version":3,"nodes":[{"name":"RootNode","position":[0,0,0],"rotation":[0,0,0],"scale":[0.0254,0.0254,0.0254],"scaleCompensation":false},{"name":"Mesh1 Straight Model 90","position":[0,0,0],"rotation":[-90,-0,0],"scale":[1,1,1],"scaleCompensation":false}],"parents":[-1,0],"skins":[],"morphs":[],"vertices":[{"position":{"type":"float32","components":3,"data":[-59.0548,-59.0548,17.3228,-59.0548,-47.244,17.3228,-59.0548,-47.244,7.48031,-59.0548,-47.244,9.55077e-06,-59.0548,-59.0548,7.62655e-06,59.0548,-59.0548,-2.68691e-05,59.0548,-59.0548,17.3228,-59.0548,-59.0548,17.3228,-59.0548,-59.0548,7.62655e-06,59.0548,-47.244,17.3228,-59.0548,-47.244,17.3228,-59.0548,-59.0548,17.3228,59.0548,-59.0548,17.3228,59.0548,-59.0548,-2.68691e-05,59.0548,-47.244,-2.43582e-05,59.0548,-47.244,7.48027,59.0548,-47.244,17.3228,59.0548,-59.0548,17.3228,59.0548,47.244,17.3228,59.0548,47.244,7.48029,59.0548,47.244,-8.96412e-06,59.0548,59.0548,-8.21321e-06,59.0548,59.0548,17.3228,-59.0548,59.0548,17.3228,59.0548,59.0548,17.3228,59.0548,59.0548,-8.21321e-06,-59.0548,59.0548,2.6869e-05,-59.0548,59.0548,17.3228,-59.0548,47.244,17.3228,59.0548,47.244,17.3228,59.0548,59.0548,17.3228,-59.0548,47.244,7.48032,59.0548,47.244,7.48029,59.0548,47.244,17.3228,-59.0548,47.244,17.3228,-59.0548,59.0548,2.6869e-05,-59.0548,47.244,2.49448e-05,-59.0548,47.244,7.48032,-59.0548,47.244,17.3228,-59.0548,59.0548,17.3228,-59.0548,-47.244,7.48027,-59.0548,-47.244,17.3228,59.0548,-47.244,17.3228,59.0548,-47.244,7.48027]},"normal":{"type":"float32","components":3,"data":[-1,-1.42852e-07,-1.7142e-07,-1,-3.22983e-07,-3.87574e-07,-1,-9.00657e-08,-1.08077e-07,-1,0,0,-1,0,0,0,-1,0,0,-1,0,0,-1,0,0,-1,0,3.0683e-07,-1.61492e-07,1,3.0683e-07,-1.61491e-07,1,3.0683e-07,-1.61492e-07,1,3.0683e-07,-1.61492e-07,1,1,-6.45968e-07,-6.49983e-14,1,-6.45968e-07,0,1,-6.45968e-07,-1.70173e-13,1,-6.45968e-07,-9.53774e-14,1,-6.45968e-07,0,1,0,0,-1,0,0,1,0,0,1,0,0,1,0,0,-2.99429e-09,1,1.99797e-07,-3.22979e-08,1,0,-2.93036e-08,1,2.0416e-08,6.541e-14,1,2.20213e-07,3.0683e-07,-1.61492e-07,1,3.0683e-07,-1.61492e-07,1,3.0683e-07,-1.61492e-07,1,3.0683e-07,-1.61492e-07,1,-2.26086e-07,-1,-3.87574e-07,-2.26086e-07,-1,-3.87574e-07,-2.26086e-07,-1,-3.87574e-07,-2.26086e-07,-1,-3.87574e-07,-1,6.84414e-07,1.9758e-07,-1,1.61492e-06,1.5299e-06,-1,7.89466e-07,2.26572e-07,-1,1.52575e-07,-5.56611e-07,-1,1.06688e-13,-6.60638e-07,0,1,3.87574e-07,0,1,3.87574e-07,0,1,3.87574e-07,0,1,3.87574e-07]},"texCoord0":{"type":"float32","components":2,"data":[0.313769,0.111264,0.313769,0.11127,0.313774,0.11127,0.313778,0.11127,0.313778,0.111264,0.313769,0.111306,0.313778,0.111306,0.313778,0.111241,0.313769,0.111241,0.113774,0.501538,0.113774,0.501637,0.113765,0.501637,0.113765,0.501538,0.313778,0.111264,0.313778,0.11127,0.313774,0.11127,0.313769,0.11127,0.313769,0.111264,0.313769,0.111325,0.313769,0.111315,0.313769,0.111308,0.31378,0.111308,0.31378,0.111325,0.313778,0.111241,0.313778,0.111306,0.313769,0.111306,0.313769,0.111241,0.113774,0.501637,0.113765,0.501637,0.113765,0.501538,0.113774,0.501538,0.313773,0.111241,0.313773,0.111306,0.313778,0.111306,0.313778,0.111241,0.313778,0.111253,0.313778,0.111246,0.313774,0.111246,0.313769,0.111246,0.313769,0.111253,0.313774,0.11127,0.313769,0.11127,0.313769,0.11127,0.313774,0.11127]}}],"meshes":[{"aabb":{"min":[-59.0548,-59.0548,-2.68691e-05],"max":[59.0548,59.0548,17.3228]},"vertices":0,"indices":[0,1,2,0,2,3,0,3,4,5,6,7,7,8,5,9,10,11,11,12,9,13,14,15,13,15,16,13,16,17,18,19,20,18,20,21,18,21,22,23,24,25,25,26,23,27,28,29,29,30,27,31,32,33,33,34,31,35,36,37,35,37,38,35,38,39,40,41,42,42,43,40],"type":"triangles","base":0,"count":72}],"meshInstances":[{"node":1,"mesh":0}]}}