{"model":{"version":3,"nodes":[{"name":"RootNode","position":[0,0,0],"rotation":[0,0,0],"scale":[0.0254,0.0254,0.0254],"scaleCompensation":false},{"name":"golf_desert_piedramediaA","position":[0,0,0],"rotation":[-90,-0,0],"scale":[1,1,1],"scaleCompensation":false}],"parents":[-1,0],"skins":[],"morphs":[],"vertices":[{"position":{"type":"float32","components":3,"data":[-162.82,213.381,13.1035,-265.613,-37.8514,59.4546,-238.25,-38.2919,94.6631,-238.25,-38.2919,94.6631,-121.069,179.161,97.8795,-162.82,213.381,13.1035,258.85,63.903,49.4611,154.929,214.484,91.4017,261.163,-54.6035,80.2605,261.163,-54.6035,80.2605,-121.069,179.161,97.8795,114.535,-161.913,73.3223,-179.236,-241.525,92.6189,113.485,-210.588,13.9843,114.535,-161.913,73.3223,154.929,214.484,91.4017,-121.069,179.161,97.8795,261.163,-54.6035,80.2605,154.929,214.484,91.4017,258.85,63.903,49.4611,271.644,97.4864,13.8605,271.644,97.4864,13.8605,178.782,235.047,14.7411,154.929,214.484,91.4017,-121.069,179.161,97.8795,27.874,286.177,13.8583,-162.82,213.381,13.1035,-179.236,-241.525,92.6189,114.535,-161.913,73.3223,-238.25,-38.2919,94.6631,113.485,-210.588,13.9843,-179.236,-241.525,92.6189,-198.716,-286.177,14.0467,282.442,-96.4828,13.8678,296.526,-53.6448,14.0836,261.163,-54.6035,80.2605,193.02,-171.408,15.1258,282.442,-96.4828,13.8678,261.163,-54.6035,80.2605,261.163,-54.6035,80.2605,114.535,-161.913,73.3223,193.02,-171.408,15.1258,113.485,-210.588,13.9843,193.02,-171.408,15.1258,114.535,-161.913,73.3223,296.526,-53.6448,14.0836,258.85,63.903,49.4611,261.163,-54.6035,80.2605,-227.207,-245.621,14.0092,-198.716,-286.177,14.0467,-179.236,-241.525,92.6189,-162.82,213.381,13.1035,-296.526,-33.3146,13.5669,-265.613,-37.8514,59.4546,178.782,235.047,14.7411,27.874,286.177,13.8583,154.929,214.484,91.4017,27.874,286.177,13.8583,-121.069,179.161,97.8795,154.929,214.484,91.4017,258.85,63.903,49.4611,296.526,-53.6448,14.0836,271.644,97.4864,13.8605,-238.25,-38.2919,94.6631,114.535,-161.913,73.3223,-121.069,179.161,97.8795,-265.613,-37.8514,59.4546,-296.526,-33.3146,13.5669,-227.207,-245.621,14.0092,-227.207,-245.621,14.0092,-179.236,-241.525,92.6189,-265.613,-37.8514,59.4546,-238.25,-38.2919,94.6631,-265.613,-37.8514,59.4546,-179.236,-241.525,92.6189]},"normal":{"type":"float32","components":3,"data":[-0.721409,0.399525,0.56564,-0.721409,0.399525,0.56564,-0.72141,0.399525,0.56564,-0.750083,0.396374,0.529399,-0.750082,0.396374,0.529399,-0.750083,0.396374,0.529399,0.61209,0.210084,0.762372,0.61209,0.210084,0.762372,0.61209,0.210084,0.762372,0.00356099,-0.0693659,0.997585,0.00356099,-0.0693659,0.997585,0.00356099,-0.0693659,0.997585,0.243994,-0.751903,0.612461,0.243994,-0.751903,0.612461,0.243994,-0.751903,0.612461,0.0273626,-0.0305661,0.999158,0.0273626,-0.0305661,0.999158,0.0273626,-0.0305661,0.999158,0.733506,0.342739,0.58694,0.733506,0.342739,0.58694,0.733506,0.342739,0.58694,0.768563,0.516416,0.377657,0.768563,0.516416,0.377657,0.768563,0.516416,0.377657,-0.313719,0.816786,0.484191,-0.313719,0.816786,0.484191,-0.313719,0.816786,0.484191,0.0632915,0.0083405,0.99796,0.0632915,0.0083405,0.99796,0.0632915,0.0083405,0.99796,0.211066,-0.871385,0.442876,0.211066,-0.871385,0.442876,0.211066,-0.871385,0.442876,0.848098,-0.281087,0.449133,0.848098,-0.281087,0.449133,0.848098,-0.281087,0.449133,0.533743,-0.627499,0.566888,0.533744,-0.6275,0.566888,0.533743,-0.6275,0.566888,0.419557,-0.616366,0.666382,0.419557,-0.616366,0.666382,0.419557,-0.616366,0.666382,0.349817,-0.727334,0.590434,0.349817,-0.727334,0.590434,0.349817,-0.727334,0.590434,0.872603,0.138742,0.46831,0.872603,0.138742,0.46831,0.872603,0.138742,0.46831,-0.723378,-0.507743,0.46789,-0.723378,-0.507743,0.46789,-0.723378,-0.507743,0.46789,-0.740366,0.402282,0.538542,-0.740366,0.402282,0.538542,-0.740366,0.402282,0.538542,0.300802,0.893557,0.333278,0.300802,0.893557,0.333278,0.300802,0.893557,0.333278,-0.0689461,0.673668,0.735811,-0.0689461,0.673668,0.735811,-0.0689461,0.673668,0.735811,0.879423,0.145454,0.453275,0.879423,0.145454,0.453275,0.879423,0.145454,0.453275,0.046437,-0.0397875,0.998128,0.046437,-0.0397875,0.998128,0.046437,-0.0397875,0.998128,-0.81183,-0.263982,0.520812,-0.81183,-0.263982,0.520812,-0.81183,-0.263982,0.520812,-0.817361,-0.263185,0.512498,-0.817361,-0.263185,0.512498,-0.817361,-0.263185,0.512498,-0.769898,-0.229549,0.595453,-0.769898,-0.229549,0.595453,-0.769898,-0.229549,0.595453]},"texCoord0":{"type":"float32","components":2,"data":[0.582222,0.045517,0.581381,0.047187,0.581126,0.047269,0.581126,0.047269,0.581578,0.045706,0.582222,0.045517,0.576028,0.04224,0.578008,0.042442,0.575273,0.043216,0.575273,0.043216,0.581578,0.045706,0.575142,0.045868,0.580839,0.048263,0.575203,0.046307,0.575142,0.045868,0.578008,0.042442,0.581578,0.045706,0.575273,0.043216,0.578008,0.042442,0.576028,0.04224,0.576716,0.041884,0.576716,0.041884,0.578035,0.042097,0.578008,0.042442,0.581578,0.045706,0.579301,0.04287,0.582222,0.045517,0.580839,0.048263,0.575142,0.045868,0.581126,0.047269,0.575203,0.046307,0.580839,0.048263,0.581077,0.048906,0.574717,0.043279,0.574968,0.042945,0.575273,0.043216,0.57466,0.045389,0.574717,0.043279,0.575273,0.043216,0.575273,0.043216,0.575142,0.045868,0.57466,0.045389,0.574892,0.046213,0.57466,0.045389,0.575142,0.045868,0.574968,0.042945,0.576028,0.04224,0.575273,0.043216,0.581379,0.048803,0.581077,0.048906,0.580839,0.048263,0.582222,0.045517,0.581791,0.047198,0.581381,0.047187,0.578035,0.042097,0.579301,0.04287,0.578008,0.042442,0.579301,0.04287,0.581578,0.045706,0.578008,0.042442,0.576028,0.04224,0.574968,0.042945,0.576716,0.041884,0.581126,0.047269,0.575142,0.045868,0.581578,0.045706,0.581381,0.047187,0.581791,0.047198,0.581379,0.048803,0.581379,0.048803,0.580839,0.048263,0.581381,0.047187,0.581126,0.047269,0.581381,0.047187,0.580839,0.048263]}}],"meshes":[{"aabb":{"min":[-296.526,-286.177,13.1035],"max":[296.526,286.177,97.8795]},"vertices":0,"indices":[0,1,2,3,4,5,6,7,8,9,10,11,12,13,14,15,16,17,18,19,20,21,22,23,24,25,26,27,28,29,30,31,32,33,34,35,36,37,38,39,40,41,42,43,44,45,46,47,48,49,50,51,52,53,54,55,56,57,58,59,60,61,62,63,64,65,66,67,68,69,70,71,72,73,74],"type":"triangles","base":0,"count":75}],"meshInstances":[{"node":1,"mesh":0}]}}