{"model":{"version":3,"nodes":[{"name":"RootNode","position":[0,0,0],"rotation":[0,0,0],"scale":[0.0254,0.0254,0.0254],"scaleCompensation":false},{"name":"Mesh1 Inner_corner Model 90","position":[0,0,0],"rotation":[-90,0,0],"scale":[1,1,1],"scaleCompensation":false}],"parents":[-1,0],"skins":[],"morphs":[],"vertices":[{"position":{"type":"float32","components":3,"data":[47.2443,59.0549,2.38419e-07,47.2443,59.0549,17.3228,59.0549,59.0549,-3.33786e-06,59.0549,59.0549,17.3228,59.0549,47.2438,-7.62939e-06,59.0549,59.0549,-3.33786e-06,59.0549,47.2438,7.48031,59.0549,47.2438,17.3228,59.0549,59.0549,17.3228,47.2443,47.2438,17.3228,59.0549,47.2438,17.3228,47.2443,59.0549,17.3228,59.0549,59.0549,17.3228,47.2443,47.2438,7.48031,59.0549,47.2438,7.48031,47.2443,47.2438,17.3228,59.0549,47.2438,17.3228,47.2443,47.2438,17.3228,47.2443,59.0549,17.3228,47.2443,47.2438,7.48031,47.2443,59.0549,7.48032]},"normal":{"type":"float32","components":3,"data":[1.42252e-13,1,4.40424e-07,1.86282e-13,1,4.40424e-07,1.69348e-13,1,4.40424e-07,2.13378e-13,1,4.40424e-07,1,1.85294e-13,-5.09965e-07,1,2.06893e-07,-1.83288e-07,1,2.19528e-07,-1.63338e-07,1,3.22974e-07,1.83431e-13,1,3.22974e-07,1.42246e-13,3.22988e-07,-3.22975e-07,1,4.03733e-07,-2.42233e-07,1,4.03738e-07,-2.42229e-07,1,4.84483e-07,-1.61487e-07,1,-6.45977e-07,-1,-7.75146e-07,-6.45977e-07,-1,-7.75146e-07,-6.45977e-07,-1,-7.75146e-07,-6.45977e-07,-1,-7.75147e-07,-1,3.22974e-07,3.87574e-07,-1,5.03104e-07,1.71417e-07,-1,4.6582e-07,2.16157e-07,-1,6.45949e-07,5.00705e-13]},"texCoord0":{"type":"float32","components":2,"data":[0.313769,0.111297,0.313778,0.111297,0.313769,0.111304,0.313778,0.111304,0.313778,0.111249,0.313778,0.111242,0.313774,0.111249,0.313769,0.111249,0.313769,0.111242,0.113776,0.501625,0.113776,0.501613,0.113765,0.501625,0.113765,0.501613,0.313773,0.111297,0.313773,0.111304,0.313778,0.111297,0.313778,0.111304,0.31378,0.111325,0.313769,0.111325,0.31378,0.111316,0.313769,0.111316]}}],"meshes":[{"aabb":{"min":[47.2443,47.2438,-7.62939e-06],"max":[59.0549,59.0549,17.3228]},"vertices":0,"indices":[0,1,2,2,1,3,4,5,6,6,5,7,7,5,8,9,10,11,12,11,10,13,14,15,16,15,14,17,18,19,20,19,18],"type":"triangles","base":0,"count":33}],"meshInstances":[{"node":1,"mesh":0}]}}