{"model":{"version":3,"nodes":[{"name":"RootNode","position":[0,0,0],"rotation":[0,0,0],"scale":[0.0254,0.0254,0.0254],"scaleCompensation":false},{"name":"LEVEL15-flechas","position":[0,0,0],"rotation":[-90,-0,0],"scale":[0.3937,0.3937,0.3937],"scaleCompensation":false}],"parents":[-1,0],"skins":[],"morphs":[],"vertices":[{"position":{"type":"float32","components":3,"data":[-2006.48,-631.899,-1191.65,-1942.22,-675.063,-1172.67,-1877.44,-631.898,-1191.65,-2006.48,-722.727,-1152.57,-1942.22,-765.892,-1133.59,-1877.44,-722.727,-1152.57,-2006.48,-540.547,-1231.39,-1942.22,-583.712,-1212.4,-1877.44,-540.547,-1231.39,-2018.38,-628.329,-1193.22,-1942.23,-679.485,-1170.72,-1942.22,-675.063,-1172.67,-1942.22,-675.063,-1172.67,-2006.48,-631.899,-1191.65,-2018.38,-628.329,-1193.22,-1942.23,-679.485,-1170.72,-1865.45,-628.329,-1193.22,-1877.44,-631.898,-1191.65,-1877.44,-631.898,-1191.65,-1942.22,-675.063,-1172.67,-1942.23,-679.485,-1170.72,-1865.45,-628.329,-1193.22,-2018.38,-628.329,-1193.22,-2006.48,-631.899,-1191.65,-2006.48,-631.899,-1191.65,-1877.44,-631.898,-1191.65,-1865.45,-628.329,-1193.22,-2018.38,-719.157,-1154.14,-1942.23,-770.313,-1131.64,-1942.22,-765.892,-1133.59,-1942.22,-765.892,-1133.59,-2006.48,-722.727,-1152.57,-2018.38,-719.157,-1154.14,-1942.23,-770.313,-1131.64,-1865.45,-719.157,-1154.15,-1877.44,-722.727,-1152.57,-1877.44,-722.727,-1152.57,-1942.22,-765.892,-1133.59,-1942.23,-770.313,-1131.64,-1865.45,-719.157,-1154.15,-2018.38,-719.157,-1154.14,-2006.48,-722.727,-1152.57,-2006.48,-722.727,-1152.57,-1877.44,-722.727,-1152.57,-1865.45,-719.157,-1154.15,-2018.38,-536.978,-1232.96,-1942.23,-588.134,-1210.45,-1942.22,-583.712,-1212.4,-1942.22,-583.712,-1212.4,-2006.48,-540.547,-1231.39,-2018.38,-536.978,-1232.96,-1942.23,-588.134,-1210.45,-1865.45,-536.977,-1232.96,-1877.44,-540.547,-1231.39,-1877.44,-540.547,-1231.39,-1942.22,-583.712,-1212.4,-1942.23,-588.134,-1210.45,-1865.45,-536.977,-1232.96,-2018.38,-536.978,-1232.96,-2006.48,-540.547,-1231.39,-2006.48,-540.547,-1231.39,-1877.44,-540.547,-1231.39,-1865.45,-536.977,-1232.96]},"normal":{"type":"float32","components":3,"data":[-1.52463e-06,0.402635,0.915361,-1.52463e-06,0.402635,0.915361,-1.52463e-06,0.402635,0.915361,2.91885e-06,0.402638,0.915359,2.91885e-06,0.402638,0.915359,2.91885e-06,0.402638,0.915359,2.16658e-06,0.402637,0.91536,2.16658e-06,0.402637,0.91536,2.16658e-06,0.402637,0.91536,-8.76019e-06,0.402625,0.915365,-8.76019e-06,0.402625,0.915365,-8.76019e-06,0.402625,0.915365,-3.80437e-06,0.402632,0.915362,-3.80437e-06,0.402632,0.915362,-3.80437e-06,0.402632,0.915362,6.24158e-06,0.402625,0.915365,6.24158e-06,0.402625,0.915365,6.24158e-06,0.402625,0.915365,6.15213e-06,0.402625,0.915365,6.15213e-06,0.402625,0.915365,6.15213e-06,0.402625,0.915365,-1.28555e-06,0.402639,0.915359,-1.28555e-06,0.402639,0.915359,-1.28555e-06,0.402639,0.915359,-1.52359e-06,0.402647,0.915356,-1.52359e-06,0.402647,0.915356,-1.52359e-06,0.402647,0.915355,1.0521e-05,0.402647,0.915355,1.0521e-05,0.402647,0.915355,1.0521e-05,0.402647,0.915355,1.31317e-05,0.402651,0.915354,1.31317e-05,0.402651,0.915354,1.31317e-05,0.402651,0.915354,-7.02474e-06,0.40265,0.915354,-7.02474e-06,0.40265,0.915354,-7.02474e-06,0.40265,0.915354,-4.41899e-06,0.402647,0.915355,-4.41899e-06,0.402647,0.915355,-4.41899e-06,0.402647,0.915355,2.92259e-06,0.402623,0.915366,2.92259e-06,0.402622,0.915366,2.92259e-06,0.402622,0.915366,2.92249e-06,0.402622,0.915366,2.92249e-06,0.402623,0.915366,2.92249e-06,0.402622,0.915366,-5.77799e-06,0.402626,0.915364,-5.77799e-06,0.402626,0.915364,-5.77799e-06,0.402626,0.915364,-1.15358e-06,0.402633,0.915362,-1.15358e-06,0.402633,0.915362,-1.15358e-06,0.402633,0.915362,-5.43846e-06,0.402644,0.915356,-5.43845e-06,0.402644,0.915357,-5.43845e-06,0.402644,0.915356,1.04977e-05,0.402626,0.915365,1.04977e-05,0.402626,0.915365,1.04977e-05,0.402626,0.915364,1.63701e-06,0.40264,0.915358,1.63701e-06,0.40264,0.915358,1.63701e-06,0.40264,0.915358,2.16074e-06,0.402623,0.915366,2.16074e-06,0.402623,0.915366,2.16074e-06,0.402623,0.915366]},"texCoord0":{"type":"float32","components":2,"data":[0.859017,0.880883,0.859017,0.880883,0.859017,0.880883,0.859017,0.880883,0.859017,0.880883,0.859017,0.880883,0.859017,0.880883,0.859017,0.880883,0.859017,0.880883,0.96232,0.881176,0.96232,0.881102,0.96232,0.881102,0.96232,0.881102,0.96232,0.881176,0.96232,0.881176,0.96232,0.881102,0.962541,0.881176,0.962541,0.881176,0.962541,0.881176,0.96232,0.881102,0.96232,0.881102,0.962541,0.881176,0.96232,0.881176,0.96232,0.881176,0.96232,0.881176,0.962541,0.881176,0.962541,0.881176,0.96232,0.881176,0.96232,0.881102,0.96232,0.881102,0.96232,0.881102,0.96232,0.881176,0.96232,0.881176,0.96232,0.881102,0.962541,0.881176,0.962541,0.881176,0.962541,0.881176,0.96232,0.881102,0.96232,0.881102,0.962541,0.881176,0.96232,0.881176,0.96232,0.881176,0.96232,0.881176,0.962541,0.881176,0.962541,0.881176,0.96232,0.881176,0.96232,0.881102,0.96232,0.881102,0.96232,0.881102,0.96232,0.881176,0.96232,0.881176,0.96232,0.881102,0.962541,0.881176,0.962541,0.881176,0.962541,0.881176,0.96232,0.881102,0.96232,0.881102,0.962541,0.881176,0.96232,0.881176,0.96232,0.881176,0.96232,0.881176,0.962541,0.881176,0.962541,0.881176]}}],"meshes":[{"aabb":{"min":[-2018.38,-770.313,-1232.96],"max":[-1865.45,-536.977,-1131.64]},"vertices":0,"indices":[0,1,2,3,4,5,6,7,8,9,10,11,12,13,14,15,16,17,18,19,20,21,22,23,24,25,26,27,28,29,30,31,32,33,34,35,36,37,38,39,40,41,42,43,44,45,46,47,48,49,50,51,52,53,54,55,56,57,58,59,60,61,62],"type":"triangles","base":0,"count":63}],"meshInstances":[{"node":1,"mesh":0}]}}