{"model":{"version":3,"nodes":[{"name":"RootNode","position":[0,0,0],"rotation":[0,0,0],"scale":[0.0254,0.0254,0.0254],"scaleCompensation":false},{"name":"LEVEL60-rampas","position":[0,0,0],"rotation":[-90,-0,0],"scale":[0.3937,0.3937,0.3937],"scaleCompensation":false}],"parents":[-1,0],"skins":[],"morphs":[],"vertices":[{"position":{"type":"float32","components":3,"data":[-2089.14,696.092,-1205,-2089.14,396.095,-1205,-2089.14,696.092,-1238.1,-2089.14,396.095,-1238.09,-2089.14,396.095,-1205,-2089.14,396.095,-1205,-2389.14,396.094,-1249,-2089.14,396.095,-1238.09,-2389.14,396.094,-1282.09,-2089.14,396.095,-1238.09,-2389.14,396.094,-1249,-2389.14,696.093,-1249,-2089.14,696.092,-1205,-2389.14,696.093,-1282.1,-2089.14,696.092,-1238.1,-2089.14,1296.09,-1205,-2089.14,996.095,-1205,-2089.14,1296.09,-1238.1,-2089.14,996.095,-1238.1,-2089.14,996.095,-1205,-2389.14,996.094,-1249,-2089.14,996.095,-1238.1,-2389.14,996.094,-1282.1,-2089.14,396.095,-1205,-2089.14,696.092,-1205,-2389.14,396.094,-1249,-2389.14,696.093,-1249,-2389.14,396.094,-1249,-2089.14,696.092,-1205,-2089.14,996.095,-1205,-2089.14,1296.09,-1205,-2389.14,996.094,-1249,-2389.14,1296.09,-1249,-2389.14,996.094,-1249,-2089.14,1296.09,-1205,-2389.14,1296.09,-1249,-2089.14,1296.09,-1205,-2389.14,1296.09,-1282.1,-2089.14,1296.09,-1238.1,-2389.14,1296.09,-1282.1,-2089.14,1296.09,-1205,-2389.14,696.093,-1282.1,-2089.14,696.092,-1238.1,-2089.14,396.095,-1238.09,-2089.14,396.095,-1238.09,-2389.14,396.094,-1282.09,-2389.14,696.093,-1282.1,-2389.14,1296.09,-1282.1,-2089.14,1296.09,-1238.1,-2089.14,996.095,-1238.1,-2089.14,996.095,-1238.1,-2389.14,996.094,-1282.1,-2389.14,1296.09,-1282.1,-2389.14,396.094,-1277.7,-2389.14,696.093,-1277.7,-2389.14,696.093,-1282.1,-2389.14,696.093,-1282.1,-2389.14,396.094,-1282.09,-2389.14,396.094,-1277.7]},"normal":{"type":"float32","components":3,"data":[1,0,0,1,0,0,1,0,0,1,0,0,1,0,0,4.10254e-06,-1,-9.22126e-07,4.10254e-06,-1,-9.22126e-07,4.10254e-06,-1,-9.22126e-07,4.10254e-06,-1,-9.22126e-07,4.10254e-06,-1,-9.22126e-07,4.10254e-06,-1,-9.22126e-07,4.47593e-06,1,0,4.47593e-06,1,0,4.47593e-06,1,0,4.47593e-06,1,0,1,0,0,1,0,0,1,0,0,1,0,0,4.67938e-06,-1,0,4.67938e-06,-1,0,4.67938e-06,-1,0,4.67938e-06,-1,0,-0.145114,4.02598e-07,0.989415,-0.145114,4.02598e-07,0.989415,-0.145114,4.02598e-07,0.989415,-0.145115,6.38785e-07,0.989415,-0.145115,6.38785e-07,0.989415,-0.145115,6.38785e-07,0.989415,-0.145115,0,0.989415,-0.145115,0,0.989415,-0.145115,0,0.989415,-0.145115,1.66404e-07,0.989415,-0.145115,1.66404e-07,0.989415,-0.145115,1.66404e-07,0.989415,4.74875e-06,1,3.68847e-06,4.74875e-06,1,3.68847e-06,4.74875e-06,1,3.68847e-06,5.69663e-06,1,0,5.69663e-06,1,0,5.69663e-06,1,0,0.145115,-1.20779e-06,-0.989415,0.145115,-1.20779e-06,-0.989415,0.145115,-1.20779e-06,-0.989415,0.145114,-1.44397e-06,-0.989415,0.145114,-1.44397e-06,-0.989415,0.145114,-1.44397e-06,-0.989415,0.145115,0,-0.989415,0.145115,0,-0.989415,0.145115,0,-0.989415,0.145115,-1.66405e-07,-0.989415,0.145115,-1.66405e-07,-0.989415,0.145115,-1.66405e-07,-0.989415,-1,1.62761e-06,0,-1,1.62761e-06,0,-1,1.62761e-06,0,-1,1.62761e-06,0,-1,1.62761e-06,0,-1,1.62761e-06,0]},"texCoord0":{"type":"float32","components":2,"data":[0.861326,0.0714916,0.861326,0.0714916,0.861326,0.0714916,0.861326,0.0714916,0.861326,0.0714916,0.861326,0.0714916,0.861326,0.0714916,0.861326,0.0714916,0.861326,0.0714916,0.861326,0.0714916,0.861326,0.0714916,0.861326,0.0714916,0.861326,0.0714916,0.861326,0.0714916,0.861326,0.0714916,0.861326,0.0714916,0.861326,0.0714916,0.861326,0.0714916,0.861326,0.0714916,0.861326,0.0714916,0.861326,0.0714916,0.861326,0.0714916,0.861326,0.0714916,-57.1442,119.537,-57.1442,120.538,-58.1454,119.537,-58.1454,120.538,-58.1454,119.537,-57.1442,120.538,-57.1442,121.539,-57.1442,122.54,-58.1454,121.539,-58.1454,122.54,-58.1454,121.539,-57.1442,122.54,-58.1454,122.54,-57.1442,122.54,-58.1454,122.54,-57.1442,122.54,-58.1454,122.54,-57.1442,122.54,0.861326,0.0714916,0.861326,0.0714916,0.861326,0.0714916,0.861326,0.0714916,0.861326,0.0714916,0.861326,0.0714916,0.861326,0.0714916,0.861326,0.0714916,0.861326,0.0714916,0.861326,0.0714916,0.861326,0.0714916,0.861326,0.0714916,0.861326,0.0714916,0.861326,0.0714916,0.861326,0.0714916,0.861326,0.0714916,0.861326,0.0714916,0.861326,0.0714916]}}],"meshes":[{"aabb":{"min":[-2389.14,396.094,-1282.1],"max":[-2089.14,1296.09,-1205]},"vertices":0,"indices":[23,24,25,26,27,28,29,30,31,32,33,34],"type":"triangles","base":0,"count":12},{"aabb":{"min":[-2389.14,396.094,-1282.1],"max":[-2089.14,1296.09,-1205]},"vertices":0,"indices":[0,1,2,3,2,4,5,6,7,8,9,10,11,12,13,14,13,12,15,16,17,18,17,16,19,20,21,22,21,20,35,36,37,38,39,40,41,42,43,44,45,46,47,48,49,50,51,52],"type":"triangles","base":0,"count":48},{"aabb":{"min":[-2389.14,396.094,-1282.1],"max":[-2089.14,1296.09,-1205]},"vertices":0,"indices":[53,54,55,56,57,58],"type":"triangles","base":0,"count":6}],"meshInstances":[{"node":1,"mesh":0},{"node":1,"mesh":1},{"node":1,"mesh":2}]}}