{"model":{"version":3,"nodes":[{"name":"RootNode","position":[0,0,0],"rotation":[0,0,0],"scale":[0.0254,0.0254,0.0254],"scaleCompensation":false},{"name":"Mesh1 Crest Model 90","position":[0,0,0],"rotation":[-90,0,0],"scale":[1,1,1],"scaleCompensation":false}],"parents":[-1,0],"skins":[],"morphs":[],"vertices":[{"position":{"type":"float32","components":3,"data":[59.055,59.0549,17.3229,59.055,47.2441,17.3229,59.055,47.2441,7.48035,59.055,47.2441,3.25714e-05,59.055,59.0549,3.44957e-05,-59.055,59.0549,-1.46665e-05,-59.055,59.0549,17.3228,59.055,59.0549,17.3229,59.055,59.0549,3.44957e-05,-59.055,47.2441,17.3228,59.055,47.2441,17.3229,59.055,59.0549,17.3229,-59.055,59.0549,17.3228,-59.055,59.0549,17.3228,-59.055,59.0549,-1.46665e-05,-59.055,47.2441,-1.54174e-05,-59.055,47.2441,7.4803,-59.055,47.2441,17.3228,-29.5276,47.2441,7.48031,-14.7638,47.2441,3.93701,14.7638,47.2441,3.93702,29.5276,47.2441,7.48034,59.055,47.2441,7.48035,59.055,47.2441,17.3229,-59.055,47.2441,7.4803,-59.055,47.2441,17.3228,59.055,-59.0549,1.52531e-05,59.055,-47.2441,1.71773e-05,59.055,-47.2441,7.48033,59.055,-47.2441,17.3228,59.055,-59.0549,17.3228,59.055,-59.0549,17.3228,59.055,-47.2441,17.3228,-59.055,-47.2441,17.3228,-59.0549,-59.0549,17.3228,-59.0549,-59.0549,17.3228,-59.055,-47.2441,17.3228,-59.055,-47.2441,7.48028,-59.055,-47.2441,-3.08115e-05,-59.0549,-59.0549,-3.27357e-05,59.055,-59.0549,17.3228,-59.0549,-59.0549,17.3228,-59.0549,-59.0549,-3.27357e-05,59.055,-59.0549,1.52531e-05,29.5276,-47.2441,7.48032,14.7638,-47.2441,3.93701,-14.7637,-47.2441,3.93699,-29.5275,-47.2441,7.4803,-59.055,-47.2441,7.48028,-59.055,-47.2441,17.3228,59.055,-47.2441,7.48033,59.055,-47.2441,17.3228]},"normal":{"type":"float32","components":3,"data":[1,-3.7829e-07,8.65006e-08,1,6.25899e-14,-3.87573e-07,1,-5.39389e-07,2.59682e-07,1,-6.84823e-07,4.66916e-07,1,-6.45967e-07,4.40424e-07,-8.59338e-14,1,2.20212e-07,-8.53485e-14,1,2.20212e-07,-9.1076e-14,1,2.20212e-07,-9.16612e-14,1,2.20212e-07,-3.87574e-07,-1.61491e-07,1,-3.87574e-07,-1.61492e-07,1,-3.87574e-07,-1.61492e-07,1,-3.87574e-07,-1.61491e-07,1,-1,-1.24824e-07,-2.57921e-07,-1,2.80014e-14,-4.40424e-07,-1,3.8856e-08,-4.66916e-07,-1,-1.65125e-08,-3.67758e-07,-1,-3.22983e-07,-1.25179e-13,2.58383e-07,-1,-7.59165e-12,2.58382e-07,-1,6.95431e-14,2.58382e-07,-1,6.95431e-14,2.70691e-07,-1,-3.69221e-08,3.87575e-07,-1,-3.87573e-07,3.62822e-07,-1,-3.28698e-07,2.88971e-07,-1,-3.67059e-07,2.90681e-07,-1,-3.87573e-07,1,5.99819e-07,2.51676e-07,1,9.68951e-07,0,1,9.68951e-07,2.55258e-13,1,3.69131e-07,4.0896e-07,1,-1.06687e-13,6.60636e-07,-3.87574e-07,-1.61492e-07,1,-3.87574e-07,-1.61492e-07,1,-3.87574e-07,-1.61492e-07,1,-3.87574e-07,-1.61492e-07,1,-1,-7.59854e-07,-2.49067e-07,-1,-6.45969e-07,-3.87573e-07,-1,-1.06578e-07,2.59682e-07,-1,-7.60906e-07,-7.83649e-08,-1,-1.29194e-06,-4.40424e-07,8.90911e-14,-1,-2.20212e-07,8.53485e-14,-1,-2.20212e-07,8.5731e-14,-1,-2.20212e-07,8.94736e-14,-1,-2.20212e-07,-3.74331e-07,1,-6.82999e-07,-2.58382e-07,1,-1.39086e-13,-2.58382e-07,1,-1.39086e-13,-2.58382e-07,1,3.60544e-07,-2.58384e-07,1,3.87573e-07,-2.62356e-07,1,3.67204e-07,-2.95809e-07,1,3.2603e-07,-2.90681e-07,1,3.87574e-07]},"texCoord0":{"type":"float32","components":2,"data":[0.313769,0.111244,0.313769,0.111251,0.313774,0.111251,0.313778,0.111251,0.313778,0.111244,0.313769,0.111306,0.313778,0.111306,0.313778,0.111241,0.313769,0.111241,0.113774,0.501538,0.113774,0.501637,0.113765,0.501637,0.113765,0.501538,0.313769,0.111244,0.313778,0.111244,0.313778,0.111251,0.313774,0.111251,0.313769,0.111251,0.313773,0.11129,0.313771,0.111282,0.313771,0.111265,0.313773,0.111257,0.313773,0.111241,0.313778,0.111241,0.313773,0.111306,0.313778,0.111306,0.313778,0.111308,0.313778,0.111302,0.313774,0.111302,0.313769,0.111302,0.313769,0.111308,0.113774,0.501637,0.113765,0.501637,0.113765,0.501538,0.113774,0.501538,0.313769,0.111308,0.313769,0.111302,0.313774,0.111302,0.313778,0.111302,0.313778,0.111308,0.313778,0.111241,0.313778,0.111306,0.313769,0.111306,0.313769,0.111241,0.313773,0.111257,0.313771,0.111265,0.313771,0.111282,0.313773,0.11129,0.313773,0.111306,0.313778,0.111306,0.313773,0.111241,0.313778,0.111241]}}],"meshes":[{"aabb":{"min":[-59.055,-59.0549,-3.27357e-05],"max":[59.055,59.0549,17.3229]},"vertices":0,"indices":[0,1,2,0,2,3,0,3,4,5,6,7,7,8,5,9,10,11,11,12,9,13,14,15,13,15,16,13,16,17,18,19,20,18,20,21,21,22,23,18,21,23,24,18,23,24,23,25,26,27,28,26,28,29,26,29,30,31,32,33,33,34,31,35,36,37,35,37,38,35,38,39,40,41,42,42,43,40,44,45,46,44,46,47,47,48,49,44,47,49,50,44,49,50,49,51],"type":"triangles","base":0,"count":96}],"meshInstances":[{"node":1,"mesh":0}]}}