{"model":{"version":3,"nodes":[{"name":"RootNode","position":[0,0,0],"rotation":[0,0,0],"scale":[0.0254,0.0254,0.0254],"scaleCompensation":false},{"name":"golf_desert_piedramediaB","position":[0,0,0],"rotation":[-90,-0,0],"scale":[1,1,1],"scaleCompensation":false}],"parents":[-1,0],"skins":[],"morphs":[],"vertices":[{"position":{"type":"float32","components":3,"data":[-68.4971,81.0071,163.612,-97.7333,-56.0928,204.499,-46.6557,61.1299,205.93,-127.415,118.793,45.7365,15.8806,141.866,-11.3637,-105.736,120.111,-6.53881,150.639,37.3171,217.077,76.3624,77.6492,230.156,154.033,-18.469,265.033,154.033,-18.469,265.033,-46.6557,61.1299,205.93,78.2869,-119.949,257.528,-97.7333,-56.0928,204.499,76.6711,-141.866,219.817,78.2869,-119.949,257.528,76.3624,77.6492,230.156,-46.6557,61.1299,205.93,154.033,-18.469,265.033,76.3624,77.6492,230.156,150.639,37.3171,217.077,134.963,65.6433,175.14,134.963,65.6433,175.14,79.2906,93.6448,202.637,76.3624,77.6492,230.156,-46.6557,61.1299,205.93,9.22055,92.4351,195.329,-68.4971,81.0071,163.612,-127.415,118.793,45.7365,-171.803,-13.2153,-13.8681,-169.506,-34.5728,0.535339,-127.415,118.793,45.7365,-169.506,-34.5728,0.535339,-125.36,-55.479,182.917,-127.415,118.793,45.7365,-125.36,-55.479,182.917,-68.4971,81.0071,163.612,-97.7333,-56.0928,204.499,78.2869,-119.949,257.528,-46.6557,61.1299,205.93,76.6711,-141.866,219.817,-97.7333,-56.0928,204.499,-115.875,-74.7424,188.961,76.6711,-141.866,219.817,-139.557,-74.9412,-11.5937,45.6728,-135.927,11.117,171.803,-35.9629,228.485,171.042,-18.469,227.625,154.033,-18.469,265.033,108.762,-116.645,235.787,171.803,-35.9629,228.485,154.033,-18.469,265.033,154.033,-18.469,265.033,78.2869,-119.949,257.528,108.762,-116.645,235.787,76.6711,-141.866,219.817,108.762,-116.645,235.787,78.2869,-119.949,257.528,171.042,-18.469,227.625,150.639,37.3171,217.077,154.033,-18.469,265.033,-125.36,-55.479,182.917,-115.875,-74.7424,188.961,-97.7333,-56.0928,204.499,-68.4971,81.0071,163.612,-125.36,-55.479,182.917,-97.7333,-56.0928,204.499,-115.875,-74.7424,188.961,-156.777,-63.7297,5.34304,-139.557,-74.9412,-11.5937,-139.557,-74.9412,-11.5937,76.6711,-141.866,219.817,-115.875,-74.7424,188.961,79.2906,93.6448,202.637,9.22055,92.4351,195.329,76.3624,77.6492,230.156,9.22055,92.4351,195.329,-46.6557,61.1299,205.93,76.3624,77.6492,230.156,-127.415,118.793,45.7365,-68.4971,81.0071,163.612,9.22055,92.4351,195.329,9.22055,92.4351,195.329,0.00775146,128.308,51.9246,-127.415,118.793,45.7365,147.005,-24.3003,6.49289,148.841,38.7974,8.19789,171.042,-18.469,227.625,171.042,-18.469,227.625,171.803,-35.9629,228.485,147.005,-24.3003,6.49289,45.6728,-135.927,11.117,79.8883,-127.459,11.9469,108.762,-116.645,235.787,108.762,-116.645,235.787,76.6711,-141.866,219.817,45.6728,-135.927,11.117,142.249,62.1047,10.6682,122.748,76.241,-7.06725,134.963,65.6433,175.14,134.963,65.6433,175.14,150.639,37.3171,217.077,142.249,62.1047,10.6682,-105.736,120.111,-6.53881,-160.536,35.0964,-12.3019,-127.415,118.793,45.7365,79.8883,-127.459,11.9469,147.005,-24.3003,6.49289,171.803,-35.9629,228.485,171.803,-35.9629,228.485,108.762,-116.645,235.787,79.8883,-127.459,11.9469,-169.506,-34.5728,0.535339,-156.777,-63.7297,5.34304,-115.875,-74.7424,188.961,-115.875,-74.7424,188.961,-125.36,-55.479,182.917,-169.506,-34.5728,0.535339,-160.536,35.0964,-12.3019,-171.803,-13.2153,-13.8681,-127.415,118.793,45.7365,148.841,38.7974,8.19789,142.249,62.1047,10.6682,150.639,37.3171,217.077,150.639,37.3171,217.077,171.042,-18.469,227.625,148.841,38.7974,8.19789,122.748,76.241,-7.06725,57.9096,126.593,-9.00187,134.963,65.6433,175.14,57.9096,126.593,-9.00187,51.0113,129.03,-4.86143,79.2906,93.6448,202.637,79.2906,93.6448,202.637,134.963,65.6433,175.14,57.9096,126.593,-9.00187,51.0113,129.03,-4.86143,15.8806,141.866,-11.3637,0.00775146,128.308,51.9246,0.00775146,128.308,51.9246,79.2906,93.6448,202.637,51.0113,129.03,-4.86143,15.8806,141.866,-11.3637,-127.415,118.793,45.7365,0.00775146,128.308,51.9246,79.2906,93.6448,202.637,0.00775146,128.308,51.9246,9.22055,92.4351,195.329]},"normal":{"type":"float32","components":3,