{"model":{"version":3,"nodes":[{"name":"RootNode","position":[0,0,0],"rotation":[0,0,0],"scale":[0.0254,0.0254,0.0254],"scaleCompensation":false},{"name":"Mesh1 Split Model","position":[0,0,0],"rotation":[-90,0,0],"scale":[1,1,1],"scaleCompensation":false}],"parents":[-1,0],"skins":[],"morphs":[],"vertices":[{"position":{"type":"float32","components":3,"data":[-59.055,59.0549,17.3229,-47.2441,59.0549,17.3229,-47.2441,59.0549,7.48033,-47.2441,59.0549,1.92425e-05,-59.055,59.0549,2.04159e-05,-59.055,59.0549,2.04159e-05,-59.055,-59.0549,-2.15892e-05,-59.055,-59.0549,17.3228,-59.055,59.0549,17.3229,-47.2441,-59.0549,17.3228,-47.2441,59.0549,17.3229,-59.055,59.0549,17.3229,-59.055,-59.0549,17.3228,5.90554,59.0549,1.92425e-05,-5.90549,59.0549,1.92425e-05,-5.90549,59.0549,7.48033,-5.90549,59.0549,17.3229,5.90554,59.0549,17.3229,5.90554,59.0549,7.48033,5.90554,-59.0549,17.3228,5.90554,-59.0549,7.4803,5.90554,59.0549,7.48033,5.90554,59.0549,17.3229,5.90554,-59.0549,-1.98292e-05,5.90554,-59.0549,7.4803,5.90554,-59.0549,17.3228,-5.90549,-59.0549,17.3228,-5.90549,-59.0549,7.4803,-5.90549,-59.0549,-1.98292e-05,-5.90549,59.0549,7.48033,-5.90549,-59.0549,7.4803,-5.90549,-59.0549,17.3228,-5.90549,59.0549,17.3229,-5.90549,59.0549,17.3229,-5.90549,-59.0549,17.3228,5.90554,-59.0549,17.3228,5.90554,59.0549,17.3229,-47.2441,-59.0549,7.4803,-47.2441,59.0549,7.48033,-47.2441,59.0549,17.3229,-47.2441,-59.0549,17.3228,-59.055,-59.0549,17.3228,-59.055,-59.0549,-2.15892e-05,-47.2441,-59.0549,-1.98292e-05,-47.2441,-59.0549,7.4803,-47.2441,-59.0549,17.3228,47.2441,-59.0549,17.3228,47.2441,-59.0549,7.4803,47.2441,-59.0549,-1.98292e-05,59.055,-59.0549,-1.98292e-05,59.055,-59.0549,17.3228,59.055,59.0549,17.3229,59.055,-59.0549,17.3228,59.055,-59.0549,-1.98292e-05,59.055,59.0549,1.98292e-05,59.055,59.0549,17.3229,47.2441,59.0549,17.3229,47.2441,-59.0549,17.3228,59.055,-59.0549,17.3228,47.2441,59.0549,7.48033,47.2441,-59.0549,7.4803,47.2441,-59.0549,17.3228,47.2441,59.0549,17.3229,59.055,59.0549,17.3229,59.055,59.0549,1.98292e-05,47.2441,59.0549,1.92425e-05,47.2441,59.0549,7.48033,47.2441,59.0549,17.3229]},"normal":{"type":"float32","components":3,"data":[-5.70872e-08,1,2.55311e-07,0,1,3.87573e-07,-2.32916e-07,1,1.08077e-07,-1.23044e-07,1,1.3632e-07,2.18764e-14,1,2.20212e-07,-1,0,0,-1,0,0,-1,0,0,-1,0,0,0,-3.22979e-07,1,0,-3.22979e-07,1,0,-3.22979e-07,1,0,-3.22979e-07,1,6.37268e-08,1,1.84514e-07,0,1,0,1.66843e-07,1,2.63437e-07,9.35129e-08,1,2.83971e-07,0,1,2.20212e-07,-1,0,0,1,4.03723e-09,3.04663e-15,1,4.03723e-09,3.12945e-15,1,4.03723e-09,1.64754e-15,1,4.03723e-09,1.56472e-15,-1.27454e-07,-1,-3.69029e-07,1,0,0,0,-1,-4.40424e-07,-1.87026e-07,-1,-5.67942e-07,-3.33686e-07,-1,-5.26873e-07,0,-1,0,-1,-4.03723e-09,-1.64754e-15,-1,-4.03723e-09,-3.12945e-15,-1,-4.03723e-09,-3.04663e-15,-1,-4.03723e-09,-1.56472e-15,0,-3.22979e-07,1,0,-3.22979e-07,1,0,-3.22979e-07,1,0,-3.22979e-07,1,1,0,0,1,0,0,1,0,0,1,0,0,1.14174e-07,-1,-5.10622e-07,6.56291e-14,-1,-4.40424e-07,2.46087e-07,-1,-2.72639e-07,4.65832e-07,-1,-2.16154e-07,0,-1,-7.75146e-07,0,-1,-4.40424e-07,-1,0,0,0,-1,-4.40424e-07,0,-1,-4.40424e-07,0,-1,-4.40424e-07,1,0,0,1,0,0,1,0,0,1,0,0,0,-3.22979e-07,1,0,-3.22979e-07,1,0,-3.22979e-07,1,0,-3.22979e-07,1,-1,0,0,-1,0,0,-1,0,0,-1,0,0,5.70873e-08,1,2.55312e-07,-1.09382e-14,1,2.20212e-07,1.23044e-07,1,1.3632e-07,2.32917e-07,1,1.08077e-07,0,1,3.87573e-07]},"texCoord0":{"type":"float32","components":2,"data":[0.313769,0.111279,0.313769,0.111285,0.313774,0.111285,0.313778,0.111285,0.313778,0.111279,0.313769,0.111242,0.313769,0.111307,0.313778,0.111307,0.313778,0.111242,0.113774,0.501538,0.113774,0.501637,0.113765,0.501637,0.113765,0.501538,0.313778,0.111264,0.313778,0.111257,0.313774,0.111257,0.313769,0.111257,0.313769,0.111264,0.313774,0.111264,0.313778,0.111307,0.313773,0.111307,0.313773,0.111242,0.313778,0.111242,0.313778,0.111264,0.313774,0.111264,0.313769,0.111264,0.313769,0.111257,0.313774,0.111257,0.313778,0.111257,0.313773,0.111242,0.313773,0.111307,0.313778,0.111307,0.313778,0.111242,0.113765,0.501637,0.113765,0.501538,0.113774,0.501538,0.113774,0.501637,0.313773,0.111307,0.313773,0.111242,0.313778,0.111242,0.313778,0.111307,0.313769,0.111279,0.313778,0.111279,0.313778,0.111285,0.313774,0.111285,0.313769,0.111285,0.313769,0.111286,0.313774,0.111286,0.313778,0.111286,0.313778,0.111292,0.313769,0.111292,0.313778,0.111242,0.313778,0.111307,0.313769,0.111307,0.313769,0.111242,0.113774,0.501637,0.113765,0.501637,0.113765,0.501538,0.113774,0.501538,0.313773,0.111242,0.313773,0.111307,0.313778,0.111307,0.313778,0.111242,0.313769,0.111292,0.313778,0.111292,0.313778,0.111286,0.313774,0.111286,0.313769,0.111286]}}],"meshes":[{"aabb":{"min":[-59.055,-59.0549,-2.15892e-05],"max":[59.055,59.0549,17.3229]},"vertices":0,"indices":[0,1,2,0,2,3,0,3,4,5,6,7,7,8,5,9,10,11,11,12,9,13,14,15,13,15,16,13,16,17,13,17,18,19,20,21,21,22,19,23,24,25,23,25,26,23,26,27,23,27,28,29,30,31,31,32,29,33,34,35,35,36,33,37,38,39,39,40,37,41,42,43,41,43,44,41,44,45,46,47,48,46,48,49,46,49,50,51,52,53,53,54,51,55,56,57,57,58,55,59,60,61,61,62,59,63,64,65,63,65,66,63,66,67],"type":"triangles","base":0,"count":114}],"meshInstances":[{"node":1,"mesh":0}]}}