{"model":{"version":3,"nodes":[{"name":"RootNode","position":[0,0,0],"rotation":[0,0,0],"scale":[0.0254,0.0254,0.0254],"scaleCompensation":false},{"name":"Mesh1 Obstacle_diamond Model","position":[0,0,0],"rotation":[-90,0,0],"scale":[1,1,1],"scaleCompensation":false}],"parents":[-1,0],"skins":[],"morphs":[],"vertices":[{"position":{"type":"float32","components":3,"data":[-31.3338,-2.67517e-06,7.48032,-31.3338,-7.36845e-06,17.3228,0,31.3339,7.48033,0,31.3339,17.3229,0,-31.3341,17.3228,31.3341,-7.36845e-06,17.3228,-31.3338,-7.36845e-06,17.3228,0,31.3339,17.3229,-31.3338,-2.67517e-06,7.48032,0,-31.3341,7.4803,-31.3338,-7.36845e-06,17.3228,0,-31.3341,17.3228,0,-31.3341,7.4803,31.3341,-2.67517e-06,7.48032,0,-31.3341,17.3228,31.3341,-7.36845e-06,17.3228,31.3341,-2.67517e-06,7.48032,0,31.3339,7.48033,31.3341,-7.36845e-06,17.3228,0,31.3339,17.3229]},"normal":{"type":"float32","components":3,"data":[-0.707107,0.707106,3.37175e-07,-0.707107,0.707106,3.47459e-07,-0.707107,0.707106,4.00799e-07,-0.707107,0.707106,4.11083e-07,0,-4.86971e-07,1,0,-4.56537e-07,1,0,-4.56537e-07,1,0,-4.26103e-07,1,-0.707109,-0.707104,-4.19822e-07,-0.707109,-0.707104,-4.19822e-07,-0.707109,-0.707104,-4.19822e-07,-0.707109,-0.707104,-4.19822e-07,0.707107,-0.707107,-4.1982e-07,0.707107,-0.707107,-4.1982e-07,0.707107,-0.707107,-4.1982e-07,0.707107,-0.707107,-4.1982e-07,0.707105,0.707109,4.19822e-07,0.707105,0.707109,4.19822e-07,0.707105,0.707109,4.19821e-07,0.707105,0.707109,4.19822e-07]},"texCoord0":{"type":"float32","components":2,"data":[0.313773,0.111286,0.313778,0.111286,0.313773,0.111269,0.313778,0.111269,0.11377,0.501593,0.113764,0.501599,0.113776,0.501599,0.11377,0.501605,0.313773,0.111286,0.313773,0.111303,0.313778,0.111286,0.313778,0.111303,0.313773,0.111303,0.313773,0.111286,0.313778,0.111303,0.313778,0.111286,0.313773,0.111286,0.313773,0.111269,0.313778,0.111286,0.313778,0.111269]}}],"meshes":[{"aabb":{"min":[-31.3338,-31.3341,7.4803],"max":[31.3341,31.3339,17.3229]},"vertices":0,"indices":[0,1,2,3,2,1,4,5,6,7,6,5,8,9,10,11,10,9,12,13,14,15,14,13,16,17,18,19,18,17],"type":"triangles","base":0,"count":30}],"meshInstances":[{"node":1,"mesh":0}]}}