{"model":{"version":3,"nodes":[{"name":"RootNode","position":[0,0,0],"rotation":[0,0,0],"scale":[0.0254,0.0254,0.0254],"scaleCompensation":false},{"name":"Mesh1 Split Model 90","position":[0,0,0],"rotation":[-90,0,0],"scale":[1,1,1],"scaleCompensation":false}],"parents":[-1,0],"skins":[],"morphs":[],"vertices":[{"position":{"type":"float32","components":3,"data":[-59.055,-59.0549,17.3228,-59.055,-47.2441,17.3228,-59.055,-47.2441,7.48032,-59.055,-47.2441,9.5508e-06,-59.055,-59.0549,7.62656e-06,-59.055,-59.0549,7.62656e-06,59.055,-59.0549,-2.68691e-05,59.055,-59.0549,17.3228,-59.055,-59.0549,17.3228,59.055,-47.2441,17.3228,-59.055,-47.2441,17.3228,-59.055,-59.0549,17.3228,59.055,-59.0549,17.3228,-59.055,5.90555,1.821e-05,-59.055,-5.90548,1.62857e-05,-59.055,-5.90548,7.48033,-59.055,-5.90548,17.3228,-59.0549,5.90555,17.3229,-59.055,5.90555,7.48033,59.055,5.90552,17.3228,59.055,5.90553,7.4803,-59.055,5.90555,7.48033,-59.0549,5.90555,17.3229,59.055,5.90553,-1.5699e-05,59.055,5.90553,7.4803,59.055,5.90552,17.3228,59.0551,-5.9055,17.3228,59.0551,-5.9055,7.4803,59.0551,-5.9055,-1.76233e-05,-59.055,-5.90548,7.48033,59.0551,-5.9055,7.4803,59.0551,-5.9055,17.3228,-59.055,-5.90548,17.3228,-59.055,-5.90548,17.3228,59.0551,-5.9055,17.3228,59.055,5.90552,17.3228,-59.0549,5.90555,17.3229,59.055,-47.2441,7.48029,-59.055,-47.2441,7.48032,-59.055,-47.2441,17.3228,59.055,-47.2441,17.3228,59.055,-59.0549,17.3228,59.055,-59.0549,-2.68691e-05,59.055,-47.2441,-2.43582e-05,59.055,-47.2441,7.48029,59.055,-47.2441,17.3228,59.055,47.2441,17.3228,59.055,47.2441,7.48031,59.055,47.2441,-8.96413e-06,59.055,59.0549,-8.21323e-06,59.055,59.0549,17.3228,-59.055,59.0549,17.3229,59.055,59.0549,17.3228,59.055,59.0549,-8.21323e-06,-59.0549,59.0549,2.68691e-05,-59.055,59.0549,17.3229,-59.055,47.2441,17.3229,59.055,47.2441,17.3228,59.055,59.0549,17.3228,-59.055,47.2441,7.48034,59.055,47.2441,7.48031,59.055,47.2441,17.3228,-59.055,47.2441,17.3229,-59.055,59.0549,17.3229,-59.0549,59.0549,2.68691e-05,-59.055,47.2441,2.49449e-05,-59.055,47.2441,7.48034,-59.055,47.2441,17.3229]},"normal":{"type":"float32","components":3,"data":[-1,-1.42851e-07,-1.71419e-07,-1,-3.22982e-07,-3.87573e-07,-1,-9.00654e-08,-1.08077e-07,-1,0,0,-1,0,0,-6.72662e-14,-1,-2.20212e-07,-6.43161e-14,-1,-2.20212e-07,-6.46175e-14,-1,-2.20212e-07,-6.75676e-14,-1,-2.20212e-07,3.0683e-07,-1.61491e-07,1,3.0683e-07,-1.61491e-07,1,3.0683e-07,-1.61491e-07,1,3.0683e-07,-1.61491e-07,1,-1,0.000205955,-1.55043e-08,-1,-3.22978e-07,-5.09965e-07,-1,-1.03447e-07,-1.63338e-07,-1,3.99869e-07,2.72638e-07,-1,6.45955e-07,4.40424e-07,0.351123,0.936329,0,1.8975e-07,1,1.4534e-07,1.8975e-07,1,1.4534e-07,1.8975e-07,1,1.4534e-07,1.8975e-07,1,1.4534e-07,1,1.23325e-05,-1.00619e-07,-0.0510696,-0.998695,-1.64944e-07,1,1.25961e-05,2.08036e-12,1,1.23796e-05,-1.4765e-07,1,1.21063e-05,-2.63435e-07,1,1.22731e-05,2.34708e-12,-1.8975e-07,-1,-1.4534e-07,-1.8975e-07,-1,-1.4534e-07,-1.8975e-07,-1,-1.4534e-07,-1.8975e-07,-1,-1.4534e-07,3.05805e-07,-3.12731e-07,1,2.9068e-07,-1.61485e-07,1,2.91705e-07,-1.71732e-07,1,3.0683e-07,-3.22978e-07,1,1.93787e-07,1,3.87573e-07,1.93787e-07,1,3.87573e-07,1.93787e-07,1,3.87573e-07,1.93787e-07,1,3.87573e-07,1,-6.45965e-07,-1.64922e-13,1,-6.45965e-07,-1.42249e-13,1,-6.45965e-07,-8.80579e-14,1,-6.45965e-07,-6.9814e-14,1,-6.45965e-07,-2.50359e-13,1,1.9994e-07,-8.38919e-08,-0.605083,0.796162,3.08571e-07,1,1.40006e-14,-2.20212e-07,1,1.23044e-07,-1.3632e-07,1,3.22984e-07,7.11249e-14,-3.22978e-08,1,2.20212e-07,-3.22978e-08,1,2.20212e-07,-3.22978e-08,1,2.20212e-07,-3.22978e-08,1,2.20212e-07,3.0683e-07,-1.61492e-07,1,3.0683e-07,-1.61492e-07,1,3.0683e-07,-1.61492e-07,1,3.0683e-07,-1.61492e-07,1,-2.26085e-07,-1,-3.87573e-07,-2.26085e-07,-1,-3.87573e-07,-2.26085e-07,-1,-3.87573e-07,-2.26085e-07,-1,-3.87573e-07,-1,9.80121e-09,-1.52686e-07,-1,1.29194e-06,-6.60636e-07,-1,6.7975e-08,1.73866e-07,-1,-1.47532e-06,9.952e-07,-1,-3.22984e-07,-3.87573e-07]},"texCoord0":{"type":"float32","components":2,"data":[0.313769,0.111279,0.313769,0.111285,0.313774,0.111285,0.313778,0.111285,0.313778,0.111279,0.313769,0.111242,0.313769,0.111307,0.313778,0.111307,0.313778,0.111242,0.113774,0.501538,0.113774,0.501637,0.113765,0.501637,0.113765,0.501538,0.313778,0.111264,0.313778,0.111257,0.313774,0.111257,0.313769,0.111257,0.313769,0.111264,0.313774,0.111264,0.313778,0.111307,0.313773,0.111307,0.313773,0.111242,0.313778,0.111242,0.313778,0.111264,0.313774,0.111264,0.313769,0.111264,0.313769,0.111257,0.313774,0.111257,0.313778,0.111257,0.313773,0.111242,0.313773,0.111307,0.313778,0.111307,0.313778,0.111242,0.113765,0.501637,0.113765,0.501538,0.113774,0.501538,0.113774,0.501637,0.313773,0.111307,0.313773,0.111242,0.313778,0.111242,0.313778,0.111307,0.313769,0.111279,0.313778,0.111279,0.313778,0.111285,0.313774,0.111285,0.313769,0.111285,0.313769,0.111286,0.313774,0.111286,0.313778,0.111286,0.313778,0.111292,0.313769,0.111292,0.313778,0.111242,0.313778,0.111307,0.313769,0.111307,0.313769,0.111242,0.113774,0.501637,0.113765,0.501637,0.113765,0.501538,0.113774,0.501538,0.313773,0.111242,0.313773,0.111307,0.313778,0.111307,0.313778,0.111242,0.313769,0.111292,0.313778,0.111292,0.313778,0.111286,0.313774,0.111286,0.313769,0.111286]}}],"meshes":[{"aabb":{"min":[-59.055,-59.0549,-2.68691e-05],"max":[59.0551,59.0549,17.3229]},"vertices":0,"indices":[0,1,2,0,2,3,0,3,4,5,6,7,7,8,5,9,10,11,11,12,9,13,14,15,13,15,16,13,16,17,13,17,18,19,20,21,21,22,19,23,24,25,23,25,26,23,26,27,23,27,28,29,30,31,31,32,29,33,34,35,35,36,33,37,38,39,39,40,37,41,42,43,41,43,44,41,44,45,46,47,48,46,48,49,46,49,50,51,52,53,53,54,51,55,56,57,57,58,55,59,60,61,61,62,59,63,64,65,63,65,66,63,66,67],"type":"triangles","base":0,"count":114}],"meshInstances":[{"node":1,"mesh":0}]}}