{"model":{"version":3,"nodes":[{"name":"RootNode","position":[0,0,0],"rotation":[0,0,0],"scale":[0.0254,0.0254,0.0254],"scaleCompensation":false},{"name":"LEVEL21-rampaborde","position":[0,0,0],"rotation":[-90,-0,0],"scale":[0.3937,0.3937,0.3937],"scaleCompensation":false}],"parents":[-1,0],"skins":[],"morphs":[],"vertices":[{"position":{"type":"float32","components":3,"data":[-1489.14,396.088,-1180,-1489.14,426.087,-1180,-1489.14,426.087,-1136,-1489.14,396.086,-1136,-1489.14,396.086,-1136,-1789.14,396.086,-1224,-1789.14,396.088,-1268,-1789.14,396.088,-1268,-1489.14,396.088,-1180,-1489.14,396.086,-1136,-1489.14,396.086,-1136,-1489.14,426.087,-1136,-1789.14,426.087,-1224,-1789.14,426.087,-1224,-1789.14,396.086,-1224,-1489.14,396.086,-1136,-1489.14,426.087,-1180,-1789.14,426.087,-1268,-1789.14,426.087,-1224,-1789.14,426.087,-1224,-1489.14,426.087,-1136,-1489.14,426.087,-1180,-1489.14,1296.09,-1136,-1489.14,1266.09,-1136,-1489.14,1266.09,-1180,-1489.14,1266.09,-1180,-1489.14,1296.09,-1180,-1789.14,1296.09,-1268,-1789.14,1296.09,-1224,-1489.14,1296.09,-1136,-1489.14,1296.09,-1180,-1789.14,1266.09,-1224,-1489.14,1266.09,-1136,-1489.14,1296.09,-1136,-1489.14,1296.09,-1136,-1789.14,1296.09,-1224,-1789.14,1266.09,-1224,-1789.14,1266.09,-1224,-1789.14,1266.09,-1249,-1489.14,1266.09,-1180,-1489.14,1266.09,-1136,-1789.14,396.088,-1268,-1789.14,396.086,-1224,-1789.14,426.087,-1224,-1789.14,426.087,-1224,-1789.14,426.087,-1268,-1789.14,396.088,-1268,-1789.14,1266.09,-1249,-1789.14,1266.09,-1224,-1789.14,1296.09,-1224,-1789.14,1296.09,-1268,-1789.14,1266.09,-1249,-1789.14,426.087,-1268,-1489.14,426.087,-1180,-1489.14,396.088,-1180,-1489.14,396.088,-1180,-1789.14,396.088,-1268,-1789.14,426.087,-1268,-1789.14,1296.09,-1268,-1489.14,1296.09,-1180,-1489.14,1266.09,-1180,-1489.14,1266.09,-1180,-1789.14,1266.09,-1249,-1789.14,1296.09,-1268]},"normal":{"type":"float32","components":3,"data":[1,0,0,1,0,0,1,0,0,1,0,0,1.00709e-05,-1,-3.46791e-05,1.00709e-05,-1,-3.46791e-05,1.00709e-05,-1,-3.46791e-05,1.03761e-05,-1,-3.53727e-05,1.03761e-05,-1,-3.53727e-05,1.03761e-05,-1,-3.53727e-05,-0.281475,0,0.959569,-0.281475,0,0.959569,-0.281475,0,0.959569,-0.281476,-8.01721e-06,0.959568,-0.281476,-8.01721e-06,0.959568,-0.281476,-8.01721e-06,0.959568,0,1,0,0,1,0,0,1,0,-1.01726e-07,1,6.93581e-07,-1.01726e-07,1,6.93581e-07,-1.01726e-07,1,6.93581e-07,1,0,0,1,0,0,1,0,0,1,0,0,1,0,0,0,1,0,0,1,0,0,1,0,0,1,0,-0.281475,0,0.959569,-0.281475,0,0.959569,-0.281475,0,0.959569,-0.281476,8.01696e-06,0.959568,-0.281476,8.01697e-06,0.959568,-0.281476,8.01696e-06,0.959568,0,-1,0,0,-1,0,0,-1,0,0,-1,0,-1,-2.84828e-05,-9.87756e-10,-1,-2.84828e-05,-9.87756e-10,-1,-2.84828e-05,-9.87756e-10,-1,0,-1.94203e-05,-1,0,-1.94203e-05,-1,0,-1.94203e-05,-1,2.84819e-05,0,-1,2.84819e-05,0,-1,2.84819e-05,0,-1,2.84819e-05,0,-1,2.84819e-05,0,0.281476,0,-0.959568,0.281476,0,-0.959568,0.281476,0,-0.959568,0.281476,0,-0.959568,0.281476,0,-0.959568,0.281476,0,-0.959568,0.281475,0,-0.959568,0.281475,0,-0.959569,0.281475,0,-0.959569,0.190743,-0.52522,-0.829314,0.190743,-0.52522,-0.829314,0.190743,-0.52522,-0.829314]},"texCoord0":{"type":"float32","components":2,"data":[0.374155,0.115715,0.372481,0.113025,0.370214,0.113025,0.370214,0.115715,0.374155,0.0874595,0.374156,0.116703,0.370199,0.117863,0.370199,0.117863,0.3702,0.0886195,0.374155,0.0874595,0.896278,0.647835,0.887762,0.647835,0.887762,0.558479,0.887762,0.558479,0.896278,0.558479,0.896278,0.647835,0.37193,0.0888728,0.371927,0.117371,0.374155,0.116728,0.374155,0.116728,0.374154,0.08823,0.37193,0.0888728,0.370214,0.0888222,0.370214,0.0915115,0.372481,0.0915115,0.374155,0.0915115,0.374155,0.0888222,0.370199,0.117863,0.374156,0.116703,0.374155,0.0874595,0.3702,0.0886195,0.896278,0.558451,0.896278,0.647807,0.887763,0.647807,0.887763,0.647807,0.887763,0.558451,0.896278,0.558451,0.374154,0.116683,0.371929,0.117326,0.371932,0.0888279,0.374154,0.0881851,0.371927,0.117371,0.374155,0.116728,0.374155,0.116728,0.374155,0.116728,0.371927,0.117371,0.371927,0.117371,0.370199,0.117863,0.374156,0.116703,0.374156,0.116703,0.370199,0.117863,0.370199,0.117863,0.370199,0.117863,0.3702,0.0886195,0.3702,0.0886195,0.3702,0.0886195,0.370199,0.117863,0.370199,0.117863,0.371929,0.117326,0.371932,0.0888279,0.371932,0.0888279,0.371932,0.0888279,0.371929,0.117326,0.371929,0.117326]}}],"meshes":[{"aabb":{"min":[-1789.14,396.086,-1268],"max":[-1489.14,1296.09,-1136]},"vertices":0,"indices":[0,1,2,0,2,3,4,5,6,7,8,9,10,11,12,13,14,15,16,17,18,19,20,21,22,23,24,22,25,26,27,28,29,29,30,27,31,32,33,34,35,36,37,38,39,39,40,37,41,42,43,44,45,46,47,48,49,49,50,51,52,53,54,55,56,57,58,59,60,61,62,63],"type":"triangles","base":0,"count":72}],"meshInstances":[{"node":1,"mesh":0}]}}