{"model":{"version":3,"nodes":[{"name":"RootNode","position":[0,0,0],"rotation":[0,0,0],"scale":[0.0254,0.0254,0.0254],"scaleCompensation":false},{"name":"golf_bosque_helechoA","position":[0,0,0],"rotation":[-90,-0,0],"scale":[1,1,1],"scaleCompensation":false}],"parents":[-1,0],"skins":[],"morphs":[],"vertices":[{"position":{"type":"float32","components":3,"data":[0.0243797,60.9759,-0.481647,0.0342979,-62.488,-0.538818,0.033474,-62.7966,85.9005,0.0396996,60.0369,85.9789,62.0682,0.694273,-0.508297,-60.9126,0.396482,-0.516998,-61.7959,0.255735,85.9334,61.8371,0.25366,85.9527,0.436977,-63.2189,-0.403767,0.426876,60.245,-0.460796,0.427731,60.5536,85.9784,0.421658,-62.2798,86.057,-61.6155,-0.60895,-0.508297,61.3654,-0.31122,-0.516998,62.2487,-0.170412,85.9334,-61.3843,-0.16852,85.9527]},"normal":{"type":"float32","components":3,"data":[-1,-5.83742e-07,0.000104443,-1,-8.03284e-05,-9.81918e-06,-1,-2.94039e-05,6.31478e-05,-1,5.05697e-05,0.000177738,-0.000931192,0.999992,0.00373886,-0.00242154,0.999996,0.00160332,-0.0014697,0.999994,0.00296722,1.5988e-05,0.999987,0.00509606,1,1.92008e-06,0.000104294,1,8.18113e-05,-1.01776e-05,1,3.07932e-05,6.29236e-05,1,-4.93272e-05,0.000177724,0.000931904,-0.999992,0.00373784,0.00242105,-0.999996,0.00160403,0.00146998,-0.999995,0.00296683,-1.45073e-05,-0.999987,0.00509394]},"texCoord0":{"type":"float32","components":2,"data":[0.363305,0.248185,0.684603,0.248201,0.684827,0.476032,0.36314,0.476032,0.363305,0.248185,0.684603,0.248201,0.684827,0.476032,0.36314,0.476032,0.363305,0.248185,0.684603,0.248201,0.684827,0.476032,0.36314,0.476032,0.363305,0.248185,0.684603,0.248201,0.684827,0.476032,0.36314,0.476032]}}],"meshes":[{"aabb":{"min":[-61.7959,-63.2189,-0.538818],"max":[62.2487,60.9759,86.057]},"vertices":0,"indices":[0,1,2,2,3,0,4,5,6,6,7,4,8,9,10,10,11,8,12,13,14,14,15,12],"type":"triangles","base":0,"count":24}],"meshInstances":[{"node":1,"mesh":0}]}}