{"model":{"version":3,"nodes":[{"name":"RootNode","position":[0,0,0],"rotation":[0,0,0],"scale":[0.0254,0.0254,0.0254],"scaleCompensation":false},{"name":"Mesh1 End Model 90","position":[0,0,0],"rotation":[-90,0,0],"scale":[1,1,1],"scaleCompensation":false}],"parents":[-1,0],"skins":[],"morphs":[],"vertices":[{"position":{"type":"float32","components":3,"data":[-59.055,59.0549,-1.58398e-05,-59.055,47.2441,-1.65907e-05,-59.055,47.2441,7.4803,-59.055,47.2441,17.3228,-59.055,59.0549,17.3228,59.055,-59.0549,17.3228,47.2441,-47.2441,17.3228,-59.055,-47.2441,17.3228,-59.0549,-59.0549,17.3228,-59.0549,-59.0549,17.3228,-59.055,-47.2441,17.3228,-59.055,-47.2441,7.48028,-59.055,-47.2441,-3.19848e-05,-59.0549,-59.0549,-3.44957e-05,59.055,-59.0549,17.3228,-59.0549,-59.0549,17.3228,-59.0549,-59.0549,-3.44957e-05,59.055,-59.0549,1.52531e-05,59.055,59.0549,17.3229,59.055,-59.0549,17.3228,59.055,-59.0549,1.52531e-05,59.055,59.0549,3.3909e-05,-59.055,59.0549,-1.58398e-05,-59.055,59.0549,17.3228,59.055,59.0549,17.3229,59.055,59.0549,3.3909e-05,-59.055,47.2441,17.3228,-59.055,47.2441,7.4803,47.2441,47.2441,7.48034,47.2441,47.2441,17.3229,47.2441,-47.2441,17.3228,47.2441,47.2441,17.3229,47.2441,47.2441,7.48034,47.2441,-47.2441,7.48033,47.2441,-47.2441,17.3228,47.2441,-47.2441,7.48033,-59.055,-47.2441,7.48028,-59.055,-47.2441,17.3228,47.2441,-47.2441,17.3228,59.055,-59.0549,17.3228,59.055,59.0549,17.3229,47.2441,47.2441,17.3229,47.2441,47.2441,17.3229,59.055,59.0549,17.3229,-59.055,59.0549,17.3228,-59.055,47.2441,17.3228]},"normal":{"type":"float32","components":3,"data":[-1,-3.91911e-08,-3.51076e-07,-1,3.24226e-14,-5.09965e-07,-1,2.19536e-07,-1.63336e-07,-1,-7.68961e-08,-2.7264e-07,-1,-3.22984e-07,-4.40424e-07,-3.5841e-07,-1.92822e-07,1,-3.58865e-07,-1.97375e-07,1,-3.8803e-07,-1.66046e-07,1,-3.87574e-07,-1.61492e-07,1,-1,-7.59854e-07,-2.49068e-07,-1,-6.45969e-07,-3.87573e-07,-1,-1.06578e-07,2.59682e-07,-1,-7.60906e-07,-7.83648e-08,-1,-1.29194e-06,-4.40424e-07,9.20683e-14,-1,-2.20212e-07,8.53485e-14,-1,-2.20212e-07,8.60352e-14,-1,-2.20212e-07,9.2755e-14,-1,-2.20212e-07,1,2.93035e-08,4.6084e-07,1,-1.06686e-13,6.60636e-07,1,2.99424e-09,6.4022e-07,1,3.22978e-08,4.40424e-07,-8.60352e-14,1,2.20212e-07,-8.53485e-14,1,2.20212e-07,-9.20683e-14,1,2.20212e-07,-9.2755e-14,1,2.20212e-07,2.87092e-07,-1,-3.87573e-07,2.87092e-07,-1,-3.87573e-07,2.87092e-07,-1,-3.87573e-07,2.87092e-07,-1,-3.87573e-07,-1,-3.22977e-07,-3.87573e-07,-1,-3.22977e-07,-3.87573e-07,-1,-3.22977e-07,-3.87573e-07,-1,-3.22977e-07,-3.87573e-07,-2.87092e-07,1,3.87573e-07,-2.87092e-07,1,3.87573e-07,-2.87092e-07,1,3.87573e-07,-2.87092e-07,1,3.87573e-07,-3.58865e-07,-1.97375e-07,1,-3.5841e-07,-1.92822e-07,1,-3.55279e-07,-1.29194e-07,1,-3.55448e-07,-1.3071e-07,1,-3.55448e-07,-1.3071e-07,1,-3.55279e-07,-1.29194e-07,1,-3.94246e-07,-1.56942e-07,1,-3.94751e-07,-1.61492e-07,1]},"texCoord0":{"type":"float32","components":2,"data":[0.313778,0.111241,0.313778,0.111248,0.313774,0.111248,0.313769,0.111248,0.313769,0.111241,0.113774,0.501635,0.113765,0.501625,0.113765,0.501538,0.113774,0.501538,0.31378,0.111325,0.313769,0.111325,0.313769,0.111315,0.313769,0.111308,0.31378,0.111308,0.313778,0.11124,0.313778,0.111305,0.313769,0.111305,0.313769,0.11124,0.313769,0.111241,0.313769,0.111305,0.313778,0.111305,0.313778,0.111241,0.313769,0.111305,0.313778,0.111305,0.313778,0.11124,0.313769,0.11124,0.313778,0.111305,0.313773,0.111305,0.313773,0.111246,0.313778,0.111246,0.313769,0.111299,0.313769,0.111248,0.313774,0.111248,0.313774,0.111299,0.313778,0.111246,0.313773,0.111246,0.313773,0.111305,0.313778,0.111305,0.113774,0.501623,0.113765,0.501632,0.113765,0.501541,0.113774,0.50155,0.113774,0.501622,0.113765,0.501631,0.113765,0.50154,0.113774,0.50154]}}],"meshes":[{"aabb":{"min":[-59.055,-59.0549,-3.44957e-05],"max":[59.055,59.0549,17.3229]},"vertices":0,"indices":[0,1,2,0,2,3,0,3,4,5,6,7,7,8,5,9,10,11,9,11,12,9,12,13,14,15,16,16,17,14,18,19,20,20,21,18,22,23,24,24,25,22,26,27,28,28,29,26,30,31,32,32,33,30,34,35,36,36,37,34,38,39,40,40,41,38,42,43,44,44,45,42],"type":"triangles","base":0,"count":72}],"meshInstances":[{"node":1,"mesh":0}]}}