{"model":{"version":3,"nodes":[{"name":"RootNode","position":[0,0,0],"rotation":[0,0,0],"scale":[0.0254,0.0254,0.0254],"scaleCompensation":false},{"name":"LEVEL101-flechas","position":[0,0,0],"rotation":[-90,-0,0],"scale":[0.3937,0.3937,0.3937],"scaleCompensation":false}],"parents":[-1,0],"skins":[],"morphs":[],"vertices":[{"position":{"type":"float32","components":3,"data":[-3711.56,848.627,-1227.66,-3769.35,892.441,-1248.91,-3769.35,804.746,-1248.91,-3619.98,848.627,-1192.73,-3677.77,892.441,-1213.99,-3677.77,804.746,-1213.99,-3802.04,848.627,-1260.92,-3859.83,892.441,-1282.18,-3859.83,804.746,-1282.18,-3705.25,848.629,-1225.33,-3773.01,900.003,-1250.26,-3769.35,892.441,-1248.91,-3769.35,892.441,-1248.91,-3711.56,848.627,-1227.66,-3705.25,848.629,-1225.33,-3773.01,900.003,-1250.26,-3773.01,797.177,-1250.26,-3769.35,804.746,-1248.91,-3769.35,804.746,-1248.91,-3769.35,892.441,-1248.91,-3773.01,900.003,-1250.26,-3773.01,797.177,-1250.26,-3705.25,848.629,-1225.33,-3711.56,848.627,-1227.66,-3711.56,848.627,-1227.66,-3769.35,804.746,-1248.91,-3773.01,797.177,-1250.26,-3613.67,848.629,-1190.41,-3681.43,900.003,-1215.34,-3677.77,892.441,-1213.99,-3677.77,892.441,-1213.99,-3619.98,848.627,-1192.73,-3613.67,848.629,-1190.41,-3681.43,900.003,-1215.34,-3681.43,797.177,-1215.34,-3677.77,804.746,-1213.99,-3677.77,804.746,-1213.99,-3677.77,892.441,-1213.99,-3681.43,900.003,-1215.34,-3681.43,797.177,-1215.34,-3613.67,848.629,-1190.41,-3619.98,848.627,-1192.73,-3619.98,848.627,-1192.73,-3677.77,804.746,-1213.99,-3681.43,797.177,-1215.34,-3795.73,848.629,-1258.6,-3863.49,900.003,-1283.52,-3859.83,892.441,-1282.18,-3859.83,892.441,-1282.18,-3802.04,848.627,-1260.92,-3795.73,848.629,-1258.6,-3863.49,900.003,-1283.52,-3863.49,797.177,-1283.52,-3859.83,804.746,-1282.18,-3859.83,804.746,-1282.18,-3859.83,892.441,-1282.18,-3863.49,900.003,-1283.52,-3863.49,797.177,-1283.52,-3795.73,848.629,-1258.6,-3802.04,848.627,-1260.92,-3802.04,848.627,-1260.92,-3859.83,804.746,-1282.18,-3863.49,797.177,-1283.52]},"normal":{"type":"float32","components":3,"data":[-0.34523,0,0.938518,-0.34523,0,0.938518,-0.34523,0,0.938518,-0.34523,0,0.938518,-0.34523,0,0.938518,-0.34523,0,0.938518,-0.34523,0,0.938518,-0.34523,0,0.938518,-0.34523,0,0.938518,-0.34523,4.41554e-08,0.938518,-0.34523,4.41554e-08,0.938518,-0.34523,4.41554e-08,0.938518,-0.345231,-1.60499e-06,0.938518,-0.345231,-1.60499e-06,0.938518,-0.345231,-1.60499e-06,0.938518,-0.34523,0,0.938518,-0.34523,0,0.938518,-0.34523,0,0.938518,-0.34523,0,0.938518,-0.34523,0,0.938518,-0.34523,0,0.938518,-0.345231,1.45638e-06,0.938518,-0.345231,1.45638e-06,0.938518,-0.345231,1.45638e-06,0.938518,-0.34523,-1.55241e-07,0.938518,-0.34523,-1.55241e-07,0.938518,-0.34523,-1.55241e-07,0.938518,-0.34523,4.41554e-08,0.938518,-0.34523,4.41554e-08,0.938518,-0.34523,4.41554e-08,0.938518,-0.34523,-4.1419e-07,0.938518,-0.345231,-4.1419e-07,0.938518,-0.345231,-4.1419e-07,0.938518,-0.34523,0,0.938518,-0.34523,0,0.938518,-0.34523,0,0.938518,-0.34523,0,0.938518,-0.34523,0,0.938518,-0.34523,0,0.938518,-0.345231,3.53062e-07,0.938518,-0.345231,3.53062e-07,0.938518,-0.345231,3.53062e-07,0.938518,-0.34523,-7.76207e-08,0.938518,-0.34523,-7.76207e-08,0.938518,-0.34523,-7.76207e-08,0.938518,-0.34523,4.41554e-08,0.938518,-0.34523,4.41554e-08,0.938518,-0.34523,4.41554e-08,0.938518,-0.345231,-8.28381e-07,0.938518,-0.345231,-8.28382e-07,0.938518,-0.345231,-8.28381e-07,0.938518,-0.34523,0,0.938518,-0.34523,0,0.938518,-0.34523,0,0.938518,-0.34523,0,0.938518,-0.34523,0,0.938518,-0.34523,0,0.938518,-0.345231,7.06125e-07,0.938518,-0.345231,7.06125e-07,0.938518,-0.345231,7.06125e-07,0.938518,-0.34523,-1.03494e-07,0.938518,-0.34523,-1.03494e-07,0.938518,-0.34523,-1.03494e-07,0.938518]},"texCoord0":{"type":"float32","components":2,"data":[0.859017,0.880883,0.859017,0.880883,0.859017,0.880883,0.859017,0.880883,0.859017,0.880883,0.859017,0.880883,0.859017,0.880883,0.859017,0.880883,0.859017,0.880883,0.956393,0.875773,0.95632,0.875773,0.95632,0.875773,0.95632,0.875773,0.956393,0.875773,0.956393,0.875773,0.95632,0.875773,0.95632,0.875699,0.95632,0.875699,0.95632,0.875699,0.95632,0.875773,0.95632,0.875773,0.95632,0.875699,0.956393,0.875773,0.956393,0.875773,0.956393,0.875773,0.95632,0.875699,0.95632,0.875699,0.956393,0.875773,0.95632,0.875773,0.95632,0.875773,0.95632,0.875773,0.956393,0.875773,0.956393,0.875773,0.95632,0.875773,0.95632,0.875699,0.95632,0.875699,0.95632,0.875699,0.95632,0.875773,0.95632,0.875773,0.95632,0.875699,0.956393,0.875773,0.956393,0.875773,0.956393,0.875773,0.95632,0.875699,0.95632,0.875699,0.956393,0.875773,0.95632,0.875773,0.95632,0.875773,0.95632,0.875773,0.956393,0.875773,0.956393,0.875773,0.95632,0.875773,0.95632,0.875699,0.95632,0.875699,0.95632,0.875699,0.95632,0.875773,0.95632,0.875773,0.95632,0.875699,0.956393,0.875773,0.956393,0.875773,0.956393,0.875773,0.95632,0.875699,0.95632,0.875699]}}],"meshes":[{"aabb":{"min":[-3863.49,797.177,-1283.52],"max":[-3613.67,900.003,-1190.41]},"vertices":0,"indices":[0,1,2,3,4,5,6,7,8,9,10,11,12,13,14,15,16,17,18,19,20,21,22,23,24,25,26,27,28,29,30,31,32,33,34,35,36,37,38,39,40,41,42,43,44,45,46,47,48,49,50,51,52,53,54,55,56,57,58,59,60,61,62],"type":"triangles","base":0,"count":63}],"meshInstances":[{"node":1,"mesh":0}]}}