{"model":{"version":3,"nodes":[{"name":"RootNode","position":[0,0,0],"rotation":[0,0,0],"scale":[0.0254,0.0254,0.0254],"scaleCompensation":false},{"name":"golf_bosque_piedragrandeB","position":[0,0,0],"rotation":[-90,-0,0],"scale":[1,1,1],"scaleCompensation":false}],"parents":[-1,0],"skins":[],"morphs":[],"vertices":[{"position":{"type":"float32","components":3,"data":[-82.3754,67.2269,-7.38138,-108.548,42.6116,136.409,43.0225,90.4205,84.6779,43.0225,90.4205,84.6779,-88.6748,-65.9758,141.662,126.522,-9.56921,69.6431,-82.3754,67.2269,-7.38138,43.0225,90.4205,84.6779,54.9684,100.945,-5.28951,-108.548,42.6116,136.409,-88.6748,-65.9758,141.662,43.0225,90.4205,84.6779,-130.05,25.4178,-5.41125,-108.548,42.6116,136.409,-82.3754,67.2269,-7.38138,-130.05,25.4178,-5.41125,-88.6748,-65.9758,141.662,-108.548,42.6116,136.409,-130.05,25.4178,-5.41125,-101.857,-90.8051,-6.90544,-88.6748,-65.9758,141.662,-101.857,-90.8051,-6.90544,-17.4119,-100.945,-4.83447,-88.6748,-65.9758,141.662,-17.4119,-100.945,-4.83447,126.522,-9.56921,69.6431,-88.6748,-65.9758,141.662,54.9684,100.945,-5.28951,43.0225,90.4205,84.6779,126.522,-9.56921,69.6431,126.522,-9.56921,69.6431,130.05,21.6276,-4.50034,54.9684,100.945,-5.28951,99.7155,-20.4784,-5.73183,130.05,21.6276,-4.50034,126.522,-9.56921,69.6431,126.522,-9.56921,69.6431,-17.4119,-100.945,-4.83447,99.7155,-20.4784,-5.73183]},"normal":{"type":"float32","components":3,"data":[-0.262487,0.957913,0.116207,-0.262487,0.957913,0.116207,-0.262487,0.957913,0.116207,0.291901,0.100747,0.951128,0.291901,0.100747,0.951128,0.291901,0.100747,0.951128,-0.238798,0.967644,0.0814861,-0.238798,0.967644,0.0814861,-0.238798,0.967644,0.0814861,0.293106,0.0996391,0.950874,0.293106,0.0996391,0.950874,0.293106,0.0996391,0.950874,-0.659115,0.751992,0.00876193,-0.659115,0.751992,0.00876193,-0.659115,0.751992,0.00876193,-0.971121,-0.169612,0.167798,-0.971121,-0.169613,0.167798,-0.971121,-0.169612,0.167798,-0.963843,-0.235405,0.124865,-0.963843,-0.235405,0.124865,-0.963843,-0.235405,0.124865,-0.121604,-0.97719,0.174103,-0.121604,-0.97719,0.174103,-0.121604,-0.97719,0.174103,0.35052,-0.858058,0.37533,0.35052,-0.858058,0.37533,0.35052,-0.858058,0.37533,0.768563,0.615639,0.174068,0.768563,0.615639,0.174068,0.768563,0.615639,0.174068,0.68925,0.655511,0.308608,0.689251,0.655511,0.308608,0.689251,0.655511,0.308608,0.797539,-0.568679,-0.201333,0.797539,-0.568679,-0.201333,0.797539,-0.568679,-0.201333,0.563934,-0.821777,-0.0816213,0.563934,-0.821777,-0.0816212,0.563934,-0.821777,-0.0816212]},"texCoord0":{"type":"float32","components":2,"data":[0.69231,0.209993,0.692564,0.209993,0.692564,0.210248,0.69231,0.209993,0.692564,0.209993,0.692564,0.210248,0.692564,0.209993,0.692564,0.210248,0.69231,0.210248,0.69231,0.209993,0.692564,0.209993,0.692564,0.210248,0.69231,0.209993,0.692564,0.209993,0.692564,0.210248,0.69231,0.209993,0.692564,0.209993,0.692564,0.210248,0.69231,0.209993,0.692564,0.209993,0.692564,0.210248,0.69231,0.209993,0.692564,0.210248,0.69231,0.210248,0.69231,0.209993,0.692564,0.209993,0.692564,0.210248,0.692564,0.209993,0.692564,0.210248,0.69231,0.210248,0.69231,0.210248,0.69231,0.209993,0.692564,0.209993,0.692564,0.210248,0.69231,0.210248,0.69231,0.209993,0.69231,0.209993,0.692564,0.209993,0.692564,0.210248]}}],"meshes":[{"aabb":{"min":[-130.05,-100.945,-7.38138],"max":[130.05,100.945,141.662]},"vertices":0,"indices":[0,1,2,3,4,5,6,7,8,9,10,11,12,13,14,15,16,17,18,19,20,21,22,23,24,25,26,27,28,29,30,31,32,33,34,35,36,37,38],"type":"triangles","base":0,"count":39}],"meshInstances":[{"node":1,"mesh":0}]}}