{"model":{"version":3,"nodes":[{"name":"RootNode","position":[0,0,0],"rotation":[0,0,0],"scale":[0.0254,0.0254,0.0254],"scaleCompensation":false},{"name":"Mesh1 Square_corner_1 Model","position":[0,0,0],"rotation":[-90,0,0],"scale":[1,1,1],"scaleCompensation":false}],"parents":[-1,0],"skins":[],"morphs":[],"vertices":[{"position":{"type":"float32","components":3,"data":[59.055,59.0549,17.3229,59.055,59.0549,1.98292e-05,-47.2441,59.0549,1.92425e-05,-47.2441,59.0549,17.3229,-59.055,-59.0549,17.3228,-47.2441,-59.0549,17.3228,-47.2441,47.2441,17.3228,-59.055,47.2441,17.3228,-59.055,-59.0549,17.3228,-59.055,47.2441,17.3228,-59.055,47.2441,1.53941e-05,-59.055,-59.0549,-2.15892e-05,-59.055,-59.0549,-2.15892e-05,-47.2441,-59.0549,-1.98292e-05,-47.2441,-59.0549,7.4803,-47.2441,-59.0549,17.3228,-59.055,-59.0549,17.3228,-59.055,47.2441,1.53941e-05,-59.055,47.2441,17.3228,-47.2441,59.0549,17.3229,-47.2441,59.0549,1.92425e-05,59.055,-47.2441,7.4803,47.2441,-59.0549,7.4803,47.2441,-59.0549,17.3228,59.055,-47.2441,17.3228,59.055,-59.0549,17.3228,59.055,-47.2441,17.3228,47.2441,-59.0549,17.3228,47.2441,-59.0549,17.3228,47.2441,-59.0549,7.4803,47.2441,-59.0549,-1.98292e-05,59.055,-59.0549,-1.98292e-05,59.055,-59.0549,17.3228,59.055,-59.0549,17.3228,59.055,-59.0549,-1.98292e-05,59.055,-47.2441,-1.53941e-05,59.055,-47.2441,7.4803,59.055,-47.2441,17.3228,59.055,47.2441,17.3228,59.055,47.2441,7.48033,59.055,47.2441,1.53941e-05,59.055,59.0549,1.98292e-05,59.055,59.0549,17.3229,-47.2441,47.2441,17.3228,-47.2441,47.2441,7.48033,59.055,47.2441,7.48033,59.055,47.2441,17.3228,-47.2441,-59.0549,17.3228,-47.2441,-59.0549,7.4803,-47.2441,47.2441,7.48033,-47.2441,47.2441,17.3228,-47.2441,47.2441,17.3228,59.055,47.2441,17.3228,59.055,59.0549,17.3229,-47.2441,59.0549,17.3229,-47.2441,59.0549,17.3229,-59.055,47.2441,17.3228,-47.2441,47.2441,17.3228]},"normal":{"type":"float32","components":3,"data":[-1.09035e-15,1,2.20212e-07,-1.21534e-15,1,2.20212e-07,-0.382682,0.92388,2.0345e-07,-0.382683,0.92388,4.62127e-07,-1.13763e-08,-3.21714e-07,1,0,-3.22978e-07,1,-1.03868e-07,-3.17422e-07,1,-1.61491e-07,-3.11018e-07,1,-1,0,0,-0.923879,0.382684,5.89901e-07,-0.923879,0.382684,3.31224e-07,-1,0,0,1.27455e-07,-1,-3.69027e-07,0,-1,0,3.33692e-07,-1,-5.26875e-07,1.87026e-07,-1,-5.6794e-07,0,-1,-4.40424e-07,-0.923879,0.382684,3.31224e-07,-0.923879,0.382684,5.89901e-07,-0.382683,0.92388,4.62127e-07,-0.382682,0.92388,2.0345e-07,-0.707106,0.707107,7.29265e-07,-0.707106,0.707107,5.48112e-07,-0.707106,0.707107,6.41015e-07,-0.707106,0.707107,8.22168e-07,0,-3.22983e-07,1,0,-3.22983e-07,1,0,-3.22983e-07,1,0,-1,-4.40424e-07,-1,0,0,0,-1,-4.40424e-07,0,-1,-4.40424e-07,0,-1,-4.40424e-07,1,0,0,1,0,0,1,0,0,1,0,0,1,0,0,1,0,0,-1,0,0,1,0,0,1,0,0,1,0,0,-2.10935e-09,-1,-7.97927e-07,0,-1,-7.75146e-07,-3.37771e-08,-1,-1.13994e-06,-3.58865e-08,-1,-1.16272e-06,1,0,0,1,0,0,1,0,0,1,0,0,-1.03868e-07,-3.17422e-07,1,-1.15907e-14,-3.22983e-07,1,-1.07742e-14,-3.22983e-07,1,-5.38303e-08,-3.22984e-07,1,-5.38303e-08,-3.22984e-07,1,-1.61491e-07,-3.11018e-07,1,-1.03868e-07,-3.17422e-07,1]},"texCoord0":{"type":"float32","components":2,"data":[0.313769,0.111314,0.313778,0.111314,0.313778,0.111257,0.313769,0.111257,0.113765,0.50154,0.113774,0.50154,0.113774,0.501622,0.113765,0.501622,0.313778,0.111308,0.313778,0.111249,0.313769,0.111249,0.313769,0.111308,0.313778,0.111251,0.313778,0.111257,0.313774,0.111257,0.313769,0.111257,0.313769,0.111251,0.313779,0.111314,0.313779,0.111303,0.31378,0.111303,0.31378,0.111314,0.31378,0.111305,0.31378,0.111307,0.313769,0.111307,0.313769,0.111305,0.113776,0.501613,0.113776,0.501624,0.113775,0.501624,0.313769,0.111308,0.313774,0.111308,0.313778,0.111308,0.313778,0.111314,0.313769,0.111314,0.313778,0.111308,0.313769,0.111308,0.313769,0.111301,0.313773,0.111301,0.313778,0.111301,0.313778,0.111249,0.313773,0.111249,0.313769,0.111249,0.313769,0.111243,0.313778,0.111243,0.313769,0.111257,0.313774,0.111257,0.313774,0.111314,0.313769,0.111314,0.313778,0.111308,0.313773,0.111308,0.313773,0.111249,0.313778,0.111249,0.113765,0.501622,0.113765,0.50154,0.113774,0.50154,0.113774,0.501622,0.113774,0.501603,0.113773,0.501603,0.113774,0.501594]}}],"meshes":[{"aabb":{"min":[-59.055,-59.0549,-2.15892e-05],"max":[59.055,59.0549,17.3229]},"vertices":0,"indices":[0,1,2,2,3,0,4,5,6,6,7,4,8,9,10,10,11,8,12,13,14,12,14,15,12,15,16,17,18,19,19,20,17,21,22,23,23,24,21,25,26,27,28,29,30,28,30,31,28,31,32,33,34,35,33,35,36,33,36,37,38,39,40,38,40,41,38,41,42,43,44,45,45,46,43,47,48,49,49,50,47,51,52,53,53,54,51,55,56,57],"type":"triangles","base":0,"count":90}],"meshInstances":[{"node":1,"mesh":0}]}}