{"model":{"version":3,"nodes":[{"name":"RootNode","position":[0,0,0],"rotation":[0,0,0],"scale":[0.0254,0.0254,0.0254],"scaleCompensation":false},{"name":"Mesh1 Split_walls_to_open Model 270","position":[0,0,0],"rotation":[-90,0,0],"scale":[1,1,1],"scaleCompensation":false}],"parents":[-1,0],"skins":[],"morphs":[],"vertices":[{"position":{"type":"float32","components":3,"data":[47.2441,-59.0549,17.3228,47.2441,-59.0549,7.48029,47.2441,-59.0549,-2.29502e-05,59.055,-59.0549,-2.68691e-05,59.055,-59.0549,17.3228,59.055,-59.0549,-2.68691e-05,59.055,-47.2441,-2.43582e-05,59.055,-47.2441,7.48029,59.055,-47.2441,17.3228,59.055,-59.0549,17.3228,47.2441,-59.0549,17.3228,59.055,-59.0549,17.3228,59.055,-47.2441,17.3228,59.055,47.2441,17.3228,47.2441,59.0549,17.3228,47.2441,59.0549,7.48031,59.055,47.2441,7.48031,59.055,59.0549,17.3228,47.2441,59.0549,17.3228,59.055,47.2441,17.3228,59.055,59.0549,17.3228,59.055,59.0549,-8.21323e-06,47.2441,59.0549,-3.70771e-06,47.2441,59.0549,7.48031,47.2441,59.0549,17.3228,59.055,47.2441,17.3228,59.055,47.2441,7.48031,59.055,47.2441,-8.96414e-06,59.055,59.0549,-8.21323e-06,59.055,59.0549,17.3228,59.0551,-5.90554,-1.76234e-05,59.055,5.90549,-1.5699e-05,59.055,5.90549,7.4803,59.055,5.90549,17.3228,59.0551,-5.90554,17.3228,59.0551,-5.90554,7.4803,59.0551,-5.90554,7.4803,59.0551,-5.90554,17.3228,47.2441,-5.90554,17.3228,47.2441,-5.90554,7.4803,47.2441,5.90549,7.4803,47.2441,-5.90554,7.4803,47.2441,-5.90554,17.3228,47.2441,5.90549,17.3228,59.0551,-5.90554,17.3228,59.055,5.90549,17.3228,47.2441,5.90549,17.3228,47.2441,-5.90554,17.3228,47.2441,5.90549,17.3228,59.055,5.90549,17.3228,59.055,5.90549,7.4803,47.2441,5.90549,7.4803,47.2441,-59.0549,17.3228,59.055,-47.2441,17.3228,59.055,-47.2441,7.48029,47.2441,-59.0549,7.48029]},"normal":{"type":"float32","components":3,"data":[-3.22982e-07,-1,-2.20212e-07,-0.120143,0.992757,2.45074e-07,-2.67366e-05,-1,-2.20206e-07,-3.22982e-07,-1,-2.20212e-07,-3.22982e-07,-1,-2.20212e-07,1,-6.45967e-07,-1.1919e-13,1,-6.45968e-07,0,1,-6.45967e-07,-1.70172e-13,1,-6.45967e-07,-1.83435e-13,1,-6.45968e-07,-1.4225e-13,4.84473e-07,-1.61492e-07,1,4.84473e-07,-1.61492e-07,1,4.84473e-07,-1.61492e-07,1,-0.707107,-0.707107,-4.59861e-07,-0.707106,-0.707107,-8.22167e-07,-0.707106,-0.707107,-6.36361e-07,-0.707107,-0.707107,-2.74056e-07,4.84474e-07,-1.61491e-07,1,4.84474e-07,-1.61491e-07,1,4.84474e-07,-1.61491e-07,1,-2.65895e-07,1,2.55312e-07,-3.22982e-07,1,2.20212e-07,-1.99939e-07,1,1.3632e-07,-9.00654e-08,1,1.08077e-07,-3.22982e-07,1,3.87573e-07,1,1.99939e-07,-8.38921e-08,-0.605083,0.796162,3.08571e-07,1,1.40007e-14,-2.20212e-07,1,1.23044e-07,-1.3632e-07,1,3.22983e-07,7.11247e-14,1,1.32175e-05,-1.66559e-07,1,1.32421e-05,-5.09962e-07,1,1.28557e-05,1.00101e-07,1,1.32255e-05,1.13351e-08,1,1.35651e-05,-2.2021e-07,0.117599,-0.993061,-1.8991e-07,-2.01861e-07,-1,-1.4534e-07,-2.01861e-07,-1,-1.4534e-07,-2.01861e-07,-1,-1.4534e-07,-2.01861e-07,-1,-1.4534e-07,-1,3.22978e-07,3.87573e-07,-1,3.22978e-07,3.87573e-07,-1,3.22978e-07,3.87573e-07,-1,3.22977e-07,3.87573e-07,4.03725e-07,-2.42231e-07,1,4.84473e-07,-1.61482e-07,1,4.03726e-07,-2.4223e-07,1,3.22978e-07,-3.22978e-07,1,2.01864e-07,1,1.4534e-07,2.01864e-07,1,1.4534e-07,2.01864e-07,1,1.4534e-07,2.01864e-07,1,1.4534e-07,-0.707105,0.707109,-2.694e-07,-0.707104,0.707109,2.74057e-07,-0.707104,0.707109,-4.65118e-09,-0.707105,0.707109,-5.48108e-07]},"texCoord0":{"type":"float32","components":2,"data":[0.313778,0.111298,0.313773,0.111298,0.313769,0.111298,0.313769,0.111304,0.313778,0.111304,0.31377,0.111318,0.313772,0.111318,0.313772,0.111319,0.313772,0.11132,0.31377,0.11132,0.113765,0.501625,0.113765,0.501614,0.113776,0.501614,0.313769,0.111307,0.313769,0.111305,0.31378,0.111305,0.31378,0.111307,0.113776,0.501613,0.113776,0.501625,0.113775,0.501625,0.313778,0.111304,0.313769,0.111304,0.313769,0.111298,0.313773,0.111298,0.313778,0.111298,0.313769,0.111284,0.313774,0.111284,0.313778,0.111284,0.313778,0.11129,0.313769,0.11129,0.313776,0.11132,0.313778,0.11132,0.313778,0.111321,0.313778,0.111322,0.313776,0.111322,0.313776,0.111321,0.313773,0.111304,0.313778,0.111304,0.313778,0.111298,0.313773,0.111298,0.313774,0.111261,0.313774,0.111255,0.313769,0.111255,0.313769,0.111261,0.113765,0.501613,0.113776,0.501613,0.113776,0.501625,0.113765,0.501625,0.313778,0.111298,0.313778,0.111304,0.313773,0.111304,0.313773,0.111298,0.31378,0.111324,0.31378,0.111326,0.313769,0.111326,0.313769,0.111324]}}],"meshes":[{"aabb":{"min":[47.2441,-59.0549,-2.68691e-05],"max":[59.0551,59.0549,17.3228]},"vertices":0,"indices":[0,1,2,0,2,3,0,3,4,5,6,7,5,7,8,5,8,9,10,11,12,13,14,15,15,16,13,17,18,19,20,21,22,20,22,23,20,23,24,25,26,27,25,27,28,25,28,29,30,31,32,30,32,33,30,33,34,30,34,35,36,37,38,38,39,36,40,41,42,42,43,40,44,45,46,46,47,44,48,49,50,50,51,48,52,53,54,54,55,52],"type":"triangles","base":0,"count":90}],"meshInstances":[{"node":1,"mesh":0}]}}