{"model":{"version":3,"nodes":[{"name":"RootNode","position":[0,0,0],"rotation":[0,0,0],"scale":[0.0254,0.0254,0.0254],"scaleCompensation":false},{"name":"LEVEL2-flechas","position":[0,0,0],"rotation":[-90,-0,0],"scale":[0.3937,0.3937,0.3937],"scaleCompensation":false}],"parents":[-1,0],"skins":[],"morphs":[],"vertices":[{"position":{"type":"float32","components":3,"data":[-4667.27,734.456,-1213.48,-4667.27,625.615,-1213.48,-4612.85,679.905,-1197.39,-4578,734.457,-1176.46,-4578,625.615,-1176.46,-4523.58,679.905,-1160.37,-4752.48,734.456,-1237.6,-4752.48,625.615,-1237.6,-4698.06,679.905,-1221.51,-4671.39,744.554,-1214.7,-4671.39,615.55,-1214.7,-4667.27,625.615,-1213.48,-4667.27,625.615,-1213.48,-4667.27,734.456,-1213.48,-4671.39,744.554,-1214.7,-4671.39,615.55,-1214.7,-4606.89,679.898,-1195.63,-4612.85,679.905,-1197.39,-4612.85,679.905,-1197.39,-4667.27,625.615,-1213.48,-4671.39,615.55,-1214.7,-4606.89,679.898,-1195.63,-4671.39,744.554,-1214.7,-4667.27,734.456,-1213.48,-4667.27,734.456,-1213.48,-4612.85,679.905,-1197.39,-4606.89,679.898,-1195.63,-4582.12,744.555,-1177.68,-4582.12,615.551,-1177.68,-4578,625.615,-1176.46,-4578,625.615,-1176.46,-4578,734.457,-1176.46,-4582.12,744.555,-1177.68,-4582.12,615.551,-1177.68,-4517.62,679.898,-1158.61,-4523.58,679.905,-1160.37,-4523.58,679.905,-1160.37,-4578,625.615,-1176.46,-4582.12,615.551,-1177.68,-4517.62,679.898,-1158.61,-4582.12,744.555,-1177.68,-4578,734.457,-1176.46,-4578,734.457,-1176.46,-4523.58,679.905,-1160.37,-4517.62,679.898,-1158.61,-4756.6,744.554,-1238.82,-4756.6,615.55,-1238.82,-4752.48,625.615,-1237.6,-4752.48,625.615,-1237.6,-4752.48,734.456,-1237.6,-4756.6,744.554,-1238.82,-4756.6,615.55,-1238.82,-4692.1,679.898,-1219.75,-4698.06,679.905,-1221.51,-4698.06,679.905,-1221.51,-4752.48,625.615,-1237.6,-4756.6,615.55,-1238.82,-4692.1,679.898,-1219.75,-4756.6,744.554,-1238.82,-4752.48,734.456,-1237.6,-4752.48,734.456,-1237.6,-4698.06,679.905,-1221.51,-4692.1,679.898,-1219.75]},"normal":{"type":"float32","components":3,"data":[-0.283555,-4.30206e-06,0.958956,-0.283555,-4.30206e-06,0.958956,-0.283555,-4.30206e-06,0.958956,-0.283553,-4.30205e-06,0.958957,-0.283553,-4.30205e-06,0.958957,-0.283553,-4.30205e-06,0.958957,-0.283555,-4.30206e-06,0.958956,-0.283555,-4.30206e-06,0.958956,-0.283555,-4.30206e-06,0.958956,-0.283535,-3.62969e-06,0.958962,-0.283535,-3.62969e-06,0.958962,-0.283535,-3.62969e-06,0.958962,-0.283553,-4.30207e-06,0.958957,-0.283553,-4.30207e-06,0.958957,-0.283553,-4.30207e-06,0.958957,-0.283574,1.64877e-05,0.95895,-0.283574,1.64877e-05,0.95895,-0.283574,1.64877e-05,0.95895,-0.28357,1.1861e-05,0.958952,-0.28357,1.1861e-05,0.958952,-0.28357,1.1861e-05,0.958952,-0.283559,-7.15066e-06,0.958955,-0.283559,-7.15066e-06,0.958955,-0.283559,-7.15066e-06,0.958955,-0.283575,-2.55384e-05,0.95895,-0.283575,-2.55384e-05,0.95895,-0.283575,-2.55384e-05,0.95895,-0.283535,-3.62968e-06,0.958962,-0.283535,-3.62968e-06,0.958962,-0.283535,-3.62968e-06,0.958962,-0.283553,-4.30205e-06,0.958957,-0.283553,-4.30205e-06,0.958957,-0.283553,-4.30205e-06,0.958957,-0.283574,1.86418e-05,0.95895,-0.283574,1.86418e-05,0.95895,-0.283574,1.86418e-05,0.95895,-0.283566,1.00988e-05,0.958953,-0.283566,1.00988e-05,0.958953,-0.283566,1.00988e-05,0.958953,-0.283556,-5.66716e-06,0.958956,-0.283556,-5.66716e-06,0.958956,-0.283556,-5.66716e-06,0.958956,-0.283574,-2.80851e-05,0.95895,-0.283575,-2.80851e-05,0.95895,-0.283575,-2.80851e-05,0.95895,-0.283535,-3.62969e-06,0.958962,-0.283535,-3.62969e-06,0.958962,-0.283535,-3.62969e-06,0.958962,-0.283553,-4.30207e-06,0.958957,-0.283553,-4.30207e-06,0.958957,-0.283553,-4.30207e-06,0.958957,-0.283574,1.64877e-05,0.95895,-0.283574,1.64877e-05,0.95895,-0.283574,1.64877e-05,0.95895,-0.28357,1.1861e-05,0.958952,-0.28357,1.1861e-05,0.958952,-0.28357,1.1861e-05,0.958952,-0.283559,-7.15066e-06,0.958955,-0.283559,-7.15066e-06,0.958955,-0.283559,-7.15066e-06,0.958955,-0.283575,-2.55384e-05,0.95895,-0.283575,-2.55384e-05,0.95895,-0.283575,-2.55384e-05,0.95895]},"texCoord0":{"type":"float32","components":2,"data":[0.854729,0.869987,0.854729,0.869987,0.854729,0.869987,0.854729,0.869987,0.854729,0.869987,0.854729,0.869987,0.854729,0.869987,0.854729,0.869987,0.854729,0.869987,0.958094,0.91947,0.958094,0.919264,0.958094,0.919264,0.958094,0.919264,0.958094,0.91947,0.958094,0.91947,0.958094,0.919264,0.958193,0.91947,0.958193,0.91947,0.958193,0.91947,0.958094,0.919264,0.958094,0.919264,0.958193,0.91947,0.958094,0.91947,0.958094,0.91947,0.958094,0.91947,0.958193,0.91947,0.958193,0.91947,0.958094,0.91947,0.958094,0.919264,0.958094,0.919264,0.958094,0.919264,0.958094,0.91947,0.958094,0.91947,0.958094,0.919264,0.958193,0.91947,0.958193,0.91947,0.958193,0.91947,0.958094,0.919264,0.958094,0.919264,0.958193,0.91947,0.958094,0.91947,0.958094,0.91947,0.958094,0.91947,0.958193,0.91947,0.958193,0.91947,0.958094,0.91947,0.958094,0.919264,0.958094,0.919264,0.958094,0.919264,0.958094,0.91947,0.958094,0.91947,0.958094,0.919264,0.958193,0.91947,0.958193,0.91947,0.958193,0.91947,0.958094,0.919264,0.958094,0.919264,0.958193,0.91947,0.958094,0.91947,0.958094,0.91947,0.958094,0.91947,0.958193,0.91947,0.958193,0.91947]}}],"meshes":[{"aabb":{"min":[-4756.6,615.55,-1238.82],"max":[-4517.62,744.555,-1158.61]},"vertices":0,"indices":[0,1,2,3,4,5,6,7,8,9,10,11,12,13,14,15,16,17,18,19,20,21,22,23,24,25,26,27,28,29,30,31,32,33,34,35,36,37,38,39,40,41,42,43,44,45,46,47,48,49,50,51,52,53,54,55,56,57,58,59,60,61,62],"type":"triangles","base":0,"count":63}],"meshInstances":[{"node":1,"mesh":0}]}}