{"model":{"version":3,"nodes":[{"name":"RootNode","position":[0,0,0],"rotation":[0,0,0],"scale":[0.01,0.01,0.01],"scaleCompensation":false},{"name":"Cylinder006","position":[0,0,0],"rotation":[-90,0,0],"scale":[1,1,1],"scaleCompensation":false},{"name":"Dummy032","position":[0,0,5.70748e-06],"rotation":[7.62939e-06,0,0],"scale":[1,1,1],"scaleCompensation":false},{"name":"Dummy037","position":[26.7418,-12.018,1.43265e-06],"rotation":[0,0,0],"scale":[0.233127,0.233127,0.233127],"scaleCompensation":false}],"parents":[-1,0,0,2],"skins":[{"inverseBindMatrices":[[100,-0,0,0,0,100,-1.62921e-05,0,0,1.62921e-05,100,0,-0,-9.29866e-13,-5.70748e-06,1]],"boneNames":["Dummy032"]}],"morphs":[],"vertices":[{"position":{"type":"float32","components":3,"data":[-0.000687256,-0.000722504,2.83656e-07,-0.000673218,-0.530239,4.09013e-07,0.102635,-0.520069,4.12074e-07,0.201972,-0.489939,4.12044e-07,0.293522,-0.441008,4.08925e-07,0.373765,-0.375158,4.02837e-07,0.439618,-0.294918,3.94014e-07,0.488551,-0.203372,4.22804e-07,0.518682,-0.104039,4.07969e-07,0.528855,-0.000735321,3.481e-07]},"normal":{"type":"float32","components":3,"data":[-1.35679e-07,2.23076e-07,1,-5.29282e-08,2.36738e-07,1,-6.16874e-08,2.34996e-07,1,-7.86963e-08,2.29835e-07,1,-9.43712e-08,2.21456e-07,1,-1.0811e-07,2.1018e-07,1,-2.26971e-07,3.54233e-08,1,-2.68615e-07,3.81528e-08,1,-1.59699e-07,4.00421e-07,1,-1.21683e-07,5.91529e-07,1]},"blendIndices":{"type":"uint8","components":4,"data":[0,0,0,0,0,0,0,0,0,0,0,0,0,0,0,0,0,0,0,0,0,0,0,0,0,0,0,0,0,0,0,0,0,0,0,0,0,0,0,0]},"blendWeight":{"type":"float32","components":4,"data":[1,0,0,0,1,0,0,0,1,0,0,0,1,0,0,0,1,0,0,0,1,0,0,0,1,0,0,0,1,0,0,0,1,0,0,0,1,0,0,0]},"texCoord0":{"type":"float32","components":2,"data":[0.00369966,0.76541,0.00369958,0.455027,0.0644837,0.460991,0.122932,0.478653,0.176798,0.507336,0.224012,0.545936,0.26276,0.59297,0.291552,0.646631,0.309282,0.704857,0.315269,0.76541]}}],"meshes":[{"aabb":{"min":[-0.000687256,-0.530239,2.83656e-07],"max":[0.528855,-0.000722504,4.22804e-07]},"vertices":0,"skin":0,"indices":[0,1,2,0,2,3,0,3,4,0,4,5,0,5,6,0,6,7,0,7,8,0,8,9],"type":"triangles","base":0,"count":24}],"meshInstances":[{"node":1,"mesh":0}]}}