{"model":{"version":3,"nodes":[{"name":"RootNode","position":[0,0,0],"rotation":[0,0,0],"scale":[0.0254,0.0254,0.0254],"scaleCompensation":false},{"name":"golf_hielo_arbol","position":[0,0,0],"rotation":[-90,-0,0],"scale":[1,1,1],"scaleCompensation":false}],"parents":[-1,0],"skins":[],"morphs":[],"vertices":[{"position":{"type":"float32","components":3,"data":[28.8178,-2.26279,-1.1951,8.1528,-0.572601,123.103,1.72237,-7.84958,123.103,5.92183,-28.3797,-1.82459,16.2548,18.7807,-1.73618,4.60228,5.50305,123.103,8.1528,-0.572601,123.103,28.8178,-2.26279,-1.1951,-28.9516,3.14084,-1.96808,-8.29463,1.0022,123.103,-1.86275,8.27911,123.103,-6.21507,27.7579,-1.21731,-16.0648,-18.4723,-1.41633,-4.74268,-5.07349,123.103,-8.29463,1.0022,123.103,-28.9516,3.14084,-1.96808,-6.21507,27.7579,-1.21731,-1.86275,8.27911,123.103,4.60228,5.50305,123.103,16.2548,18.7807,-1.73618,5.92183,-28.3797,-1.82459,1.72237,-7.84958,123.103,-4.74268,-5.07349,123.103,-16.0648,-18.4723,-1.41633,76.0402,-71.5886,91.243,75.3357,-70.8921,447.977,-75.8812,70.325,447.977,-76.9758,71.075,91.9916,71.6217,76.0287,91.243,70.9257,75.3248,447.977,-70.2915,-75.8919,447.977,-71.0429,-76.9865,91.9916,1.72237,-7.84958,123.103,8.1528,-0.572601,123.103,4.60228,5.50305,123.103,-1.86275,8.27911,123.103,-8.29463,1.0022,123.103,-4.74268,-5.07349,123.103,-76.0413,71.7283,91.243,-75.3361,71.0317,447.977,75.8807,-70.1854,447.977,76.9756,-70.9353,91.9916,-71.637,-76.0303,91.243,-70.9405,-75.3252,447.977,70.2766,75.8916,447.977,71.0275,76.9863,91.9916]},"normal":{"type":"float32","components":3,"data":[0.743544,-0.655406,0.13261,0.743531,-0.655421,0.132606,0.743531,-0.655421,0.132606,0.743541,-0.655409,0.132611,0.850767,0.508175,0.13399,0.850767,0.508175,0.133995,0.850776,0.508159,0.133996,0.850769,0.508173,0.133989,-0.733104,0.667303,0.131396,-0.733099,0.667308,0.131403,-0.733088,0.667319,0.131401,-0.733104,0.667303,0.131396,-0.853491,-0.504085,0.1321,-0.853494,-0.504081,0.132099,-0.853491,-0.504085,0.1321,-0.853494,-0.504081,0.132099,0.375095,0.917598,0.131597,0.375095,0.917597,0.131602,0.375104,0.917594,0.131602,0.375095,0.917597,0.131602,-0.40191,-0.905716,0.134707,-0.401903,-0.90572,0.134702,-0.401919,-0.905713,0.134704,-0.40191,-0.905716,0.134707,-0.682225,-0.731142,0.000300243,-0.682228,-0.731139,0.000317436,-0.682236,-0.731132,0.000317442,-0.682236,-0.731132,0.000299586,0.731132,-0.682236,0.000300243,0.73113,-0.682239,0.000317438,0.731121,-0.682247,0.000317433,0.731132,-0.682236,0.000300243,0,0,1,0,0,1,0,0,1,0,0,1,0,0,1,0,0,1,0.682236,0.731132,0.000300247,0.682236,0.731132,0.000317442,0.682228,0.73114,0.000317436,0.682228,0.731139,0.000300241,-0.731132,0.682236,0.000300904,-0.731121,0.682247,0.000317433,-0.731132,0.682236,0.000317437,-0.731132,0.682236,0.000300243]},"texCoord0":{"type":"float32","components":2,"data":[0.398899,0.067251,0.435799,0.067251,0.435799,0.104151,0.398899,0.104151,0.398899,0.067251,0.435799,0.067251,0.435799,0.104151,0.398899,0.104151,0.398899,0.067251,0.435799,0.067251,0.435799,0.104151,0.398899,0.104151,0.398899,0.067251,0.435799,0.067251,0.435799,0.104151,0.398899,0.104151,0.398899,0.067251,0.435799,0.067251,0.435799,0.104151,0.398899,0.104151,0.398899,0.067251,0.435799,0.067251,0.435799,0.104151,0.398899,0.104151,0.918898,0.251252,0.91419,0.992556,0.484234,0.991017,0.484153,0.251252,0.918898,0.251252,0.91419,0.992556,0.484234,0.991017,0.484153,0.251252,0.435799,0.067251,0.435799,0.104151,0.435799,0.104151,0.435799,0.104151,0.435799,0.104151,0.435799,0.104151,0.918898,0.251252,0.91419,0.992556,0.484234,0.991017,0.484153,0.251252,0.918898,0.251252,0.91419,0.992556,0.484234,0.991017,0.484153,0.251252]}}],"meshes":[{"aabb":{"min":[-76.9758,-76.9865,-1.96808],"max":[76.9756,76.9863,447.977]},"vertices":0,"indices":[0,1,2,2,3,0,4,5,6,6,7,4,8,9,10,10,11,8,12,13,14,14,15,12,16,17,18,18,19,16,20,21,22,22,23,20,24,25,26,26,27,24,28,29,30,30,31,28,32,33,34,32,34,35,32,35,36,32,36,37,38,39,40,40,41,38,42,43,44,44,45,42],"type":"triangles","base":0,"count":72}],"meshInstances":[{"node":1,"mesh":0}]}}