{"model":{"version":3,"nodes":[{"name":"RootNode","position":[0,0,0],"rotation":[0,0,0],"scale":[0.0254,0.0254,0.0254],"scaleCompensation":false},{"name":"LEVEL95-flechas","position":[0,0,0],"rotation":[-90,-0,0],"scale":[0.3937,0.3937,0.3937],"scaleCompensation":false}],"parents":[-1,0],"skins":[],"morphs":[],"vertices":[{"position":{"type":"float32","components":3,"data":[-4012.57,550.408,-1247.96,-4068.38,591.927,-1263.06,-4068.38,508.778,-1263.06,-3923.65,550.408,-1222.71,-3979.47,591.927,-1237.81,-3979.47,508.778,-1237.81,-4099.67,550.408,-1270.37,-4155.49,591.927,-1285.47,-4155.49,508.778,-1285.47,-4006.12,550.412,-1246.22,-4072.15,599.529,-1264.08,-4068.38,591.927,-1263.06,-4068.38,591.927,-1263.06,-4012.57,550.408,-1247.96,-4006.12,550.412,-1246.22,-4072.15,599.529,-1264.08,-4072.15,501.164,-1264.08,-4068.38,508.778,-1263.06,-4068.38,508.778,-1263.06,-4068.38,591.927,-1263.06,-4072.15,599.529,-1264.08,-4072.15,501.164,-1264.08,-4006.12,550.412,-1246.22,-4012.57,550.408,-1247.96,-4012.57,550.408,-1247.96,-4068.38,508.778,-1263.06,-4072.15,501.164,-1264.08,-3917.2,550.412,-1220.97,-3983.23,599.529,-1238.83,-3979.47,591.927,-1237.81,-3979.47,591.927,-1237.81,-3923.65,550.408,-1222.71,-3917.2,550.412,-1220.97,-3983.23,599.529,-1238.83,-3983.23,501.164,-1238.83,-3979.47,508.778,-1237.81,-3979.47,508.778,-1237.81,-3979.47,591.927,-1237.81,-3983.23,599.529,-1238.83,-3983.23,501.164,-1238.83,-3917.2,550.412,-1220.97,-3923.65,550.408,-1222.71,-3923.65,550.408,-1222.71,-3979.47,508.778,-1237.81,-3983.23,501.164,-1238.83,-4093.22,550.412,-1268.62,-4159.25,599.529,-1286.48,-4155.49,591.927,-1285.47,-4155.49,591.927,-1285.47,-4099.67,550.408,-1270.37,-4093.22,550.412,-1268.62,-4159.25,599.529,-1286.48,-4159.25,501.164,-1286.48,-4155.49,508.778,-1285.47,-4155.49,591.927,-1285.47,-4159.25,599.529,-1286.48,-4159.25,501.164,-1286.48,-4093.22,550.412,-1268.62,-4099.67,550.408,-1270.37,-4099.67,550.408,-1270.37,-4155.49,508.778,-1285.47,-4159.25,501.164,-1286.48]},"normal":{"type":"float32","components":3,"data":[-0.261107,0,0.96531,-0.261107,0,0.96531,-0.261107,0,0.96531,-0.261107,1.19789e-08,0.96531,-0.261107,1.19789e-08,0.96531,-0.261107,1.19789e-08,0.96531,-0.261108,0,0.96531,-0.261108,0,0.96531,-0.261108,0,0.96531,-0.261107,2.55537e-07,0.96531,-0.261107,2.55537e-07,0.96531,-0.261107,2.55537e-07,0.96531,-0.261107,1.09926e-07,0.96531,-0.261107,1.09926e-07,0.96531,-0.261107,1.09926e-07,0.96531,-0.261107,0,0.96531,-0.261107,0,0.96531,-0.261107,0,0.96531,-0.261107,0,0.96531,-0.261107,0,0.96531,-0.261107,0,0.96531,-0.261107,-1.16047e-07,0.96531,-0.261107,-1.16047e-07,0.96531,-0.261107,-1.16047e-07,0.96531,-0.261107,-2.47109e-07,0.96531,-0.261107,-2.47109e-07,0.96531,-0.261107,-2.47109e-07,0.96531,-0.261107,-4.64614e-08,0.96531,-0.261107,-4.64614e-08,0.96531,-0.261107,-4.64614e-08,0.96531,-0.261107,-8.24447e-08,0.96531,-0.261107,-8.24448e-08,0.96531,-0.261107,-8.24448e-08,0.96531,-0.261107,0,0.96531,-0.261107,0,0.96531,-0.261107,0,0.96531,-0.261107,1.19789e-08,0.96531,-0.261107,1.19789e-08,0.96531,-0.261107,1.19789e-08,0.96531,-0.261107,6.96284e-08,0.96531,-0.261107,6.96284e-08,0.96531,-0.261107,6.96284e-08,0.96531,-0.261107,-1.78467e-07,0.96531,-0.261107,-1.78467e-07,0.96531,-0.261107,-1.78467e-07,0.96531,-0.261108,1.39384e-07,0.96531,-0.261108,1.39384e-07,0.96531,-0.261108,1.39384e-07,0.96531,-0.261108,1.09927e-07,0.96531,-0.261108,1.09927e-07,0.96531,-0.261108,1.09927e-07,0.96531,-0.261108,0,0.96531,-0.261108,0,0.96531,-0.261108,0,0.96531,-0.261108,0,0.96531,-0.261108,0,0.96531,-0.261108,-1.16048e-07,0.96531,-0.261108,-1.16048e-07,0.96531,-0.261108,-1.16048e-07,0.96531,-0.261108,-1.51011e-07,0.96531,-0.261108,-1.51011e-07,0.96531,-0.261108,-1.51011e-07,0.96531]},"texCoord0":{"type":"float32","components":2,"data":[0.859017,0.880883,0.859017,0.880883,0.859017,0.880883,0.859017,0.880883,0.859017,0.880883,0.859017,0.880883,0.859017,0.880883,0.859017,0.880883,0.859017,0.880883,0.955028,0.876727,0.954954,0.876727,0.954954,0.876727,0.954954,0.876727,0.955028,0.876727,0.955028,0.876727,0.954954,0.876727,0.954954,0.876653,0.954954,0.876653,0.954954,0.876653,0.954954,0.876727,0.954954,0.876727,0.954954,0.876653,0.955028,0.876727,0.955028,0.876727,0.955028,0.876727,0.954954,0.876653,0.954954,0.876653,0.955028,0.876727,0.954954,0.876727,0.954954,0.876727,0.954954,0.876727,0.955028,0.876727,0.955028,0.876727,0.954954,0.876727,0.954954,0.876653,0.954954,0.876653,0.954954,0.876653,0.954954,0.876727,0.954954,0.876727,0.954954,0.876653,0.955028,0.876727,0.955028,0.876727,0.955028,0.876727,0.954954,0.876653,0.954954,0.876653,0.955028,0.876727,0.954954,0.876727,0.954954,0.876727,0.954954,0.876727,0.955028,0.876727,0.955028,0.876727,0.954954,0.876727,0.954954,0.876653,0.954954,0.876653,0.954954,0.876727,0.954954,0.876727,0.954954,0.876653,0.955028,0.876727,0.955028,0.876727,0.955028,0.876727,0.954954,0.876653,0.954954,0.876653]}}],"meshes":[{"aabb":{"min":[-4159.25,501.164,-1286.48],"max":[-3917.2,599.529,-1220.97]},"vertices":0,"indices":[0,1,2,3,4,5,6,7,8,9,10,11,12,13,14,15,16,17,18,19,20,21,22,23,24,25,26,27,28,29,30,31,32,33,34,35,36,37,38,39,40,41,42,43,44,45,46,47,48,49,50,51,52,53,53,54,55,56,57,58,59,60,61],"type":"triangles","base":0,"count":63}],"meshInstances":[{"node":1,"mesh":0}]}}