{"model":{"version":3,"nodes":[{"name":"RootNode","position":[0,0,0],"rotation":[0,0,0],"scale":[0.0254,0.0254,0.0254],"scaleCompensation":false},{"name":"LEVEL103-flechas","position":[0,0,0],"rotation":[-90,-0,0],"scale":[0.3937,0.3937,0.3937],"scaleCompensation":false}],"parents":[-1,0],"skins":[],"morphs":[],"vertices":[{"position":{"type":"float32","components":3,"data":[-3170.41,893.708,-1263.8,-3170.41,802.809,-1263.8,-3110.45,848.405,-1249.47,-3078.96,893.708,-1242.87,-3078.96,802.809,-1242.87,-3018.99,848.405,-1228.53,-3259.8,893.708,-1284.88,-3259.8,802.809,-1284.88,-3199.83,848.405,-1270.55,-3174.21,901.413,-1264.71,-3174.21,795.074,-1264.71,-3170.41,802.809,-1263.8,-3170.41,802.809,-1263.8,-3170.41,893.708,-1263.8,-3174.21,795.074,-1264.71,-3104.05,848.415,-1247.94,-3110.45,848.405,-1249.47,-3110.45,848.405,-1249.47,-3170.41,802.809,-1263.8,-3174.21,795.074,-1264.71,-3104.05,848.415,-1247.94,-3174.21,901.413,-1264.71,-3170.41,893.708,-1263.8,-3170.41,893.708,-1263.8,-3110.45,848.405,-1249.47,-3104.05,848.415,-1247.94,-3082.75,901.413,-1243.77,-3082.75,795.074,-1243.77,-3078.96,802.809,-1242.87,-3078.96,802.809,-1242.87,-3078.96,893.708,-1242.87,-3082.75,795.074,-1243.77,-3012.6,848.415,-1227.01,-3018.99,848.405,-1228.53,-3018.99,848.405,-1228.53,-3078.96,802.809,-1242.87,-3082.75,795.074,-1243.77,-3012.6,848.415,-1227.01,-3082.75,901.413,-1243.77,-3078.96,893.708,-1242.87,-3078.96,893.708,-1242.87,-3018.99,848.405,-1228.53,-3012.6,848.415,-1227.01,-3263.59,901.413,-1285.79,-3263.59,795.074,-1285.79,-3259.8,802.809,-1284.88,-3259.8,802.809,-1284.88,-3259.8,893.708,-1284.88,-3263.59,795.074,-1285.79,-3193.44,848.415,-1269.02,-3199.83,848.405,-1270.55,-3199.83,848.405,-1270.55,-3259.8,802.809,-1284.88,-3263.59,795.074,-1285.79,-3193.44,848.415,-1269.02,-3263.59,901.413,-1285.79,-3259.8,893.708,-1284.88,-3259.8,893.708,-1284.88,-3199.83,848.405,-1270.55,-3193.44,848.415,-1269.02]},"normal":{"type":"float32","components":3,"data":[-0.232443,0,0.97261,-0.232443,0,0.97261,-0.232443,0,0.97261,-0.232443,0,0.97261,-0.232443,0,0.97261,-0.232443,0,0.97261,-0.232443,0,0.97261,-0.232443,0,0.97261,-0.232443,0,0.97261,-0.232443,0,0.97261,-0.232443,0,0.97261,-0.232443,0,0.97261,-0.232443,0,0.97261,-0.232443,0,0.97261,-0.232443,2.83482e-07,0.97261,-0.232443,2.83482e-07,0.97261,-0.232443,2.83482e-07,0.97261,-0.232443,1.53061e-07,0.97261,-0.232443,1.53061e-07,0.97261,-0.232443,1.53061e-07,0.97261,-0.232443,-1.63919e-07,0.97261,-0.232443,-1.63919e-07,0.97261,-0.232443,-1.63919e-07,0.97261,-0.232443,-3.32386e-07,0.97261,-0.232443,-3.32386e-07,0.97261,-0.232443,-3.32386e-07,0.97261,-0.232443,0,0.97261,-0.232443,0,0.97261,-0.232443,0,0.97261,-0.232443,0,0.97261,-0.232443,0,0.97261,-0.232443,2.83482e-07,0.97261,-0.232443,2.83482e-07,0.97261,-0.232443,2.83482e-07,0.97261,-0.232443,1.53061e-07,0.97261,-0.232443,1.53061e-07,0.97261,-0.232443,1.53061e-07,0.97261,-0.232443,-1.63919e-07,0.97261,-0.232443,-1.63919e-07,0.97261,-0.232443,-1.63919e-07,0.97261,-0.232443,-3.32386e-07,0.97261,-0.232443,-3.32386e-07,0.97261,-0.232443,-3.32386e-07,0.97261,-0.232443,0,0.97261,-0.232443,0,0.97261,-0.232443,0,0.97261,-0.232443,0,0.97261,-0.232443,0,0.97261,-0.232443,2.83482e-07,0.97261,-0.232443,2.83482e-07,0.97261,-0.232443,2.83482e-07,0.97261,-0.232443,1.53061e-07,0.97261,-0.232443,1.53061e-07,0.97261,-0.232443,1.53061e-07,0.97261,-0.232443,-1.63919e-07,0.97261,-0.232443,-1.63919e-07,0.97261,-0.232443,-1.63919e-07,0.97261,-0.232443,-3.32386e-07,0.97261,-0.232443,-3.32386e-07,0.97261,-0.232443,-3.32386e-07,0.97261]},"texCoord0":{"type":"float32","components":2,"data":[0.859017,0.880883,0.859017,0.880883,0.859017,0.880883,0.859017,0.880883,0.859017,0.880883,0.859017,0.880883,0.859017,0.880883,0.859017,0.880883,0.859017,0.880883,0.959392,0.875807,0.959392,0.875733,0.959392,0.875733,0.959392,0.875733,0.959392,0.875807,0.959392,0.875733,0.959466,0.875807,0.959466,0.875807,0.959466,0.875807,0.959392,0.875733,0.959392,0.875733,0.959466,0.875807,0.959392,0.875807,0.959392,0.875807,0.959392,0.875807,0.959466,0.875807,0.959466,0.875807,0.959392,0.875807,0.959392,0.875733,0.959392,0.875733,0.959392,0.875733,0.959392,0.875807,0.959392,0.875733,0.959466,0.875807,0.959466,0.875807,0.959466,0.875807,0.959392,0.875733,0.959392,0.875733,0.959466,0.875807,0.959392,0.875807,0.959392,0.875807,0.959392,0.875807,0.959466,0.875807,0.959466,0.875807,0.959392,0.875807,0.959392,0.875733,0.959392,0.875733,0.959392,0.875733,0.959392,0.875807,0.959392,0.875733,0.959466,0.875807,0.959466,0.875807,0.959466,0.875807,0.959392,0.875733,0.959392,0.875733,0.959466,0.875807,0.959392,0.875807,0.959392,0.875807,0.959392,0.875807,0.959466,0.875807,0.959466,0.875807]}}],"meshes":[{"aabb":{"min":[-3263.59,795.074,-1285.79],"max":[-3012.6,901.413,-1227.01]},"vertices":0,"indices":[0,1,2,3,4,5,6,7,8,9,10,11,12,13,9,14,15,16,17,18,19,20,21,22,23,24,25,26,27,28,29,30,26,31,32,33,34,35,36,37,38,39,40,41,42,43,44,45,46,47,43,48,49,50,51,52,53,54,55,56,57,58,59],"type":"triangles","base":0,"count":63}],"meshInstances":[{"node":1,"mesh":0}]}}