{"model":{"version":3,"nodes":[{"name":"RootNode","position":[0,0,0],"rotation":[0,0,0],"scale":[0.0254,0.0254,0.0254],"scaleCompensation":false},{"name":"LEVEL10-rampas","position":[0,0,0],"rotation":[-90,-0,0],"scale":[0.3937,0.3937,0.3937],"scaleCompensation":false}],"parents":[-1,0],"skins":[],"morphs":[],"vertices":[{"position":{"type":"float32","components":3,"data":[-3589.13,696.094,-1293.5,-3889.13,1566.09,-1161.5,-3889.13,726.094,-1161.5,-3889.13,1566.09,-1161.5,-3589.13,696.094,-1293.5,-3589.13,1566.09,-1293.5,-3596.8,696.094,-1293.5,-3596.8,1566.09,-1293.5,-3589.13,1566.09,-1293.5,-3589.13,1566.09,-1293.5,-3589.13,696.094,-1293.5,-3596.8,696.094,-1293.5,-3606.75,696.094,-1293.5,-3606.76,1566.09,-1293.5,-3596.8,1566.09,-1293.5,-3596.8,1566.09,-1293.5,-3596.8,696.094,-1293.5,-3606.75,696.094,-1293.5,-3889.13,1566.09,-1189.92,-3889.13,726.094,-1189.92,-3889.13,726.094,-1161.5,-3889.13,1566.09,-1161.5,-3587.59,1566.09,-1322.44,-3587.59,726.094,-1322.44,-3889.13,726.094,-1189.92,-3889.13,726.094,-1189.92,-3889.13,1566.09,-1189.92,-3587.59,1566.09,-1322.44,-3889.13,1596.16,-1189.92,-3587.59,1596.16,-1322.44,-3587.59,1566.09,-1322.44,-3587.59,1566.09,-1322.44,-3889.13,1566.09,-1189.92,-3889.13,1596.16,-1189.92,-3587.59,696.219,-1322.44,-3889.13,696.219,-1189.92,-3889.13,726.094,-1189.92,-3889.13,726.094,-1189.92,-3587.59,726.094,-1322.44,-3587.59,696.219,-1322.44,-3587.59,1566.09,-1317.82,-3587.59,726.094,-1317.82,-3587.59,726.094,-1322.44,-3587.59,1566.09,-1322.44]},"normal":{"type":"float32","components":3,"data":[0.402739,-2.66032e-07,0.915315,0.402739,-2.66032e-07,0.915315,0.402739,-2.66032e-07,0.915315,0.402743,1.3254e-06,0.915313,0.402743,1.3254e-06,0.915313,0.402743,1.3254e-06,0.915313,0,2.80623e-07,-1,0,2.80623e-07,-1,0,2.80623e-07,-1,0,2.80623e-07,-1,0,2.80623e-07,-1,0,2.80623e-07,-1,0,2.80623e-07,-1,0,2.80623e-07,-1,0,2.80623e-07,-1,0,2.80623e-07,-1,0,2.80623e-07,-1,0,2.80623e-07,-1,-1,0,0,-1,0,0,-1,0,0,-1,0,0,-0.402321,2.66085e-07,-0.915498,-0.402321,2.66085e-07,-0.915498,-0.402321,2.66085e-07,-0.915498,-0.402321,2.66085e-07,-0.915498,-0.402321,2.66085e-07,-0.915498,-0.402321,2.66085e-07,-0.915498,-0.402321,0,-0.915498,-0.402321,0,-0.915498,-0.402321,0,-0.915498,-0.402321,0,-0.915498,-0.402321,0,-0.915498,-0.402321,0,-0.915498,-0.402321,0,-0.915498,-0.402321,0,-0.915498,-0.402321,0,-0.915499,-0.402321,0,-0.915498,-0.402321,0,-0.915498,-0.402321,0,-0.915499,1,0,0,1,0,0,1,0,0,1,0,0]},"texCoord0":{"type":"float32","components":2,"data":[-47.6455,83.6015,-48.6467,86.505,-48.6467,83.7017,-48.6467,86.505,-47.6455,83.6015,-47.6455,86.505,-47.6455,83.6015,-47.6455,86.505,-47.6455,86.505,-47.6455,86.505,-47.6455,83.6015,-47.6455,83.6015,-47.6455,83.6015,-47.6455,86.505,-47.6455,86.505,-47.6455,86.505,-47.6455,83.6015,-47.6455,83.6015,0.861324,0.0714915,0.861324,0.0714914,0.861324,0.0714914,0.861324,0.0714915,0.861324,0.0714915,0.861324,0.0714914,0.861324,0.0714914,0.861324,0.0714914,0.861324,0.0714915,0.861324,0.0714915,0.861324,0.0714915,0.861324,0.0714915,0.861324,0.0714915,0.861324,0.0714915,0.861324,0.0714915,0.861324,0.0714915,0.861324,0.0714914,0.861324,0.0714914,0.861324,0.0714914,0.861324,0.0714914,0.861324,0.0714914,0.861324,0.0714914,0.861324,0.0714915,0.861324,0.0714914,0.861324,0.0714914,0.861324,0.0714915]}}],"meshes":[{"aabb":{"min":[-3889.13,696.094,-1322.44],"max":[-3587.59,1596.16,-1161.5]},"vertices":0,"indices":[0,1,2,3,4,5],"type":"triangles","base":0,"count":6},{"aabb":{"min":[-3889.13,696.094,-1322.44],"max":[-3587.59,1596.16,-1161.5]},"vertices":0,"indices":[12,13,14,15,16,17,18,19,20,20,21,18,22,23,24,25,26,27,28,29,30,31,32,33,34,35,36,37,38,39],"type":"triangles","base":0,"count":30},{"aabb":{"min":[-3889.13,696.094,-1322.44],"max":[-3587.59,1596.16,-1161.5]},"vertices":0,"indices":[6,7,8,9,10,11,40,41,42,42,43,40],"type":"triangles","base":0,"count":12}],"meshInstances":[{"node":1,"mesh":0},{"node":1,"mesh":1},{"node":1,"mesh":2}]}}