{"model":{"version":3,"nodes":[{"name":"RootNode","position":[0,0,0],"rotation":[0,0,0],"scale":[0.0254,0.0254,0.0254],"scaleCompensation":false},{"name":"Mesh1 Walls_to_open Model","position":[0,0,0],"rotation":[-90,0,0],"scale":[1,1,1],"scaleCompensation":false}],"parents":[-1,0],"skins":[],"morphs":[],"vertices":[{"position":{"type":"float32","components":3,"data":[-59.055,-59.0549,17.3228,-59.055,-47.2441,17.3228,-59.055,-47.2441,7.4803,-59.055,-47.2441,-1.53941e-05,-59.055,-59.0549,-2.15892e-05,-59.055,-59.0549,-2.15892e-05,-47.2441,-59.0549,-1.98292e-05,-47.2441,-59.0549,7.4803,-47.2441,-59.0549,17.3228,-59.055,-59.0549,17.3228,-59.055,-47.2441,17.3228,-59.055,-59.0549,17.3228,-47.2441,-59.0549,17.3228,-59.055,-47.2441,17.3228,-47.2441,-59.0549,17.3228,-47.2441,-59.0549,7.4803,-59.055,-47.2441,7.4803,59.055,-59.0549,-1.98292e-05,59.055,-47.2441,-1.59807e-05,59.055,-47.2441,7.4803,59.055,-47.2441,17.3228,59.055,-59.0549,17.3228,47.2441,-59.0549,17.3228,59.055,-59.0549,17.3228,59.055,-47.2441,17.3228,47.2441,-59.0549,7.4803,47.2441,-59.0549,17.3228,59.055,-47.2441,17.3228,59.055,-47.2441,7.4803,47.2441,-59.0549,17.3228,47.2441,-59.0549,7.4803,47.2441,-59.0549,-1.98292e-05,59.055,-59.0549,-1.98292e-05,59.055,-59.0549,17.3228]},"normal":{"type":"float32","components":3,"data":[-1,0,0,-1,0,0,-1,0,0,-1,0,0,-1,0,0,1.27455e-07,-1,-3.69027e-07,0,-1,0,3.33692e-07,-1,-5.26875e-07,1.87026e-07,-1,-5.6794e-07,0,-1,-4.40424e-07,0,-3.22983e-07,1,0,-3.22983e-07,1,0,-3.22983e-07,1,0.707106,0.707108,1.09157e-06,0.707106,0.707108,5.48112e-07,0.707106,0.707108,8.26821e-07,0.707106,0.707107,1.37028e-06,1,0,0,1,0,0,1,0,0,1,0,0,1,0,0,0,-3.22983e-07,1,0,-3.22983e-07,1,0,-3.22983e-07,1,-0.707105,0.707108,6.41016e-07,-0.707105,0.707108,5.48113e-07,-0.707105,0.707108,7.29266e-07,-0.707105,0.707108,8.22169e-07,0,-1,-4.40424e-07,-1,0,0,0,-1,-4.40424e-07,0,-1,-4.40424e-07,0,-1,-4.40424e-07]},"texCoord0":{"type":"float32","components":2,"data":[0.313778,0.111307,0.313778,0.1113,0.313773,0.1113,0.313769,0.1113,0.313769,0.111307,0.313769,0.111308,0.31378,0.111308,0.31378,0.111316,0.31378,0.111325,0.313769,0.111325,0.113765,0.501625,0.113765,0.501614,0.113776,0.501614,0.31378,0.111324,0.31378,0.111326,0.313769,0.111326,0.313769,0.111324,0.313769,0.111307,0.313769,0.1113,0.313773,0.1113,0.313778,0.1113,0.313778,0.111307,0.113764,0.501613,0.113776,0.501613,0.113776,0.501625,0.313769,0.111324,0.31378,0.111324,0.31378,0.111326,0.313769,0.111326,0.313769,0.111325,0.313769,0.111316,0.313769,0.111308,0.31378,0.111308,0.31378,0.111325]}}],"meshes":[{"aabb":{"min":[-59.055,-59.0549,-2.15892e-05],"max":[59.055,-47.2441,17.3228]},"vertices":0,"indices":[0,1,2,0,2,3,0,3,4,5,6,7,5,7,8,5,8,9,10,11,12,13,14,15,15,16,13,17,18,19,17,19,20,17,20,21,22,23,24,25,26,27,27,28,25,29,30,31,29,31,32,29,32,33],"type":"triangles","base":0,"count":54}],"meshInstances":[{"node":1,"mesh":0}]}}