{"model":{"version":3,"nodes":[{"name":"RootNode","position":[0,0,0],"rotation":[0,0,0],"scale":[0.0254,0.0254,0.0254],"scaleCompensation":false},{"name":"LEVEL88-flechas","position":[0,0,0],"rotation":[-90,-0,0],"scale":[0.3937,0.3937,0.3937],"scaleCompensation":false}],"parents":[-1,0],"skins":[],"morphs":[],"vertices":[{"position":{"type":"float32","components":3,"data":[4083.67,576.78,-1272.88,4126.83,516.207,-1266.51,4126.83,637.019,-1266.51,4166.5,576.78,-1260.52,4209.66,516.207,-1254.16,4209.66,637.019,-1254.16,3993.75,576.78,-1285.99,4036.91,516.207,-1279.62,4036.91,637.019,-1279.62,4078.91,576.787,-1273.58,4130.69,504.118,-1265.95,4126.83,516.207,-1266.51,4126.83,516.207,-1266.51,4083.67,576.78,-1272.88,4078.91,576.787,-1273.58,4130.69,504.118,-1265.95,4130.69,649.053,-1265.95,4126.83,637.019,-1266.51,4126.83,637.019,-1266.51,4126.83,516.207,-1266.51,4130.69,504.118,-1265.95,4130.69,649.053,-1265.95,4078.91,576.787,-1273.58,4083.67,576.78,-1272.88,4083.67,576.78,-1272.88,4126.83,637.019,-1266.51,4130.69,649.053,-1265.95,4161.74,576.787,-1261.22,4213.51,504.118,-1253.59,4209.66,516.207,-1254.16,4209.66,516.207,-1254.16,4166.5,576.78,-1260.52,4161.74,576.787,-1261.22,4213.51,504.118,-1253.59,4213.51,649.053,-1253.59,4209.66,637.019,-1254.16,4209.66,637.019,-1254.16,4209.66,516.207,-1254.16,4213.51,504.118,-1253.59,4213.51,649.053,-1253.59,4161.74,576.787,-1261.22,4166.5,576.78,-1260.52,4166.5,576.78,-1260.52,4209.66,637.019,-1254.16,4213.51,649.053,-1253.59,3988.99,576.787,-1286.69,4040.77,504.118,-1279.06,4036.91,516.207,-1279.62,4036.91,516.207,-1279.62,3993.75,576.78,-1285.99,3988.99,576.787,-1286.69,4040.77,504.118,-1279.06,4040.77,649.053,-1279.06,4036.91,637.019,-1279.62,4036.91,637.019,-1279.62,4036.91,516.207,-1279.62,4040.77,504.118,-1279.06,4040.77,649.053,-1279.06,3988.99,576.787,-1286.69,3993.75,576.78,-1285.99,3993.75,576.78,-1285.99,4036.91,637.019,-1279.62,4040.77,649.053,-1279.06]},"normal":{"type":"float32","components":3,"data":[-0.145861,0,0.989305,-0.145861,0,0.989305,-0.145861,0,0.989305,-0.145861,0,0.989305,-0.145861,0,0.989305,-0.145861,0,0.989305,-0.145861,0,0.989305,-0.145861,0,0.989305,-0.145861,0,0.989305,-0.145861,-2.18446e-08,0.989305,-0.145861,-2.18446e-08,0.989305,-0.145861,-2.18446e-08,0.989305,-0.145861,-2.16203e-07,0.989305,-0.145861,-2.16203e-07,0.989305,-0.145861,-2.16203e-07,0.989305,-0.145861,0,0.989305,-0.145861,0,0.989305,-0.145861,0,0.989305,-0.145861,0,0.989305,-0.145861,0,0.989305,-0.145861,0,0.989305,-0.145861,2.08283e-07,0.989305,-0.145861,2.08283e-07,0.989305,-0.145861,2.08283e-07,0.989305,-0.145861,6.5755e-09,0.989305,-0.145861,6.5755e-09,0.989305,-0.145861,6.5755e-09,0.989305,-0.145861,-2.18446e-08,0.989305,-0.145861,-2.18446e-08,0.989305,-0.145861,-2.18446e-08,0.989305,-0.145861,-2.16203e-07,0.989305,-0.145861,-2.16203e-07,0.989305,-0.145861,-2.16203e-07,0.989305,-0.145861,0,0.989305,-0.145861,0,0.989305,-0.145861,0,0.989305,-0.145861,0,0.989305,-0.145861,0,0.989305,-0.145861,0,0.989305,-0.145861,2.08283e-07,0.989305,-0.145861,2.08283e-07,0.989305,-0.145861,2.08283e-07,0.989305,-0.145861,6.5755e-09,0.989305,-0.145861,6.5755e-09,0.989305,-0.145861,6.5755e-09,0.989305,-0.145861,-2.18446e-08,0.989305,-0.145861,-2.18446e-08,0.989305,-0.145861,-2.18446e-08,0.989305,-0.145861,-2.16203e-07,0.989305,-0.145861,-2.16203e-07,0.989305,-0.145861,-2.16203e-07,0.989305,-0.145861,0,0.989305,-0.145861,0,0.989305,-0.145861,0,0.989305,-0.145861,0,0.989305,-0.145861,0,0.989305,-0.145861,0,0.989305,-0.145861,2.08283e-07,0.989305,-0.145861,2.08283e-07,0.989305,-0.145861,2.08283e-07,0.989305,-0.145861,6.5755e-09,0.989305,-0.145861,6.5755e-09,0.989305,-0.145861,6.5755e-09,0.989305]},"texCoord0":{"type":"float32","components":2,"data":[0.859017,0.880883,0.859017,0.880883,0.859017,0.880883,0.859017,0.880883,0.859017,0.880883,0.859017,0.880883,0.859017,0.880883,0.859017,0.880883,0.859017,0.880883,0.95554,0.87575,0.955614,0.87575,0.955614,0.87575,0.955614,0.87575,0.95554,0.87575,0.95554,0.87575,0.955614,0.87575,0.955614,0.876123,0.955614,0.876123,0.955614,0.876123,0.955614,0.87575,0.955614,0.87575,0.955614,0.876123,0.95554,0.87575,0.95554,0.87575,0.95554,0.87575,0.955614,0.876123,0.955614,0.876123,0.95554,0.87575,0.955614,0.87575,0.955614,0.87575,0.955614,0.87575,0.95554,0.87575,0.95554,0.87575,0.955614,0.87575,0.955614,0.876123,0.955614,0.876123,0.955614,0.876123,0.955614,0.87575,0.955614,0.87575,0.955614,0.876123,0.95554,0.87575,0.95554,0.87575,0.95554,0.87575,0.955614,0.876123,0.955614,0.876123,0.95554,0.87575,0.955614,0.87575,0.955614,0.87575,0.955614,0.87575,0.95554,0.87575,0.95554,0.87575,0.955614,0.87575,0.955614,0.876123,0.955614,0.876123,0.955614,0.876123,0.955614,0.87575,0.955614,0.87575,0.955614,0.876123,0.95554,0.87575,0.95554,0.87575,0.95554,0.87575,0.955614,0.876123,0.955614,0.876123]}}],"meshes":[{"aabb":{"min":[3988.99,504.118,-1286.69],"max":[4213.51,649.053,-1253.59]},"vertices":0,"indices":[0,1,2,3,4,5,6,7,8,9,10,11,12,13,14,15,16,17,18,19,20,21,22,23,24,25,26,27,28,29,30,31,32,33,34,35,36,37,38,39,40,41,42,43,44,45,46,47,48,49,50,51,52,53,54,55,56,57,58,59,60,61,62],"type":"triangles","base":0,"count":63}],"meshInstances":[{"node":1,"mesh":0}]}}