{"model":{"version":3,"nodes":[{"name":"RootNode","position":[0,0,0],"rotation":[0,0,0],"scale":[0.0254,0.0254,0.0254],"scaleCompensation":false},{"name":"golf_hielo_piedramediaC","position":[0,0,0],"rotation":[-90,-0,0],"scale":[1,1,1],"scaleCompensation":false}],"parents":[-1,0],"skins":[],"morphs":[],"vertices":[{"position":{"type":"float32","components":3,"data":[-65.7888,-62.9276,-0.988348,-57.0885,-33.6525,59.4626,-81.1706,-38.8297,-0.994402,-57.0885,-33.6525,59.4626,13.7847,-41.339,39.7767,12.4261,-37.8491,46.4322,12.4261,-37.8491,46.4322,-53.8538,-30.653,64.842,-57.0885,-33.6525,59.4626,77.427,39.0739,-0.984581,46.4517,24.7246,50.353,39.4429,-21.1349,49.4991,77.427,39.0739,-0.984581,39.4429,-21.1349,49.4991,81.1708,-36.1907,-0.972481,-61.8346,1.56421,50.7954,-57.0885,-33.6525,59.4626,-53.8538,-30.653,64.842,-53.8538,-30.653,64.842,-58.2913,2.27075,56.7367,-61.8346,1.56421,50.7954,59.1683,-67.8453,-0.981571,13.7847,-41.339,39.7767,42.1224,-81.0984,-0.982872,-57.0885,-33.6525,59.4626,-65.7888,-62.9276,-0.988348,13.7847,-41.339,39.7767,77.427,39.0739,-0.984581,49.6747,38.7133,45.5941,46.4517,24.7246,50.353,-1.37354,81.0988,-0.983564,49.6747,38.7133,45.5941,77.427,39.0739,-0.984581,49.6747,38.7133,45.5941,-2.17682,62.2948,52.2886,-2.50122,59.0674,58.1331,-2.50122,59.0674,58.1331,45.9902,37.026,51.8724,49.6747,38.7133,45.5941,-1.37354,81.0988,-0.983564,-2.17682,62.2948,52.2886,49.6747,38.7133,45.5941,46.4517,24.7246,50.353,49.6747,38.7133,45.5941,45.9902,37.026,51.8724,45.9902,37.026,51.8724,42.9761,23.9315,56.323,46.4517,24.7246,50.353,39.4429,-21.1349,49.4991,46.4517,24.7246,50.353,42.9761,23.9315,56.323,42.9761,23.9315,56.323,36.4217,-18.9573,55.5245,39.4429,-21.1349,49.4991,-1.37354,81.0988,-0.983564,-61.8346,1.56421,50.7954,-2.17682,62.2948,52.2886,-2.17682,62.2948,52.2886,-61.8346,1.56421,50.7954,-58.2913,2.27075,56.7367,-58.2913,2.27075,56.7367,-2.50122,59.0674,58.1331,-2.17682,62.2948,52.2886,-1.37354,81.0988,-0.983564,-76.2889,30.2625,-0.992083,-61.8346,1.56421,50.7954,-76.2889,30.2625,-0.992083,-81.1706,-38.8297,-0.994402,-57.0885,-33.6525,59.4626,-57.0885,-33.6525,59.4626,-61.8346,1.56421,50.7954,-76.2889,30.2625,-0.992083,81.1708,-36.1907,-0.972481,39.4429,-21.1349,49.4991,13.7847,-41.339,39.7767,13.7847,-41.339,39.7767,59.1683,-67.8453,-0.981571,81.1708,-36.1907,-0.972481,13.7847,-41.339,39.7767,39.4429,-21.1349,49.4991,36.4217,-18.9573,55.5245,36.4217,-18.9573,55.5245,12.4261,-37.8491,46.4322,13.7847,-41.339,39.7767,13.7847,-41.339,39.7767,-65.7888,-62.9276,-0.988348,42.1224,-81.0984,-0.982872,-58.2913,2.27075,56.7367,-53.8538,-30.653,64.842,-38.9899,-1.47876,78.0481,42.9761,23.9315,56.323,2.7019,42.5061,66.2676,36.4217,-18.9573,55.5245,36.4217,-18.9573,55.5245,-38.9899,-1.47876,78.0481,12.4261,-37.8491,46.4322,2.7019,42.5061,66.2676,-38.9899,-1.47876,78.0481,36.4217,-18.9573,55.5245,2.7019,42.5061,66.2676,42.9761,23.9315,56.323,45.9902,37.026,51.8724,45.9902,37.026,51.8724,-2.50122,59.0674,58.1331,2.7019,42.5061,66.2676,-58.2913,2.27075,56.7367,2.7019,42.5061,66.2676,-2.50122,59.0674,58.1331,-38.9899,-1.47876,78.0481,2.7019,42.5061,66.2676,-58.2913,2.27075,56.7367,-53.8538,-30.653,64.842,12.4261,-37.8491,46.4322,-38.9899,-1.47876,78.0481]},"normal":{"type":"float32","components":3,"data":[-0.787504,-0.502577,0.356728,-0.787504,-0.502577,0.356728,-0.787504,-0.502577,0.356728,0.0347833,-0.882155,0.469673,0.0347833,-0.882155,0.469673,0.0347833,-0.882155,0.469673,0.0349819,-0.881666,0.470575,0.0349819,-0.881666,0.470575,0.0349819,-0.881666,0.470575,0.864604,-0.141118,0.482229,0.864604,-0.141118,0.482229,0.864604,-0.141118,0.482229,0.775767,0.0386891,0.629832,0.775767,0.0386891,0.629832,0.775767,0.0386891,0.629832,-0.859406,0.00998979,0.511197,-0.859406,0.00998979,0.511197,-0.859406,0.00998979,0.511197,-0.859342,0.0100515,0.511302,-0.859342,0.0100515,0.511302,-0.859342,0.0100515,0.511302,0.393522,-0.506218,0.767388,0.393522,-0.506218,0.767388,0.393522,-0.506218,0.767388,0.0225786,-0.901057,0.433113,0.0225786,-0.901057,0.433113,0.0225786,-0.901057,0.433113,0.858912,-0.0238671,0.511567,0.858912,-0.0238671,0.511567,0.858912,-0.0238671,0.511567,0.452289,0.848076,0.276046,0.452289,0.848076,0.276046,0.452289,0.848076,0.276046,0.416435,0.785901,0.457101,0.416435,0.785901,0.457101,0.416435,0.785901,0.457101,0.41642,0.786665,0.455799,0.41642,0.786665,0.455799,0.41642,0.786665,0.455799,0.426562,0.850847,0.306763,0.426562,0.850847,0.306763,0.426562,0.850847,0.306763,0.865493,-0.0292971,0.500063,0.865493,-0.0292971,0.500063,0.865493,-0.0292971,0.500063,0.865533,-0.0292872,0.499995,0.865533,-0.0292872,0.499995,0.865533,-0.0292872,0.499995,0.863613,-0.141,0.484037,0.863613,-0.141,0.484037,0.863613,-0.141,0.484037,0.863637,-0.140996,0.483995,0.863637,-0.140996,0.483995,0.863637,-0.140996,0.483995,-0.697193,0.679241,0.229245,-0.697193,0.679241,0.229245,-0.697193,0.679241,0.229245,-0.678341,0.658336,0.326261,-0.678341,0.658336,0.326261,-0.678341,0.658336,0.326262,-0.678439,0.658403,0.325923,-0.678439,0.658403,0.325923,-0.678439,0.658403,0.325923,-0.47828,0.704733,0.524022,-0.47828,0.704733,0.524022,-0.478279,0.704733,0.524022,-0.928926,0.0656203,0.364404,-0.928926,0.0656203,0.364404,-0.928926,0.0656203,0.364404,-0.970423,-0.074249,0.229708,-0.970423,-0.074249,0.229708,-0.970423,-0.074249,0.229708,0.384231,-0.748221,0.540863,0.384231,-0.748221,0.540862,0.384231,-0.748221,0.540863,0.50408,-0.350603,0.789291,0.504081,-0.350603,0.789291,0.504081,-0.350603,0.789291,0.418919,-0.766365,0.487023,0.418919,-0.766365,0.487023,0.418919,-0.766365,0.487023,0.418684,-0.76632,0.487296,0.418684,-0.76632,0.487296,0.418684,-0.76632,0.487296,-0.126773,-0.752677,0.646069,-0.126773,-0.752677,0.646069,-0.126773,-0.752677,0.646069,-0.733551,0.0676166,0.676263,-0.73355,0.0676166,0.676263,-0.733551,0.0676166,0.676263,0.217035,-0.0513175,0.974814,0.217035,-0.0513175,0.974814,0.217035,-0.0513175,0.974814,0.119523,-0.549716,0.826757,0.119523,-0.549716,0.826757,0.119523,-0.549716,0.826757,0.283608,-0.0120073,0.958865,0.283608,-0.0120073,0.958865,0.283608,-0.0120073,0.958865,0.333325,0.233716,0.913384,0.333325,0.233716,0.913384,0.333326,0.233716,0.913384,0.329779,0.497647,0.802243,0.329779,0.497647,0.802243,0.329779,0.497647,0.802243,-0.349944,0.322115,0.879648,-0.349944,0.322115,0.879648,-0.349944,0.322115,0.879648,-0.511143,0.638576,0.575286,-0.511143,0.638576,0.575286,-0.511143,0.638576,0.575286,0.18549,-0.482101,0.856255,0.18549,-0.482101,0.856255,0.18549,-0.482101,0.856255]},"texCoord0":{"type":"float32","components":2,