{"model":{"version":3,"nodes":[{"name":"RootNode","position":[0,0,0],"rotation":[0,0,0],"scale":[0.0254,0.0254,0.0254],"scaleCompensation":false},{"name":"Mesh1 Narrow_square Model 90","position":[0,0,0],"rotation":[-90,0,0],"scale":[1,1,1],"scaleCompensation":false}],"parents":[-1,0],"skins":[],"morphs":[],"vertices":[{"position":{"type":"float32","components":3,"data":[-59.055,-59.0549,17.3228,-59.055,-47.2441,17.3228,-59.055,-47.2441,7.48032,-59.055,-47.2441,9.55079e-06,-59.055,-59.0549,7.62656e-06,59.055,-59.0549,-2.68691e-05,59.055,-59.0549,17.3228,-59.055,-59.0549,17.3228,-59.055,-59.0549,7.62656e-06,-59.055,-59.0549,17.3228,59.055,-59.0549,17.3228,59.055,-47.2441,17.3228,29.5276,-23.6221,17.3228,-29.5276,-23.6221,17.3228,-59.055,-47.2441,17.3228,-29.5276,-23.6221,7.48032,-59.055,-47.2441,7.48032,-59.055,-47.2441,17.3228,-29.5276,-23.6221,17.3228,29.5276,-23.6221,7.4803,-29.5276,-23.6221,7.48032,-29.5276,-23.6221,17.3228,29.5276,-23.6221,17.3228,59.055,-47.2441,17.3228,59.055,-47.2441,7.48029,29.5276,-23.6221,7.4803,29.5276,-23.6221,17.3228,59.055,-59.0549,-2.68691e-05,59.055,-47.2441,-2.43582e-05,59.055,-47.2441,7.48029,59.055,-47.2441,17.3228,59.055,-59.0549,17.3228,59.055,59.0549,17.3228,59.055,47.2441,17.3228,59.055,47.2441,7.48031,59.055,47.2441,-8.96413e-06,59.055,59.0549,-8.21323e-06,-59.055,59.0549,17.3229,59.055,59.0549,17.3228,59.055,59.0549,-8.21323e-06,-59.0549,59.0549,2.68691e-05,-59.055,59.0549,17.3229,-59.055,47.2441,17.3229,-29.5275,23.6221,17.3228,29.5276,23.6221,17.3228,59.055,47.2441,17.3228,59.055,59.0549,17.3228,29.5276,23.6221,7.48031,59.055,47.2441,7.48031,59.055,47.2441,17.3228,29.5276,23.6221,17.3228,-29.5275,23.6221,17.3228,-29.5276,23.6221,7.48033,29.5276,23.6221,7.48031,29.5276,23.6221,17.3228,-59.055,47.2441,7.48034,-29.5276,23.6221,7.48033,-29.5275,23.6221,17.3228,-59.055,47.2441,17.3229,-59.0549,59.0549,2.68691e-05,-59.055,47.2441,2.49449e-05,-59.055,47.2441,7.48034,-59.055,47.2441,17.3229,-59.055,59.0549,17.3229]},"normal":{"type":"float32","components":3,"data":[-1,-1.42852e-07,-1.7142e-07,-1,-3.22984e-07,-3.87573e-07,-1,-9.00656e-08,-1.08077e-07,-1,0,0,-1,0,0,-6.72662e-14,-1,-2.20212e-07,-6.75676e-14,-1,-2.20212e-07,-6.46175e-14,-1,-2.20212e-07,-6.43161e-14,-1,-2.20212e-07,3.00293e-07,-1.60548e-07,1,3.0683e-07,-1.61492e-07,1,3.09923e-07,-1.92432e-07,1,3.06944e-07,-2.29064e-07,1,2.63654e-07,-1.12052e-07,1,3.22982e-07,-1.61492e-07,1,-0.624697,0.780867,1.11245e-07,-0.624697,0.780867,6.05272e-08,-0.624697,0.780867,7.03398e-08,-0.624697,0.780867,1.21058e-07,1.93787e-07,1,-3.75533e-14,1.93787e-07,1,-3.75533e-14,1.93787e-07,1,-3.75533e-14,1.93787e-07,1,-3.75533e-14,0.624697,0.780867,2.33958e-07,0.624697,0.780867,3.02643e-07,0.624697,0.780867,-5.23723e-08,0.624697,0.780867,-1.21058e-07,1,-6.45969e-07,-1.1919e-13,1,-6.45969e-07,0,1,-6.45969e-07,-1.70173e-13,1,-6.45968e-07,-1.83436e-13,1,-6.45969e-07,-1.4225e-13,1,2.75055e-07,-9.01364e-08,1,3.22984e-07,1.2518e-13,1,6.29455e-07,-3.67758e-07,1,2.84944e-07,-1.94276e-07,1,0,0,-3.22978e-08,1,2.20212e-07,-3.22978e-08,1,2.20212e-07,-3.22978e-08,1,2.20212e-07,-3.22978e-08,1,2.20212e-07,3.00291e-07,-1.62433e-07,1,3.22977e-07,-1.61492e-07,1,2.63654e-07,-2.10928e-07,1,3.06945e-07,-9.3914e-08,1,3.09924e-07,-1.3055e-07,1,3.0683e-07,-1.61492e-07,1,0.624697,-0.780867,-1.50495e-07,0.624697,-0.780867,-3.02643e-07,0.624697,-0.780867,-2.73207e-07,0.624697,-0.780867,-1.21058e-07,-1.93787e-07,-1,3.75533e-14,-1.93787e-07,-1,3.75533e-14,-1.93787e-07,-1,3.75533e-14,-1.93787e-07,-1,3.75533e-14,-0.624697,-0.780867,-4.36825e-07,-0.624697,-0.780867,1.21058e-07,-0.624698,-0.780867,1.31232e-08,-0.624697,-0.780867,-5.44759e-07,-1,3.61432e-07,1.97581e-07,-1,1.29194e-06,1.52989e-06,-1,4.66482e-07,2.26571e-07,-1,-1.7041e-07,-5.5661e-07,-1,-3.22984e-07,-6.60636e-07]},"texCoord0":{"type":"float32","components":2,"data":[0.313769,0.111249,0.313769,0.111256,0.313774,0.111256,0.313778,0.111256,0.313778,0.111249,0.313769,0.111313,0.313778,0.111313,0.313778,0.111249,0.313769,0.111249,0.113764,0.501618,0.113764,0.501561,0.11377,0.501561,0.113782,0.501575,0.113782,0.501604,0.11377,0.501618,0.313773,0.111265,0.313773,0.111249,0.313778,0.111249,0.313778,0.111265,0.313773,0.111297,0.313773,0.111265,0.313778,0.111265,0.313778,0.111297,0.313778,0.111313,0.313773,0.111313,0.313773,0.111297,0.313778,0.111297,0.313778,0.111249,0.313778,0.111256,0.313774,0.111256,0.313769,0.111256,0.313769,0.111249,0.313769,0.111313,0.313769,0.111307,0.313774,0.111307,0.313778,0.111307,0.313778,0.111313,0.313778,0.111249,0.313778,0.111313,0.313769,0.111313,0.313769,0.111249,0.113765,0.501561,0.113765,0.501561,0.113765,0.501561,0.113765,0.501561,0.113765,0.501561,0.113765,0.501561,0.313773,0.111297,0.313773,0.111313,0.313778,0.111313,0.313778,0.111297,0.313778,0.111265,0.313773,0.111265,0.313773,0.111297,0.313778,0.111297,0.313773,0.111249,0.313773,0.111265,0.313778,0.111265,0.313778,0.111249,0.313778,0.111313,0.313778,0.111307,0.313774,0.111307,0.313769,0.111307,0.313769,0.111313]}}],"meshes":[{"aabb":{"min":[-59.055,-59.0549,-2.68691e-05],"max":[59.055,59.0549,17.3229]},"vertices":0,"indices":[0,1,2,0,2,3,0,3,4,5,6,7,7,8,5,9,10,11,9,11,12,9,12,13,9,13,14,15,16,17,17,18,15,19,20,21,21,22,19,23,24,25,25,26,23,27,28,29,27,29,30,27,30,31,32,33,34,32,34,35,32,35,36,37,38,39,39,40,37,41,42,43,41,43,44,41,44,45,41,45,46,47,48,49,49,50,47,51,52,53,53,54,51,55,56,57,57,58,55,59,60,61,59,61,62,59,62,63],"type":"triangles","base":0,"count":108}],"meshInstances":[{"node":1,"mesh":0}]}}