{"model":{"version":3,"nodes":[{"name":"RootNode","position":[0,0,0],"rotation":[0,0,0],"scale":[0.0254,0.0254,0.0254],"scaleCompensation":false},{"name":"Mesh1 Hole_square Model 90","position":[0,0,0],"rotation":[-90,0,0],"scale":[1,1,1],"scaleCompensation":false}],"parents":[-1,0],"skins":[],"morphs":[],"vertices":[{"position":{"type":"float32","components":3,"data":[59.055,47.2441,-9.45703e-06,59.055,59.0549,-6.92273e-06,59.055,47.2441,7.4803,59.055,47.2441,17.3228,59.055,59.0549,17.3228,-47.2441,-47.2441,17.3228,-59.055,-59.0549,17.3228,59.055,-47.2441,17.3228,59.0549,-59.0549,17.3228,59.055,-47.2441,-3.91184e-05,59.055,-47.2441,17.3228,59.0549,-59.0549,-4.34127e-05,59.0549,-59.0549,17.3228,-59.055,-59.0549,17.3228,-59.055,-59.0549,6.33608e-06,59.0549,-59.0549,17.3228,59.0549,-59.0549,-4.34127e-05,-59.055,-59.0549,17.3228,-59.055,59.0549,17.3229,-59.055,-59.0549,6.33608e-06,-59.055,59.0549,4.28261e-05,59.055,59.0549,17.3228,59.055,59.0549,-6.92273e-06,-59.055,59.0549,17.3229,-59.055,59.0549,4.28261e-05,59.055,-47.2441,7.48027,-47.2441,-47.2441,7.48032,59.055,-47.2441,17.3228,-47.2441,-47.2441,17.3228,-47.2441,47.2441,7.48035,-47.2441,47.2441,17.3229,-47.2441,-47.2441,7.48032,-47.2441,-47.2441,17.3228,-47.2441,47.2441,7.48035,59.055,47.2441,7.4803,-47.2441,47.2441,17.3229,59.055,47.2441,17.3228,-59.055,-59.0549,17.3228,-47.2441,-47.2441,17.3228,-59.055,59.0549,17.3229,-47.2441,47.2441,17.3229,-59.055,59.0549,17.3229,-47.2441,47.2441,17.3229,59.055,59.0549,17.3228,59.055,47.2441,17.3228]},"normal":{"type":"float32","components":3,"data":[1,1.09425e-13,-5.09965e-07,1,-3.91912e-08,-3.51076e-07,1,2.19535e-07,-1.63336e-07,1,-7.68952e-08,-2.7264e-07,1,-3.22983e-07,-4.40424e-07,3.58865e-07,-3.58865e-07,1,3.58409e-07,-3.54312e-07,1,3.8803e-07,-3.27537e-07,1,3.87574e-07,-3.22984e-07,1,1,-1.29193e-06,-5.68999e-13,0.707107,0.707106,3.55325e-07,1,-1.04585e-06,-1.67784e-07,1,-6.45967e-07,-4.40424e-07,-1.70697e-13,-1,-4.40424e-07,-1.72016e-13,-1,-4.40424e-07,-1.83603e-13,-1,-4.40424e-07,-1.84922e-13,-1,-4.40424e-07,-1,-2.13372e-13,6.60636e-07,-1,2.93034e-08,4.6084e-07,-1,2.99414e-09,6.4022e-07,-1,3.22977e-08,4.40424e-07,1.70697e-13,1,4.40424e-07,1.72016e-13,1,4.40424e-07,1.83603e-13,1,4.40424e-07,1.84922e-13,1,4.40424e-07,2.87092e-07,1,7.75146e-07,2.87092e-07,1,7.75146e-07,0.707107,0.707106,3.55325e-07,2.87092e-07,1,7.75146e-07,1,-3.22978e-07,-3.87573e-07,1,-3.22978e-07,-3.87573e-07,1,-3.22978e-07,-3.87574e-07,1,-3.22978e-07,-3.87574e-07,-2.87092e-07,-1,-7.75146e-07,-2.87092e-07,-1,-7.75146e-07,-2.87092e-07,-1,-7.75146e-07,-2.87092e-07,-1,-7.75146e-07,3.58409e-07,-3.54312e-07,1,3.58865e-07,-3.58865e-07,1,3.5528e-07,-2.90684e-07,1,3.55449e-07,-2.92201e-07,1,3.5528e-07,-2.90684e-07,1,3.55449e-07,-2.92201e-07,1,3.94246e-07,-3.18433e-07,1,3.94751e-07,-3.22983e-07,1]},"texCoord0":{"type":"float32","components":2,"data":[0.313778,0.11125,0.313778,0.111244,0.313774,0.11125,0.313769,0.11125,0.313769,0.111244,0.113765,0.501627,0.113774,0.501637,0.113765,0.50154,0.113774,0.50154,0.313778,0.111301,0.313769,0.111301,0.313778,0.111308,0.313769,0.111308,0.313778,0.111239,0.313769,0.111239,0.313778,0.111303,0.313769,0.111303,0.313769,0.111308,0.313769,0.111244,0.313778,0.111308,0.313778,0.111244,0.313778,0.111303,0.313769,0.111303,0.313778,0.111239,0.313769,0.111239,0.313773,0.111303,0.313773,0.111245,0.313778,0.111303,0.313778,0.111245,0.313774,0.11125,0.313769,0.11125,0.313774,0.111301,0.313769,0.111301,0.313773,0.111245,0.313773,0.111303,0.313778,0.111245,0.313778,0.111303,0.113765,0.501637,0.113774,0.501627,0.113765,0.50154,0.113774,0.501549,0.113765,0.501637,0.113774,0.501627,0.113765,0.50154,0.113774,0.50154]}}],"meshes":[{"aabb":{"min":[-59.055,-59.0549,-4.34127e-05],"max":[59.055,59.0549,17.3229]},"vertices":0,"indices":[0,1,2,2,1,3,3,1,4,5,6,7,8,7,6,9,10,11,11,10,12,13,14,15,16,15,14,17,18,19,20,19,18,21,22,23,24,23,22,25,26,27,28,27,26,29,30,31,32,31,30,33,34,35,36,35,34,37,38,39,40,39,38,41,42,43,44,43,42],"type":"triangles","base":0,"count":69}],"meshInstances":[{"node":1,"mesh":0}]}}