{"model":{"version":3,"nodes":[{"name":"RootNode","position":[0,0,0],"rotation":[0,0,0],"scale":[0.0254,0.0254,0.0254],"scaleCompensation":false},{"name":"Mesh1 Walls_to_open Model 180","position":[0,0,0],"rotation":[-90,0,0],"scale":[1,1,1],"scaleCompensation":false}],"parents":[-1,0],"skins":[],"morphs":[],"vertices":[{"position":{"type":"float32","components":3,"data":[59.0549,59.055,17.3228,59.0549,47.2441,17.3228,59.0549,47.2441,7.48031,59.0549,47.2441,-6.21859e-06,59.0549,59.055,-8.21322e-06,59.0549,59.055,-8.21322e-06,47.2441,59.055,-7.62656e-06,47.2441,59.055,7.48031,47.2441,59.055,17.3228,59.0549,59.055,17.3228,59.0549,47.2441,17.3228,59.0549,59.055,17.3228,47.2441,59.055,17.3228,59.0549,47.2441,17.3228,47.2441,59.055,17.3228,47.2441,59.055,7.48031,59.0549,47.2441,7.48031,-59.0549,59.055,-8.79988e-06,-59.0549,47.2441,-6.21859e-06,-59.0549,47.2441,7.48031,-59.0549,47.2441,17.3228,-59.0549,59.055,17.3228,-47.2441,59.055,17.3228,-59.0549,59.055,17.3228,-59.0549,47.2441,17.3228,-47.2441,59.055,7.48031,-47.2441,59.055,17.3228,-59.0549,47.2441,17.3228,-59.0549,47.2441,7.48031,-47.2441,59.055,17.3228,-47.2441,59.055,7.48031,-47.2441,59.055,-7.62656e-06,-59.0549,59.055,-8.79988e-06,-59.0549,59.055,17.3228]},"normal":{"type":"float32","components":3,"data":[1,-3.22981e-07,-1.05854e-13,1,-3.22981e-07,-3.75537e-13,1,-3.22982e-07,2.51617e-13,1,-3.22982e-07,1.44215e-13,1,-3.22981e-07,-7.11244e-14,7.09694e-07,1,1.84513e-07,6.45966e-07,1,0,8.12813e-07,1,2.63438e-07,7.3948e-07,1,2.8397e-07,6.45966e-07,1,2.20212e-07,2.08635e-13,3.22981e-07,1,2.08635e-13,3.22981e-07,1,2.08635e-13,3.22981e-07,1,-0.707109,-0.707105,-6.36359e-07,-0.707109,-0.707104,-2.74055e-07,-0.707109,-0.707104,-4.5986e-07,-0.707109,-0.707105,-8.22164e-07,-1,-3.22982e-07,5.30073e-14,-1,-3.22982e-07,4.94128e-13,-1,-3.22982e-07,-9.69925e-14,-1,-3.22982e-07,-1.87094e-13,-1,-3.22982e-07,-7.11245e-14,-1.04318e-13,3.22982e-07,1,-1.04318e-13,3.22982e-07,1,-1.04318e-13,3.22982e-07,1,0.707108,-0.707106,-4.59861e-07,0.707108,-0.707106,-2.74055e-07,0.707108,-0.707106,-6.36361e-07,0.707107,-0.707106,-8.22166e-07,-1.99939e-07,1,1.3632e-07,-1,0,0,0,1,0,-1.23044e-07,1,8.38922e-08,-3.22983e-07,1,2.20212e-07]},"texCoord0":{"type":"float32","components":2,"data":[0.313778,0.111307,0.313778,0.1113,0.313773,0.1113,0.313769,0.1113,0.313769,0.111307,0.313769,0.111308,0.31378,0.111308,0.31378,0.111316,0.31378,0.111325,0.313769,0.111325,0.113765,0.501625,0.113765,0.501614,0.113776,0.501614,0.31378,0.111324,0.31378,0.111326,0.313769,0.111326,0.313769,0.111324,0.313769,0.111307,0.313769,0.1113,0.313773,0.1113,0.313778,0.1113,0.313778,0.111307,0.113764,0.501613,0.113776,0.501613,0.113776,0.501625,0.313769,0.111324,0.31378,0.111324,0.31378,0.111326,0.313769,0.111326,0.313769,0.111325,0.313769,0.111316,0.313769,0.111308,0.31378,0.111308,0.31378,0.111325]}}],"meshes":[{"aabb":{"min":[-59.0549,47.2441,-8.79988e-06],"max":[59.0549,59.055,17.3228]},"vertices":0,"indices":[0,1,2,0,2,3,0,3,4,5,6,7,5,7,8,5,8,9,10,11,12,13,14,15,15,16,13,17,18,19,17,19,20,17,20,21,22,23,24,25,26,27,27,28,25,29,30,31,29,31,32,29,32,33],"type":"triangles","base":0,"count":54}],"meshInstances":[{"node":1,"mesh":0}]}}