{"model":{"version":3,"nodes":[{"name":"RootNode","position":[0,0,0],"rotation":[0,0,0],"scale":[0.0254,0.0254,0.0254],"scaleCompensation":false},{"name":"golf_bosque_piedrachicaA","position":[0,0,0],"rotation":[-90,-0,0],"scale":[1,1,1],"scaleCompensation":false}],"parents":[-1,0],"skins":[],"morphs":[],"vertices":[{"position":{"type":"float32","components":3,"data":[29.6726,-17.1096,-3.83494,17.8292,15.3721,29.8724,9.93098,-7.42621,26.4417,9.93098,-7.42621,26.4417,-11.7253,31.9346,26.7653,-18.6645,-9.00299,21.7238,-28.8247,13.8907,26.6377,-29.6727,7.38794,-3.83577,-18.6645,-9.00299,21.7238,26.8116,8.56537,-3.83466,17.8292,15.3721,29.8724,29.6726,-17.1096,-3.83494,17.8292,15.3721,29.8724,-11.7253,31.9346,26.7653,9.93098,-7.42621,26.4417,26.8116,8.56537,-3.83466,-11.7253,31.9346,26.7653,17.8292,15.3721,29.8724,26.8116,8.56537,-3.83466,-7.85023,29.9142,-3.83673,-11.7253,31.9346,26.7653,-28.8247,13.8907,26.6377,-11.7253,31.9346,26.7653,-7.85023,29.9142,-3.83673,-7.85023,29.9142,-3.83673,-29.6727,7.38794,-3.83577,-28.8247,13.8907,26.6377,-10.5503,-31.9346,-3.83438,29.6726,-17.1096,-3.83494,9.93098,-7.42621,26.4417,9.93098,-7.42621,26.4417,-18.6645,-9.00299,21.7238,-10.5503,-31.9346,-3.83438,-28.8247,13.8907,26.6377,-18.6645,-9.00299,21.7238,-11.7253,31.9346,26.7653,-18.6645,-9.00299,21.7238,-29.6727,7.38794,-3.83577,-10.5503,-31.9346,-3.83438]},"normal":{"type":"float32","components":3,"data":[0.733159,-0.342412,0.587565,0.733159,-0.342412,0.587565,0.733159,-0.342412,0.587565,-0.156986,-0.0944575,0.983073,-0.156986,-0.0944575,0.983073,-0.156986,-0.0944575,0.983073,-0.898508,-0.423521,0.11538,-0.898508,-0.423521,0.11538,-0.898508,-0.423521,0.11538,0.965859,0.107625,0.235654,0.965859,0.107625,0.235654,0.965859,0.107625,0.235654,-0.156008,-0.0939209,0.98328,-0.156008,-0.0939209,0.98328,-0.156008,-0.0939209,0.98328,0.491945,0.869489,-0.0444872,0.491945,0.869489,-0.0444872,0.491945,0.869489,-0.0444872,0.524399,0.851411,0.0101914,0.524399,0.851411,0.0101914,0.524399,0.851411,0.0101914,-0.718621,0.68197,-0.13602,-0.71862,0.68197,-0.13602,-0.718621,0.68197,-0.13602,-0.712384,0.690121,-0.127442,-0.712384,0.690121,-0.127442,-0.712384,0.690121,-0.127442,0.306127,-0.830561,0.465247,0.306127,-0.830561,0.465247,0.306127,-0.830561,0.465247,-0.0664717,-0.753069,0.654575,-0.0664717,-0.753069,0.654575,-0.0664717,-0.753069,0.654575,0.145978,-0.145257,0.978566,0.145978,-0.145257,0.978566,0.145978,-0.145257,0.978566,-0.894211,-0.434849,0.106265,-0.894211,-0.434849,0.106265,-0.894211,-0.434849,0.106265]},"texCoord0":{"type":"float32","components":2,"data":[0.693448,0.208457,0.693455,0.208446,0.693461,0.208448,0.693461,0.208448,0.693464,0.208428,0.693478,0.208442,0.693475,0.208428,0.693485,0.208421,0.693478,0.208442,0.693439,0.208436,0.693455,0.208446,0.693448,0.208457,0.693455,0.208446,0.693464,0.208428,0.693461,0.208448,0.693439,0.208436,0.693464,0.208428,0.693455,0.208446,0.693439,0.208436,0.69346,0.208412,0.693464,0.208428,0.693475,0.208428,0.693464,0.208428,0.69346,0.208412,0.69346,0.208412,0.693485,0.208421,0.693475,0.208428,0.693482,0.208457,0.693461,0.208463,0.693461,0.208448,0.693461,0.208448,0.693478,0.208442,0.693482,0.208457,0.693475,0.208428,0.693478,0.208442,0.693464,0.208428,0.693478,0.208442,0.693485,0.208421,0.693482,0.208457]}}],"meshes":[{"aabb":{"min":[-29.6727,-31.9346,-3.83673],"max":[29.6726,31.9346,29.8724]},"vertices":0,"indices":[0,1,2,3,4,5,6,7,8,9,10,11,12,13,14,15,16,17,18,19,20,21,22,23,24,25,26,27,28,29,30,31,32,33,34,35,36,37,38],"type":"triangles","base":0,"count":39}],"meshInstances":[{"node":1,"mesh":0}]}}