{"model":{"version":3,"nodes":[{"name":"RootNode","position":[0,0,0],"rotation":[0,0,0],"scale":[0.0254,0.0254,0.0254],"scaleCompensation":false},{"name":"Mesh1 Wall_left Model 90","position":[0,0,0],"rotation":[-90,0,0],"scale":[1,1,1],"scaleCompensation":false}],"parents":[-1,0],"skins":[],"morphs":[],"vertices":[{"position":{"type":"float32","components":3,"data":[59.055,59.0549,17.3229,59.055,47.2441,17.3229,59.055,47.2441,7.48035,59.055,47.2441,3.08115e-05,59.055,59.0549,3.27357e-05,59.055,59.0549,3.27357e-05,-59.055,59.0549,-1.70131e-05,-59.055,59.0549,17.3228,59.055,59.0549,17.3229,-49.2126,47.2441,17.3228,59.055,47.2441,17.3229,59.055,59.0549,17.3229,-59.055,59.0549,17.3228,59.055,47.2441,7.48035,59.055,47.2441,17.3229,-49.2126,47.2441,17.3228,-49.2126,47.2441,7.4803,-59.055,59.0549,17.3228,-59.055,59.0549,-1.70131e-05,-59.055,-3.73113e-05,-2.54611e-05,-59.055,-3.853e-05,7.48029,-59.055,-4.01336e-05,17.3228,-59.055,-3.853e-05,7.48029,-49.2126,-3.54405e-05,7.48029,-49.2126,-3.7044e-05,17.3228,-59.055,-4.01336e-05,17.3228,-49.2126,-3.54405e-05,7.48029,-49.2126,47.2441,7.4803,-49.2126,47.2441,17.3228,-49.2126,-3.7044e-05,17.3228,-59.0549,-59.0549,17.3228,-59.055,-47.2441,17.3228,-59.055,-47.2441,7.48028,-59.055,-47.2441,-3.31581e-05,-59.0549,-59.0549,-3.50823e-05,59.055,-59.0549,17.3228,-59.0549,-59.0549,17.3228,-59.0549,-59.0549,-3.50823e-05,59.055,-59.0549,1.34931e-05,-59.0549,-59.0549,17.3228,59.055,-59.0549,17.3228,59.055,-47.2441,17.3228,-59.055,-47.2441,17.3228,59.055,-47.2441,7.48033,-59.055,-47.2441,7.48028,-59.055,-47.2441,17.3228,59.055,-47.2441,17.3228,59.055,-59.0549,17.3228,59.055,-59.0549,1.34931e-05,59.055,-47.2441,1.54174e-05,59.055,-47.2441,7.48033,59.055,-47.2441,17.3228,-59.055,59.0549,17.3228,-59.055,-4.01336e-05,17.3228,-49.2126,-3.7044e-05,17.3228,-49.2126,47.2441,17.3228]},"normal":{"type":"float32","components":3,"data":[1,-3.7829e-07,8.65007e-08,1,6.25899e-14,-3.87573e-07,1,-5.39389e-07,2.59682e-07,1,-6.84823e-07,4.66916e-07,1,-6.45967e-07,4.40424e-07,-8.60352e-14,1,2.20212e-07,-9.2755e-14,1,2.20212e-07,-9.20683e-14,1,2.20212e-07,-8.53485e-14,1,2.20212e-07,-3.87576e-07,-1.61488e-07,1,-3.87574e-07,-1.61492e-07,1,-3.87574e-07,-1.61491e-07,1,-3.87576e-07,-1.61487e-07,1,3.17106e-07,-1,-3.87573e-07,3.17106e-07,-1,-3.87573e-07,3.17106e-07,-1,-3.87573e-07,3.17106e-07,-1,-3.87573e-07,-1,3.43371e-08,-3.19674e-07,-1,6.45958e-08,-4.40424e-07,-1,-4.11285e-08,-8.00016e-08,-1,-9.34979e-08,1.73412e-07,-1,-1.29192e-07,3.87573e-07,3.13903e-07,-1,-1.62921e-07,3.13903e-07,-1,-1.62921e-07,3.13903e-07,-1,-1.62921e-07,3.13903e-07,-1,-1.62921e-07,1,3.22978e-07,3.87573e-07,1,3.22978e-07,3.87573e-07,1,3.22978e-07,3.87573e-07,1,3.22978e-07,3.87573e-07,-1,-7.59853e-07,-2.49068e-07,-1,-6.45968e-07,-3.87573e-07,-1,-1.06578e-07,2.59682e-07,-1,-7.60904e-07,-7.83644e-08,-1,-1.29194e-06,-4.40424e-07,9.00835e-14,-1,-2.20212e-07,8.53485e-14,-1,-2.20212e-07,8.58324e-14,-1,-2.20212e-07,9.05674e-14,-1,-2.20212e-07,-3.87574e-07,-1.61492e-07,1,-3.87574e-07,-1.61491e-07,1,-3.87574e-07,-1.61491e-07,1,-3.87574e-07,-1.61492e-07,1,-2.90681e-07,1,3.87573e-07,-2.90681e-07,1,3.87573e-07,-2.90681e-07,1,3.87573e-07,-2.90681e-07,1,3.87573e-07,1,3.69131e-07,2.51676e-07,1,9.68949e-07,6.60636e-07,1,5.99817e-07,4.0896e-07,1,0,0,1,0,0,-3.87576e-07,-1.61487e-07,1,-3.8758e-07,-1.61489e-07,1,-3.8758e-07,-1.61489e-07,1,-3.87576e-07,-1.61488e-07,1]},"texCoord0":{"type":"float32","components":2,"data":[0.313769,0.111272,0.313769,0.111279,0.313774,0.111279,0.313778,0.111279,0.313778,0.111272,0.313769,0.11124,0.313769,0.111305,0.313778,0.111305,0.313778,0.11124,0.113774,0.501624,0.113774,0.50154,0.113765,0.50154,0.113765,0.501631,0.313773,0.11124,0.313778,0.11124,0.313778,0.111299,0.313773,0.111299,0.313769,0.111272,0.313778,0.111272,0.313778,0.111304,0.313774,0.111304,0.313769,0.111304,0.313784,0.111311,0.313784,0.111311,0.313784,0.111311,0.313784,0.111311,0.313774,0.111304,0.313774,0.111279,0.313769,0.111279,0.313769,0.111304,0.313769,0.111261,0.313769,0.111255,0.313774,0.111255,0.313778,0.111255,0.313778,0.111261,0.313778,0.11124,0.313778,0.111305,0.313769,0.111305,0.313769,0.11124,0.113774,0.501538,0.113774,0.501637,0.113765,0.501637,0.113765,0.501538,0.313773,0.11124,0.313773,0.111305,0.313778,0.111305,0.313778,0.11124,0.313769,0.111261,0.313778,0.111261,0.313778,0.111255,0.313774,0.111255,0.313769,0.111255,0.113765,0.501558,0.113765,0.501613,0.113774,0.501613,0.113774,0.501569]}}],"meshes":[{"aabb":{"min":[-59.055,-59.0549,-3.50823e-05],"max":[59.055,59.0549,17.3229]},"vertices":0,"indices":[0,1,2,0,2,3,0,3,4,5,6,7,7,8,5,9,10,11,11,12,9,13,14,15,15,16,13,17,18,19,17,19,20,17,20,21,22,23,24,24,25,22,26,27,28,28,29,26,30,31,32,30,32,33,30,33,34,35,36,37,37,38,35,39,40,41,41,42,39,43,44,45,45,46,43,47,48,49,47,49,50,47,50,51,52,53,54,54,55,52],"type":"triangles","base":0,"count":90}],"meshInstances":[{"node":1,"mesh":0}]}}