{"model":{"version":3,"nodes":[{"name":"RootNode","position":[0,0,0],"rotation":[0,0,0],"scale":[0.0254,0.0254,0.0254],"scaleCompensation":false},{"name":"Mesh1 Wall_left Model","position":[0,0,0],"rotation":[-90,0,0],"scale":[1,1,1],"scaleCompensation":false}],"parents":[-1,0],"skins":[],"morphs":[],"vertices":[{"position":{"type":"float32","components":3,"data":[-59.055,59.0549,17.3229,-47.2441,59.0549,17.3229,-47.2441,59.0549,7.48033,-47.2441,59.0549,1.86559e-05,-59.055,59.0549,1.92425e-05,-59.055,59.0549,1.92425e-05,-59.055,-59.0549,-2.15892e-05,-59.055,-59.0549,17.3228,-59.055,59.0549,17.3229,-47.2441,-49.2126,17.3228,-47.2441,59.0549,17.3229,-59.055,59.0549,17.3229,-59.055,-59.0549,17.3228,-47.2441,59.0549,7.48033,-47.2441,59.0549,17.3229,-47.2441,-49.2126,17.3228,-47.2441,-49.2126,7.4803,-59.055,-59.0549,17.3228,-59.055,-59.0549,-2.15892e-05,1.87731e-05,-59.0549,-1.98292e-05,1.87731e-05,-59.0549,7.48029,1.87731e-05,-59.0549,17.3228,1.87731e-05,-59.0549,7.48029,1.87731e-05,-49.2126,7.4803,1.87731e-05,-49.2126,17.3228,1.87731e-05,-59.0549,17.3228,1.87731e-05,-49.2126,7.4803,-47.2441,-49.2126,7.4803,-47.2441,-49.2126,17.3228,1.87731e-05,-49.2126,17.3228,59.055,-59.0549,17.3228,47.2441,-59.0549,17.3228,47.2441,-59.0549,7.48029,47.2441,-59.0549,-1.98292e-05,59.055,-59.0549,-1.98292e-05,59.055,59.0549,17.3229,59.055,-59.0549,17.3228,59.055,-59.0549,-1.98292e-05,59.055,59.0549,1.92425e-05,59.055,-59.0549,17.3228,59.055,59.0549,17.3229,47.2441,59.0549,17.3229,47.2441,-59.0549,17.3228,47.2441,59.0549,7.48033,47.2441,-59.0549,7.48029,47.2441,-59.0549,17.3228,47.2441,59.0549,17.3229,59.055,59.0549,17.3229,59.055,59.0549,1.92425e-05,47.2441,59.0549,1.86559e-05,47.2441,59.0549,7.48033,47.2441,59.0549,17.3229,-59.055,-59.0549,17.3228,1.87731e-05,-59.0549,17.3228,1.87731e-05,-49.2126,17.3228,-47.2441,-49.2126,17.3228]},"normal":{"type":"float32","components":3,"data":[-5.70872e-08,1,2.55311e-07,0,1,3.87573e-07,-2.32916e-07,1,1.08077e-07,-1.23044e-07,1,1.3632e-07,1.09382e-14,1,2.20212e-07,-1,0,0,-1,0,0,-1,0,0,-1,0,0,-2.46404e-08,-3.56388e-07,1,0,-3.17106e-07,1,-3.72405e-09,-3.17512e-07,1,-3.00248e-08,-3.51551e-07,1,1,0,0,1,0,0,1,0,0,1,0,0,9.88436e-09,-1,-4.41919e-07,1.31257e-14,-1,-4.40424e-07,1.05724e-07,-1,-8.00016e-08,7.13871e-08,-1,-3.46825e-07,0,-1,-7.75146e-07,1,0,0,1,0,0,1,0,0,1,0,0,0,1,7.75146e-07,0,1,7.75146e-07,0,1,7.75146e-07,0,1,7.75146e-07,-1.14174e-07,-1,-5.10623e-07,0,-1,-7.75146e-07,-4.65833e-07,-1,-2.16154e-07,-2.46087e-07,-1,-2.7264e-07,0,-1,-4.40424e-07,1,0,0,1,0,0,1,0,0,1,0,0,0,-3.22979e-07,1,0,-3.22979e-07,1,0,-3.22979e-07,1,0,-3.22979e-07,1,-1,0,0,-1,0,0,-1,0,0,-1,0,0,5.70872e-08,1,2.55311e-07,-1.09382e-14,1,2.20212e-07,1.23044e-07,1,1.3632e-07,2.32917e-07,1,1.08077e-07,0,1,3.87573e-07,-3.00248e-08,-3.51551e-07,1,0,-3.87581e-07,1,0,-3.87581e-07,1,-2.46404e-08,-3.56388e-07,1]},"texCoord0":{"type":"float32","components":2,"data":[0.313769,0.111272,0.313769,0.111279,0.313774,0.111279,0.313778,0.111279,0.313778,0.111272,0.313769,0.11124,0.313769,0.111305,0.313778,0.111305,0.313778,0.11124,0.113774,0.501624,0.113774,0.50154,0.113765,0.50154,0.113765,0.501631,0.313773,0.11124,0.313778,0.11124,0.313778,0.111299,0.313773,0.111299,0.313769,0.111272,0.313778,0.111272,0.313778,0.111304,0.313774,0.111304,0.313769,0.111304,0.313784,0.111311,0.313784,0.111311,0.313784,0.111311,0.313784,0.111311,0.313774,0.111304,0.313774,0.111279,0.313769,0.111279,0.313769,0.111304,0.313769,0.111261,0.313769,0.111255,0.313774,0.111255,0.313778,0.111255,0.313778,0.111261,0.313778,0.11124,0.313778,0.111305,0.313769,0.111305,0.313769,0.11124,0.113774,0.501538,0.113774,0.501637,0.113765,0.501637,0.113765,0.501538,0.313773,0.11124,0.313773,0.111305,0.313778,0.111305,0.313778,0.11124,0.313769,0.111261,0.313778,0.111261,0.313778,0.111255,0.313774,0.111255,0.313769,0.111255,0.113765,0.501558,0.113765,0.501613,0.113774,0.501613,0.113774,0.501569]}}],"meshes":[{"aabb":{"min":[-59.055,-59.0549,-2.15892e-05],"max":[59.055,59.0549,17.3229]},"vertices":0,"indices":[0,1,2,0,2,3,0,3,4,5,6,7,7,8,5,9,10,11,11,12,9,13,14,15,15,16,13,17,18,19,17,19,20,17,20,21,22,23,24,24,25,22,26,27,28,28,29,26,30,31,32,30,32,33,30,33,34,35,36,37,37,38,35,39,40,41,41,42,39,43,44,45,45,46,43,47,48,49,47,49,50,47,50,51,52,53,54,54,55,52],"type":"triangles","base":0,"count":90}],"meshInstances":[{"node":1,"mesh":0}]}}