{"model":{"version":3,"nodes":[{"name":"RootNode","position":[0,0,0],"rotation":[0,0,0],"scale":[0.0254,0.0254,0.0254],"scaleCompensation":false},{"name":"golf_desert_piedrachicaA","position":[0,0,0],"rotation":[-90,-0,0],"scale":[1,1,1],"scaleCompensation":false}],"parents":[-1,0],"skins":[],"morphs":[],"vertices":[{"position":{"type":"float32","components":3,"data":[-19.927,-76.6897,94.2944,61.2937,-49.2176,105.182,-4.67615,7.19751,106.422,-75.0603,83.5586,99.6288,-81.8491,35.8845,89.3348,-43.3533,101.124,106.095,-43.3533,101.124,106.095,-4.67615,7.19751,106.422,15.4933,74.7278,104.077,-81.8491,35.8845,89.3348,-4.67615,7.19751,106.422,-43.3533,101.124,106.095,-4.67615,7.19751,106.422,-81.8491,35.8845,89.3348,-19.927,-76.6897,94.2944,-28.9792,-125.246,36.6144,104.884,-79.1864,52.1141,73.1176,-62.4857,97.7889,73.1176,-62.4857,97.7889,-19.927,-76.6897,94.2944,-28.9792,-125.246,36.6144,61.2937,-49.2176,105.182,15.4933,74.7278,104.077,-4.67615,7.19751,106.422,15.4933,74.7278,104.077,61.2937,-49.2176,105.182,74.9706,-55.4906,97.9323,15.4933,74.7278,104.077,104.884,-79.1864,52.1141,40.6752,100.036,45.2683,73.1176,-62.4857,97.7889,74.9706,-55.4906,97.9323,61.2937,-49.2176,105.182,-19.927,-76.6897,94.2944,73.1176,-62.4857,97.7889,61.2937,-49.2176,105.182,74.9706,-55.4906,97.9323,104.884,-79.1864,52.1141,15.4933,74.7278,104.077,-28.9792,-125.246,36.6144,-19.927,-76.6897,94.2944,-81.8491,35.8845,89.3348,40.6752,100.036,45.2683,23.5009,114.771,45.6733,15.4933,74.7278,104.077,23.5009,114.771,45.6733,-47.1737,125.246,45.2557,-43.3533,101.124,106.095,-43.3533,101.124,106.095,15.4933,74.7278,104.077,23.5009,114.771,45.6733,104.884,-79.1864,52.1141,74.9706,-55.4906,97.9323,73.1176,-62.4857,97.7889,-47.1737,125.246,45.2557,-91.6196,101.847,54.7131,-75.0603,83.5586,99.6288,-75.0603,83.5586,99.6288,-43.3533,101.124,106.095,-47.1737,125.246,45.2557,-91.6196,101.847,54.7131,-104.884,37.5138,47.1332,-81.8491,35.8845,89.3348,-81.8491,35.8845,89.3348,-75.0603,83.5586,99.6288,-91.6196,101.847,54.7131,-104.884,37.5138,47.1332,-103.157,15.8716,43.9592,-81.8491,35.8845,89.3348,-103.157,15.8716,43.9592,-28.9792,-125.246,36.6144,-81.8491,35.8845,89.3348]},"normal":{"type":"float32","components":3,"data":[-0.0896252,-0.126533,0.987905,-0.0896252,-0.126533,0.987905,-0.0896252,-0.126533,0.987905,-0.0893646,-0.198039,0.976112,-0.0893646,-0.198039,0.976112,-0.0893646,-0.198039,0.976112,0.0439305,0.021567,0.998802,0.0439305,0.021567,0.998802,0.0439305,0.021567,0.998802,-0.250298,-0.0997147,0.96302,-0.250298,-0.0997147,0.96302,-0.250298,-0.0997147,0.96302,-0.248477,-0.0942044,0.964046,-0.248477,-0.0942044,0.964046,-0.248477,-0.0942044,0.964046,0.236741,-0.847753,0.474626,0.236741,-0.847752,0.474626,0.236741,-0.847752,0.474626,0.0936139,-0.768846,0.632544,0.0936139,-0.768846,0.632544,0.0936139,-0.768846,0.632544,0.0386004,0.0231654,0.998986,0.0386004,0.0231654,0.998986,0.0386004,0.0231654,0.998986,0.52965,0.203055,0.823553,0.52965,0.203055,0.823553,0.52965,0.203055,0.823553,0.81768,0.311438,0.484154,0.81768,0.311438,0.484154,0.81768,0.311438,0.484154,0.41755,-0.129055,0.899443,0.41755,-0.129055,0.899443,0.41755,-0.129055,0.899443,0.0370728,-0.46098,0.886636,0.0370728,-0.46098,0.886636,0.0370728,-0.46098,0.886636,0.853421,0.372601,0.364473,0.853421,0.372601,0.364473,0.853421,0.372601,0.364473,-0.78286,-0.409998,0.468009,-0.78286,-0.409998,0.468009,-0.78286,-0.409998,0.468009,0.563916,0.643024,0.518188,0.563916,0.643024,0.518188,0.563916,0.643024,0.518188,0.134838,0.923984,0.357873,0.134838,0.923984,0.357873,0.134838,0.923984,0.357873,0.354672,0.747758,0.561307,0.354672,0.747758,0.561307,0.354672,0.747758,0.561307,0.76328,-0.214691,0.609353,0.76328,-0.214691,0.609353,0.76328,-0.214691,0.609353,-0.335564,0.822783,0.458721,-0.335564,0.822783,0.458721,-0.335564,0.822783,0.458721,-0.507717,0.789476,0.344893,-0.507717,0.789476,0.344893,-0.507717,0.789476,0.344893,-0.86912,0.122744,0.479128,-0.86912,0.122744,0.479128,-0.86912,0.122744,0.479128,-0.929625,0.0536583,0.364579,-0.929625,0.0536583,0.364578,-0.929625,0.0536583,0.364578,-0.871536,-0.138515,0.47036,-0.871536,-0.138515,0.47036,-0.871536,-0.138515,0.47036,-0.738742,-0.41592,0.53035,-0.738742,-0.41592,0.53035,-0.738742,-0.41592,0.53035]},"texCoord0":{"type":"float32","components":2,"data":[0.582222,0.045517,0.580839,0.048263,0.581578,0.045706,0.576028,0.04224,0.578008,0.042442,0.575273,0.043216,0.575273,0.043216,0.581578,0.045706,0.575142,0.045868,0.578008,0.042442,0.581578,0.045706,0.575273,0.043216,0.581578,0.045706,0.579301,0.04287,0.582222,0.045517,0.583516,0.045147,0.583426,0.050856,0.581379,0.048803,0.581379,0.048803,0.582222,0.045517,0.583516,0.045147,0.580839,0.048263,0.575142,0.045868,0.581578,0.045706,0.575203,0.046307,0.580839,0.048263,0.581077,0.048906,0.575203,0.046307,0.581765,0.051888,0.57259,0.048452,0.581379,0.048803,0.581077,0.048906,0.580839,0.048263,0.582222,0.045517,0.581379,0.048803,0.580839,0.048263,0.581077,0.048906,0.581765,0.051888,0.575203,0.046307,0.583516,0.045147,0.582222,0.045517,0.579497,0.041238,0.57259,0.048452,0.57179,0.047167,0.574892,0.046213,0.57179,0.047167,0.571959,0.041935,0.574717,0.043279,0.574717,0.043279,0.57466,0.045389,0.57179,0.047167,0.582278,0.051276,0.581077,0.048906,0.581379,0.048803,0.573534,0.039927,0.574557,0.039847,0.576028,0.04224,0.576028,0.04224,0.574968,0.042945,0.573534,0.039927,0.578417,0.038875,0.578632,0.039019,0.578035,0.042097,0.578035,0.042097,0.576716,0.041884,0.578417,0.038875,0.578632,0.039019,0.579974,0.039609,0.578035,0.042097,0.579974,0.039609,0.583516,0.045147,0.579497,0.041238]}}],"meshes":[{"aabb":{"min":[-104.884,-125.246,36.6144],"max":[104.884,125.246,106.422]},"vertices":0,"indices":[0,1,2,3,4,5,6,7,8,9,10,11,12,13,14,15,16,17,18,19,20,21,22,23,24,25,26,27,28,29,30,31,32,33,34,35,36,37,38,39,40,41,42,43,44,45,46,47,48,49,50,51,52,53,54,55,56,57,58,59,60,61,62,63,64,65,66,67,68,69,70,71],"type":"triangles","base":0,"count":72}],"meshInstances":[{"node":1,"mesh":0}]}}