{"model":{"version":3,"nodes":[{"name":"RootNode","position":[0,0,0],"rotation":[0,0,0],"scale":[0.0254,0.0254,0.0254],"scaleCompensation":false},{"name":"Mesh1 triangle 90","position":[0,0,0],"rotation":[-90,0,0],"scale":[1,1,1],"scaleCompensation":false}],"parents":[-1,0],"skins":[],"morphs":[],"vertices":[{"position":{"type":"float32","components":3,"data":[-59.0551,-59.0551,5.61023,-59.0551,-59.0551,15.4527,-59.0551,59.0551,5.61024,-59.0551,59.0551,15.4528,-0.00787354,-0.000232075,15.4527,-59.0551,59.0551,15.4528,-59.0551,-59.0551,15.4527,-59.0551,-59.0551,5.61023,-0.00787354,-0.000230041,5.61023,-59.0551,-59.0551,15.4527,-0.00787354,-0.000232075,15.4527,-0.00787354,-0.000230041,5.61023,-59.0551,59.0551,5.61024,-0.00787354,-0.000232075,15.4527,-59.0551,59.0551,15.4528]},"normal":{"type":"float32","components":3,"data":[-1,-2.58382e-07,-1.00142e-13,-1,-2.58382e-07,-1.00142e-13,-1,-2.58382e-07,-1.00142e-13,-1,-2.58382e-07,-1.00142e-13,6.46036e-08,-1.61489e-07,1,6.46036e-08,-1.61489e-07,1,6.46036e-08,-1.61489e-07,1,0.707153,-0.707061,-2.97024e-07,0.707153,-0.707061,-2.97024e-07,0.707153,-0.707061,-2.97024e-07,0.707153,-0.707061,-2.97024e-07,0.707155,0.707059,2.97022e-07,0.707155,0.707058,2.97022e-07,0.707155,0.707058,2.97022e-07,0.707155,0.707058,2.97022e-07]},"texCoord0":{"type":"float32","components":2,"data":[0.313773,0.111286,0.313778,0.111286,0.313773,0.111269,0.313778,0.111269,0.11377,0.501593,0.113764,0.501599,0.113776,0.501599,0.313773,0.111286,0.313773,0.111303,0.313778,0.111286,0.313778,0.111303,0.313773,0.111303,0.313773,0.111286,0.313778,0.111303,0.313778,0.111286]}}],"meshes":[{"aabb":{"min":[-59.0551,-59.0551,5.61023],"max":[-0.00787354,59.0551,15.4528]},"vertices":0,"indices":[0,1,2,3,2,1,4,5,6,7,8,9,10,9,8,11,12,13,14,13,12],"type":"triangles","base":0,"count":21}],"meshInstances":[{"node":1,"mesh":0}]}}