{"model":{"version":3,"nodes":[{"name":"RootNode","position":[0,0,0],"rotation":[0,0,0],"scale":[0.0254,0.0254,0.0254],"scaleCompensation":false},{"name":"LEVEL72-rampas","position":[0,0,0],"rotation":[-90,-0,0],"scale":[0.3937,0.3937,0.3937],"scaleCompensation":false}],"parents":[-1,0],"skins":[],"morphs":[],"vertices":[{"position":{"type":"float32","components":3,"data":[-3589.14,1296.09,-1293.35,-3289.14,1296.09,-1228.43,-3589.14,1296.09,-1316.28,-3289.14,1296.09,-1228.43,-3589.14,1296.09,-1293.35,-3289.14,1296.09,-1205.5,-3289.14,1296.09,-1205.5,-3289.14,396.094,-1228.43,-3289.14,1296.09,-1228.43,-3289.14,396.094,-1228.43,-3289.14,396.094,-1205.5,-3289.14,396.094,-1205.5,-3589.14,396.095,-1316.28,-3289.14,396.094,-1228.43,-3589.14,396.095,-1316.28,-3289.14,396.094,-1205.5,-3589.14,396.095,-1293.35,-3289.14,1296.09,-1205.5,-3589.14,1296.09,-1293.35,-3589.14,396.095,-1293.35,-3589.14,396.095,-1293.35,-3289.14,396.094,-1205.5,-3289.14,1296.09,-1205.5,-1339.14,-98.9056,-1283.5,-1339.14,-143.906,-1294,-1327.49,-97.3721,-1283.5,-1315.84,-140.839,-1294,-1327.49,-97.3721,-1283.5,-1339.14,-143.906,-1294,-1339.14,-98.9056,-1283.5,-1350.78,-97.3721,-1283.5,-1339.14,-143.906,-1294,-1362.43,-140.839,-1294,-1339.14,-143.906,-1294,-1350.78,-97.3721,-1283.5,-1315.84,-140.839,-1294,-1294.14,-131.848,-1294,-1327.49,-97.3721,-1283.5,-1316.64,-92.8769,-1283.5,-1327.49,-97.3721,-1283.5,-1294.14,-131.848,-1294,-1294.14,-131.848,-1294,-1275.5,-117.546,-1294,-1316.64,-92.8769,-1283.5,-1307.32,-85.7266,-1283.5,-1316.64,-92.8769,-1283.5,-1275.5,-117.546,-1294,-1307.32,-85.7266,-1283.5,-1275.5,-117.546,-1294,-1300.16,-76.4066,-1283.5,-1261.19,-98.9056,-1294,-1300.16,-76.4066,-1283.5,-1275.5,-117.546,-1294,-1300.16,-76.4066,-1283.5,-1261.19,-98.9056,-1294,-1295.67,-65.553,-1283.5,-1252.2,-77.2,-1294,-1295.67,-65.553,-1283.5,-1261.19,-98.9056,-1294,-1295.67,-65.553,-1283.5,-1252.2,-77.2,-1294,-1294.14,-53.9059,-1283.5,-1249.14,-53.9059,-1294,-1294.14,-53.9059,-1283.5,-1252.2,-77.2,-1294,-1294.14,-53.9059,-1283.5,-1249.14,-53.9059,-1294,-1295.67,-42.2589,-1283.5,-1252.2,-30.6119,-1294,-1295.67,-42.2589,-1283.5,-1249.14,-53.9059,-1294,-1252.2,-30.6119,-1294,-1261.19,-8.90624,-1294,-1295.67,-42.2589,-1283.5,-1300.16,-31.4053,-1283.5,-1295.67,-42.2589,-1283.5,-1261.19,-8.90624,-1294,-1261.19,-8.90624,-1294,-1275.5,9.7339,-1294,-1300.16,-31.4053,-1283.5,-1307.32,-22.0853,-1283.5,-1300.16,-31.4053,-1283.5,-1275.5,9.7339,-1294,-1307.32,-22.0853,-1283.5,-1275.5,9.7339,-1294,-1316.64,-14.935,-1283.5,-1294.14,24.0359,-1294,-1316.64,-14.935,-1283.5,-1275.5,9.7339,-1294,-1316.64,-14.935,-1283.5,-1294.14,24.0359,-1294,-1327.49,-10.4382,-1283.5,-1315.84,33.0279,-1294,-1327.49,-10.4382,-1283.5,-1294.14,24.0359,-1294,-1327.49,-10.4382,-1283.5,-1315.84,33.0279,-1294,-1339.14,-8.90624,-1283.5,-1339.14,36.0934,-1294,-1339.14,-8.90624,-1283.5,-1315.84,33.0279,-1294,-1339.14,36.0934,-1294,-1362.43,33.0279,-1294,-1339.14,-8.90624,-1283.5,-1350.78,-10.4382,-1283.5,-1339.14,-8.90624,-1283.5,-1362.43,33.0279,-1294,-1362.43,33.0279,-1294,-1384.13,24.0359,-1294,-1350.78,-10.4382,-1283.5,-1361.64,-14.935,-1283.5,-1350.78,-10.4382,-1283.5,-1384.13,24.0359,-1294,-1384.13,24.0359,-1294,-1402.78,9.7339,-1294,-1361.64,-14.935,-1283.5,-1370.96,-22.0853,-1283.5,-1361.64,-14.935,-1283.5,-1402.78,9.7339,-1294,-1370.96,-22.0853,-1283.5,-1402.78,9.7339,-1294,-1378.11,-31.4053,-1283.5,-1417.08,-8.90624,-1294,-1378.11,-31.4053,-1283.5,-1402.78,9.7339,-1294,-1378.11,-31.4053,-1283.5,-1417.08,-8.90624,-1294,-1382.6,-42.2589,-1283.5,-1426.07,-30.6119,-1294,-1382.6,-42.2589,-1283.5,-1417.08,-8.90624,-1294,-1382.6,-42.2589,-1283.5,-1426.07,-30.6119,-1294,-1384.13,-53.9059,-1283.5,-1429.14,-53.9059,-1294,-1384.13,-53.9059,-1283.5,-1426.07,-30.6119,-1294,-1382.6,-65.553,-1283.5,-1384.13,-53.9059,-1283.5,-1426.07,-77.2,-1294,-1429.14,-53.9059,-1294,-1426.07,-77.2,-1294,-1384.13,-53.9059,-1283.5,-1382.6,-65.553,-1283.5,-1426.07,-77.2,-1294,-1378.11,-76.4066,-1283.5,-1417.08,-98.9056,-1294,-1378.11,-76.4066,-1283.5,-1426.07,-77.2,-1294,-1378.11,-76.4066,-1283.5,-1417.08,-98.9056,-1294,-1370.96,-85.7266,-1283.5,-1402.78,-117.546,-1294,-1370.96,-85.7266,-1283.5,-1417.08,-98.9056,-1294,-1402.78,-117.546,-1294,-1384.13,-131.848,-1294,-1370.96,-85.7266,-1283.5,-1361.64,-92.8769,-1283.5,-1370.96,-85.7266,-1283.5,-1384.13,-131.848,-1294,-1361.64,-92.8769,-1283.5,-1384.13,-131.848,-1294,-1350.78,-97.3721,-1283.5,-1362.43,-140.839,-1294,-1350.78,-97.3721,-1283.5,-1384.13,-131.848,-1294,-1307.32,-85.7266,-1283.5,-1300.16,-76.4066,-1283.5,-1316.64,-92.8769,-1283.5,-1327.49,-97.3721,-1283.5,-1339.14,-98.9056,-1283.5,-1350.78,-97.3721,-1283.5,-1361.64,-92.8769,-1283.5,-1370.96,-85.7266,-1283.5,-1370.96,-85.7266,-1283.5,-1378.11,-76.4066,-1283.5,-1378.11,-76.4066,-1283.5,-1382.6,-65.553,-1283.5,-1384.13,-53.9059,-1283.5,-1384.13,-53.9059,-1283.5,-1382.6,-42.2589,-1283.5,-1378.11,-31.4053,-1283.5,-1370.96,-22.0853,-1283.5,-1361.64,-14.935,-1283.5,-1361.64,-14.935,-1283.5,-1350.78,-10.4382,-1283.5,-1339.14,-8.90624,-1283.5,-1339.14,-8.90624,-1283.5,-1327.49,-10.4382,-1283.5,-1316.64,-14.935,-1283.5,-1307.32,-22.0853,-1283.5,-1300.16,-31.4053,-1283.5,-1295.67,-42.2589,-1283.5,-1295.67,-42.2589,-1283.5,-1294.14,-53.9059,-1283.5,-1295.67,-65.553,-1283.5,-3589.14,1296.09,-1316.28,-3289.14,1296.09,-1228.43,-3289.14,396.094,-1228.43,-3289.14,396.094,-1228.43,-3589.14,396.095,-1316.28,-3589.14,1296.09,-1316.28]},"normal":{"type":"float32","components":3,