{"model":{"version":3,"nodes":[{"name":"RootNode","position":[0,0,0],"rotation":[0,0,0],"scale":[0.0254,0.0254,0.0254],"scaleCompensation":false},{"name":"Mesh1 Corner Model 270","position":[0,0,0],"rotation":[-90,0,0],"scale":[1,1,1],"scaleCompensation":false}],"parents":[-1,0],"skins":[],"morphs":[],"vertices":[{"position":{"type":"float32","components":3,"data":[59.0549,-59.055,17.3228,59.0549,-59.055,1.18503e-05,59.0549,-47.2441,1.30706e-05,59.0549,-47.2441,7.48033,59.0549,-47.2441,17.3228,59.0549,-59.055,1.18503e-05,59.0549,-59.055,17.3228,-59.055,-59.0549,17.3228,-59.055,-59.0549,-2.46396e-05,-59.0549,59.055,17.3228,-59.0549,59.055,-1.2437e-05,-59.055,-59.0549,-2.46396e-05,-59.055,-59.0549,17.3228,-59.0549,59.055,17.3228,-59.055,-59.0549,17.3228,-47.2441,-47.2441,17.3228,-47.244,59.0549,17.3228,-59.0549,59.055,-1.2437e-05,-59.0549,59.055,17.3228,-47.244,59.0549,17.3228,-47.244,59.055,7.4803,-47.244,59.055,-9.31604e-06,59.0549,-47.2441,7.48033,-47.2441,-47.244,7.48029,-47.2441,-47.2441,17.3228,59.0549,-47.2441,17.3228,-47.244,59.0549,17.3228,-47.2441,-47.2441,17.3228,-47.2441,-47.244,7.48029,-47.244,59.055,7.4803,-47.2441,-47.2441,17.3228,-59.055,-59.0549,17.3228,59.0549,-59.055,17.3228,59.0549,-47.2441,17.3228]},"normal":{"type":"float32","components":3,"data":[1,-3.70912e-07,9.01363e-08,1,-6.45966e-07,-1.42249e-13,1,-3.61022e-07,1.94276e-07,1,-1.65127e-08,3.67758e-07,1,-3.22983e-07,-1.2518e-13,-7.75149e-07,-1,-2.20212e-07,-7.75149e-07,-1,-2.20212e-07,-7.75149e-07,-1,-2.20212e-07,-7.75149e-07,-1,-2.20212e-07,-1,7.4884e-07,-4.08317e-08,-1,7.42851e-07,1.63585e-13,-1,8.01458e-07,-3.99592e-07,-1,8.07447e-07,-4.40424e-07,-3.16156e-07,-1.06901e-07,1,-2.74534e-07,-4.84484e-08,1,-2.76809e-07,-4.8701e-08,1,-3.22982e-07,-1.07659e-07,1,5.82236e-07,1,1.84513e-07,6.45964e-07,1,2.20212e-07,5.52451e-07,1,2.8397e-07,4.79118e-07,1,2.63437e-07,6.45964e-07,1,-6.58838e-13,7.89502e-07,1,3.87573e-07,7.89502e-07,1,3.87573e-07,7.89502e-07,1,3.87573e-07,7.89502e-07,1,3.87573e-07,1,-8.59166e-07,3.64792e-07,1,-8.25389e-07,-3.19899e-13,1,-8.27499e-07,2.27809e-08,1,-8.61276e-07,3.87573e-07,-2.76809e-07,-4.8701e-08,1,-2.74534e-07,-4.84484e-08,1,-3.22978e-07,-1.29371e-13,1,-3.22978e-07,1.04316e-13,1]},"texCoord0":{"type":"float32","components":2,"data":[0.313769,0.111241,0.313778,0.111241,0.313778,0.111247,0.313774,0.111247,0.313769,0.111247,0.313769,0.111306,0.313778,0.111306,0.313778,0.111241,0.313769,0.111241,0.313769,0.111304,0.313778,0.111304,0.313778,0.111241,0.313769,0.111241,0.113774,0.50154,0.113774,0.501631,0.113765,0.501622,0.113765,0.50154,0.313769,0.111241,0.313778,0.111241,0.313778,0.111248,0.313773,0.111248,0.313769,0.111248,0.313773,0.111306,0.313773,0.111248,0.313778,0.111248,0.313778,0.111306,0.313769,0.111304,0.313769,0.111247,0.313774,0.111247,0.313774,0.111304,0.113774,0.501622,0.113765,0.501631,0.113765,0.50154,0.113774,0.50154]}}],"meshes":[{"aabb":{"min":[-59.055,-59.055,-2.46396e-05],"max":[59.0549,59.055,17.3228]},"vertices":0,"indices":[0,1,2,0,2,3,0,3,4,5,6,7,7,8,5,9,10,11,11,12,9,13,14,15,15,16,13,17,18,19,17,19,20,17,20,21,22,23,24,24,25,22,26,27,28,28,29,26,30,31,32,32,33,30],"type":"triangles","base":0,"count":54}],"meshInstances":[{"node":1,"mesh":0}]}}