{"model":{"version":3,"nodes":[{"name":"RootNode","position":[0,0,0],"rotation":[0,0,0],"scale":[0.0254,0.0254,0.0254],"scaleCompensation":false},{"name":"Mesh1 Wall_right Model 270","position":[0,0,0],"rotation":[-90,0,0],"scale":[1,1,1],"scaleCompensation":false}],"parents":[-1,0],"skins":[],"morphs":[],"vertices":[{"position":{"type":"float32","components":3,"data":[-59.055,-59.0549,17.3228,-59.055,-47.2441,17.3228,-59.055,-47.2441,7.48032,-59.055,-47.2441,8.37747e-06,-59.055,-59.0549,7.0399e-06,59.055,-59.0549,-2.74558e-05,59.055,-59.0549,17.3228,-59.055,-59.0549,17.3228,-59.055,-59.0549,7.0399e-06,59.055,-47.2441,17.3228,-59.055,-47.2441,17.3228,-59.055,-59.0549,17.3228,59.055,-59.0549,17.3228,59.055,-59.0549,-2.74558e-05,59.055,-47.2441,-2.49449e-05,59.055,-47.2441,7.48029,59.055,-47.2441,17.3228,59.055,-59.0549,17.3228,49.2126,47.2441,17.3228,49.2126,47.2441,7.48031,49.2126,-1.08007e-05,7.4803,49.2126,-1.24043e-05,17.3228,-59.055,47.2441,17.3229,-59.055,47.2441,7.48034,49.2126,47.2441,7.48031,49.2126,47.2441,17.3228,-59.055,59.0549,17.3229,-59.055,47.2441,17.3229,49.2126,47.2441,17.3228,59.055,59.0549,17.3228,59.055,59.0549,17.3228,59.055,-1.43207e-05,17.3228,59.055,-1.27171e-05,7.4803,59.055,-1.14984e-05,-1.72478e-05,59.055,59.0549,-8.79989e-06,-59.0549,59.0549,2.56958e-05,-59.055,59.0549,17.3229,59.055,59.0549,17.3228,59.055,59.0549,-8.79989e-06,-59.0549,59.0549,2.56958e-05,-59.055,47.2441,2.37716e-05,-59.055,47.2441,7.48034,-59.055,47.2441,17.3229,-59.055,59.0549,17.3229,59.055,-1.43207e-05,17.3228,49.2126,-1.24043e-05,17.3228,49.2126,-1.08007e-05,7.4803,59.055,-1.27171e-05,7.4803,59.055,-47.2441,17.3228,59.055,-47.2441,7.48029,-59.055,-47.2441,7.48032,-59.055,-47.2441,17.3228,59.055,59.0549,17.3228,49.2126,47.2441,17.3228,49.2126,-1.24043e-05,17.3228,59.055,-1.43207e-05,17.3228]},"normal":{"type":"float32","components":3,"data":[-1,-1.42851e-07,-1.71419e-07,-1,-3.22982e-07,-3.87573e-07,-1,-9.00655e-08,-1.08077e-07,-1,0,0,-1,0,0,-6.72662e-14,-1,-2.20212e-07,-6.75676e-14,-1,-2.20212e-07,-6.46175e-14,-1,-2.20212e-07,-6.43161e-14,-1,-2.20212e-07,3.0683e-07,-1.61492e-07,1,3.0683e-07,-1.61491e-07,1,3.0683e-07,-1.61491e-07,1,3.0683e-07,-1.61492e-07,1,1,-6.45966e-07,-1.19189e-13,1,-6.45966e-07,0,1,-6.45966e-07,-1.70172e-13,1,-6.45966e-07,-1.83435e-13,1,-6.45967e-07,-1.4225e-13,-0.707107,-0.707107,-3.5835e-08,-0.707107,-0.707107,-5.1177e-14,-1,2.31675e-07,5.06787e-08,-1,2.42233e-07,3.94648e-14,-2.11404e-07,-1,-3.87573e-07,-2.11404e-07,-1,-3.87573e-07,-0.707107,-0.707107,-5.1177e-14,-0.707107,-0.707107,-3.5835e-08,2.83598e-07,-1.45666e-07,1,2.81872e-07,-1.61492e-07,1,4.48805e-07,-5.67755e-08,1,4.28253e-07,-3.38943e-08,1,1,6.92494e-08,4.24796e-08,1,-1.25178e-13,7.75147e-07,1,1.18352e-07,6.50344e-08,1,1.87013e-07,-4.17331e-07,1,6.45958e-08,1.42248e-14,-3.22978e-08,1,2.20212e-07,-3.22978e-08,1,2.20212e-07,-3.22978e-08,1,2.20212e-07,-3.22978e-08,1,2.20212e-07,-1,3.61429e-07,1.97579e-07,-1,1.29193e-06,1.52989e-06,-1,4.66481e-07,2.26571e-07,-1,-1.70409e-07,-5.5661e-07,-1,-3.22983e-07,-6.60636e-07,-1.94707e-07,-1,-1.62921e-07,-1.94707e-07,-1,-1.62921e-07,-1.94707e-07,-1,-1.62921e-07,-1.94707e-07,-1,-1.62921e-07,2.26085e-07,1,3.87573e-07,2.26085e-07,1,3.87573e-07,2.26085e-07,1,3.87573e-07,2.26085e-07,1,3.87573e-07,4.28253e-07,-3.38943e-08,1,4.48805e-07,-5.67755e-08,1,5.81369e-07,-1.61489e-07,1,5.81369e-07,-1.61489e-07,1]},"texCoord0":{"type":"float32","components":2,"data":[0.313769,0.111244,0.313769,0.111251,0.313774,0.111251,0.313778,0.111251,0.313778,0.111244,0.313769,0.111308,0.313778,0.111308,0.313778,0.111243,0.313769,0.111243,0.113774,0.501538,0.113774,0.501637,0.113765,0.501637,0.113765,0.501538,0.313778,0.111244,0.313778,0.111251,0.313774,0.111251,0.313769,0.111251,0.313769,0.111244,0.313769,0.111302,0.313774,0.111302,0.313774,0.111276,0.313769,0.111276,0.313778,0.111243,0.313773,0.111243,0.313773,0.111303,0.313778,0.111303,0.113765,0.50154,0.113774,0.50154,0.113774,0.501624,0.113765,0.501631,0.313769,0.111308,0.313769,0.111276,0.313774,0.111276,0.313778,0.111276,0.313778,0.111308,0.313769,0.111243,0.313778,0.111243,0.313778,0.111308,0.313769,0.111308,0.313778,0.111308,0.313778,0.111302,0.313774,0.111302,0.313769,0.111302,0.313769,0.111308,0.313778,0.111308,0.313778,0.111303,0.313773,0.111303,0.313773,0.111308,0.313778,0.111308,0.313773,0.111308,0.313773,0.111243,0.313778,0.111243,0.113765,0.501556,0.113774,0.501567,0.113774,0.501612,0.113765,0.501612]}}],"meshes":[{"aabb":{"min":[-59.055,-59.0549,-2.74558e-05],"max":[59.055,59.0549,17.3229]},"vertices":0,"indices":[0,1,2,0,2,3,0,3,4,5,6,7,7,8,5,9,10,11,11,12,9,13,14,15,13,15,16,13,16,17,18,19,20,20,21,18,22,23,24,24,25,22,26,27,28,28,29,26,30,31,32,30,32,33,30,33,34,35,36,37,37,38,35,39,40,41,39,41,42,39,42,43,44,45,46,46,47,44,48,49,50,50,51,48,52,53,54,54,55,52],"type":"triangles","base":0,"count":90}],"meshInstances":[{"node":1,"mesh":0}]}}