{"model":{"version":3,"nodes":[{"name":"RootNode","position":[0,0,0],"rotation":[0,0,0],"scale":[0.0254,0.0254,0.0254],"scaleCompensation":false},{"name":"LEVEL11-flechas","position":[0,0,0],"rotation":[-90,-0,0],"scale":[0.3937,0.3937,0.3937],"scaleCompensation":false}],"parents":[-1,0],"skins":[],"morphs":[],"vertices":[{"position":{"type":"float32","components":3,"data":[-3162.75,502.964,-1174.28,-3117.67,543.317,-1147.83,-3162.75,583.394,-1174.28,-3079.95,502.964,-1125.39,-3034.86,543.317,-1098.93,-3079.95,583.394,-1125.39,-3245.18,502.964,-1221.39,-3200.09,543.317,-1194.93,-3245.18,583.394,-1221.39,-3166.12,495.027,-1176.25,-3112.15,543.328,-1144.59,-3117.67,543.317,-1147.83,-3117.67,543.317,-1147.83,-3162.75,502.964,-1174.28,-3166.12,495.027,-1176.25,-3112.15,543.328,-1144.59,-3166.12,591.298,-1176.25,-3162.75,583.394,-1174.28,-3162.75,583.394,-1174.28,-3117.67,543.317,-1147.83,-3112.15,543.328,-1144.59,-3166.12,591.298,-1176.25,-3166.12,495.027,-1176.25,-3162.75,502.964,-1174.28,-3162.75,583.394,-1174.28,-3166.12,591.298,-1176.25,-3083.31,495.027,-1127.36,-3029.34,543.328,-1095.7,-3034.86,543.317,-1098.93,-3034.86,543.317,-1098.93,-3079.95,502.964,-1125.39,-3083.31,495.027,-1127.36,-3029.34,543.328,-1095.7,-3083.31,591.298,-1127.36,-3079.95,583.394,-1125.39,-3079.95,583.394,-1125.39,-3034.86,543.317,-1098.93,-3029.34,543.328,-1095.7,-3083.31,591.298,-1127.36,-3083.31,495.027,-1127.36,-3079.95,502.964,-1125.39,-3079.95,502.964,-1125.39,-3079.95,583.394,-1125.39,-3083.31,591.298,-1127.36,-3248.54,495.027,-1223.36,-3194.57,543.328,-1191.7,-3200.09,543.317,-1194.93,-3200.09,543.317,-1194.93,-3245.18,502.964,-1221.39,-3248.54,495.027,-1223.36,-3194.57,543.328,-1191.7,-3248.54,591.298,-1223.36,-3245.18,583.394,-1221.39,-3245.18,583.394,-1221.39,-3200.09,543.317,-1194.93,-3194.57,543.328,-1191.7,-3248.54,591.298,-1223.36,-3248.54,495.027,-1223.36,-3245.18,502.964,-1221.39,-3245.18,502.964,-1221.39,-3245.18,583.394,-1221.39]},"normal":{"type":"float32","components":3,"data":[-0.506019,0,0.862523,-0.506019,0,0.862523,-0.506019,0,0.862523,-0.506019,0,0.862522,-0.506019,0,0.862522,-0.506019,0,0.862522,-0.506019,0,0.862523,-0.506019,0,0.862523,-0.506019,0,0.862523,-0.506019,9.8995e-08,0.862522,-0.506019,9.8995e-08,0.862522,-0.506019,9.8995e-08,0.862522,-0.506019,-1.48117e-07,0.862523,-0.506019,-1.48117e-07,0.862523,-0.506019,-1.48117e-07,0.862523,-0.506019,1.2406e-07,0.862523,-0.506019,1.2406e-07,0.862523,-0.506019,1.2406e-07,0.862523,-0.506019,-1.18797e-07,0.862522,-0.506019,-1.18797e-07,0.862522,-0.506019,-1.18797e-07,0.862523,-0.506019,0,0.862522,-0.506019,0,0.862522,-0.506019,0,0.862522,-0.506019,0,0.862522,-0.506019,0,0.862522,-0.506019,-1.9799e-07,0.862522,-0.506019,-1.9799e-07,0.862522,-0.506019,-1.9799e-07,0.862522,-0.506019,1.48117e-07,0.862522,-0.506019,1.48117e-07,0.862522,-0.506019,1.48117e-07,0.862522,-0.506019,-1.48873e-07,0.862522,-0.506019,-1.48873e-07,0.862522,-0.506019,-1.48873e-07,0.862522,-0.506019,1.78195e-07,0.862522,-0.506019,1.78195e-07,0.862522,-0.506019,1.78195e-07,0.862522,-0.506019,0,0.862522,-0.506019,0,0.862522,-0.506019,0,0.862522,-0.506019,0,0.862522,-0.506019,0,0.862522,-0.506019,0,0.862522,-0.506019,9.8995e-08,0.862522,-0.506019,9.8995e-08,0.862522,-0.506019,9.8995e-08,0.862522,-0.506019,5.92467e-08,0.862523,-0.506019,5.92468e-08,0.862522,-0.506019,5.92467e-08,0.862522,-0.506019,-7.44363e-08,0.862522,-0.506019,-7.44363e-08,0.862522,-0.506019,-7.44363e-08,0.862522,-0.506019,-5.93983e-08,0.862523,-0.506019,-5.93983e-08,0.862522,-0.506019,-5.93983e-08,0.862523,-0.506019,0,0.862523,-0.506019,0,0.862523,-0.506019,0,0.862523,-0.506019,0,0.862523,-0.506019,0,0.862523]},"texCoord0":{"type":"float32","components":2,"data":[0.859017,0.880883,0.859017,0.880883,0.859017,0.880883,0.859017,0.880883,0.859017,0.880883,0.859017,0.880883,0.859017,0.880883,0.859017,0.880883,0.859017,0.880883,0.954191,0.881599,0.954264,0.881599,0.954264,0.881599,0.954264,0.881599,0.954191,0.881599,0.954191,0.881599,0.954264,0.881599,0.954191,0.881672,0.954191,0.881672,0.954191,0.881672,0.954264,0.881599,0.954264,0.881599,0.954191,0.881672,0.954191,0.881599,0.954191,0.881599,0.954191,0.881672,0.954191,0.881672,0.954191,0.881599,0.954264,0.881599,0.954264,0.881599,0.954264,0.881599,0.954191,0.881599,0.954191,0.881599,0.954264,0.881599,0.954191,0.881672,0.954191,0.881672,0.954191,0.881672,0.954264,0.881599,0.954264,0.881599,0.954191,0.881672,0.954191,0.881599,0.954191,0.881599,0.954191,0.881599,0.954191,0.881672,0.954191,0.881672,0.954191,0.881599,0.954264,0.881599,0.954264,0.881599,0.954264,0.881599,0.954191,0.881599,0.954191,0.881599,0.954264,0.881599,0.954191,0.881672,0.954191,0.881672,0.954191,0.881672,0.954264,0.881599,0.954264,0.881599,0.954191,0.881672,0.954191,0.881599,0.954191,0.881599,0.954191,0.881599,0.954191,0.881672]}}],"meshes":[{"aabb":{"min":[-3248.54,495.027,-1223.36],"max":[-3029.34,591.298,-1095.7]},"vertices":0,"indices":[0,1,2,3,4,5,6,7,8,9,10,11,12,13,14,15,16,17,18,19,20,21,22,23,23,24,25,26,27,28,29,30,31,32,33,34,35,36,37,38,39,40,41,42,43,44,45,46,47,48,49,50,51,52,53,54,55,56,57,58,59,60,56],"type":"triangles","base":0,"count":63}],"meshInstances":[{"node":1,"mesh":0}]}}