{"model":{"version":3,"nodes":[{"name":"RootNode","position":[0,0,0],"rotation":[0,0,0],"scale":[0.0254,0.0254,0.0254],"scaleCompensation":false},{"name":"Mesh1 Diamond Corner Model 270","position":[0,0,0],"rotation":[-90,0,0],"scale":[1,1,1],"scaleCompensation":false}],"parents":[-1,0],"skins":[],"morphs":[],"vertices":[{"position":{"type":"float32","components":3,"data":[59.055,-59.0549,17.3228,59.055,-59.0549,-2.68691e-05,59.055,-47.2441,-2.49449e-05,59.055,-47.2441,7.48029,59.055,-47.2441,17.3228,-59.0549,59.0549,2.62824e-05,59.055,-59.0549,-2.68691e-05,59.055,-59.0549,17.3228,-59.0549,59.0549,17.3229,-59.0549,59.0549,2.62824e-05,-59.0549,59.0549,17.3229,-47.2441,59.0549,17.3229,-47.2441,59.0549,7.48034,-47.2441,59.0549,2.23636e-05,59.055,-47.2441,7.48029,-47.2441,59.0549,7.48034,-47.2441,59.0549,17.3229,59.055,-47.2441,17.3228,59.055,-47.2441,17.3228,-47.2441,59.0549,17.3229,-59.0549,59.0549,17.3229,59.055,-59.0549,17.3228]},"normal":{"type":"float32","components":3,"data":[1,-3.88939e-07,-3.39204e-07,1,-6.45966e-07,-4.40424e-07,1,-3.99879e-07,-2.7264e-07,1,-9.00656e-08,-1.08077e-07,1,-3.22983e-07,-3.87573e-07,-0.707107,-0.707107,1.55713e-07,-0.707107,-0.707107,1.55713e-07,-0.707107,-0.707107,1.55713e-07,-0.707107,-0.707107,1.55713e-07,2.59254e-07,1,1.84513e-07,3.22982e-07,1,2.20212e-07,2.29469e-07,1,2.8397e-07,1.56136e-07,1,2.63437e-07,3.22982e-07,1,-1.64709e-13,0.707107,0.707107,7.86791e-14,0.707107,0.707107,7.86791e-14,0.707107,0.707107,7.86791e-14,0.707107,0.707107,7.86791e-14,2.91399e-07,-1.60691e-07,1,3.22982e-07,-1.25599e-07,1,3.20819e-07,-1.28002e-07,1,2.90678e-07,-1.61492e-07,1]},"texCoord0":{"type":"float32","components":2,"data":[0.313769,0.111241,0.313778,0.111241,0.313778,0.111247,0.313774,0.111247,0.313769,0.111247,0.313777,0.11124,0.313777,0.11124,0.313776,0.11124,0.313777,0.11124,0.313769,0.111241,0.313778,0.111241,0.313778,0.111248,0.313773,0.111248,0.313769,0.111248,0.313774,0.111247,0.313773,0.111248,0.313778,0.111248,0.313769,0.111247,0.113765,0.501557,0.113774,0.501557,0.113774,0.501551,0.113765,0.50155]}}],"meshes":[{"aabb":{"min":[-59.0549,-59.0549,-2.68691e-05],"max":[59.055,59.0549,17.3229]},"vertices":0,"indices":[0,1,2,0,2,3,0,3,4,5,6,7,7,8,5,9,10,11,9,11,12,9,12,13,14,15,16,16,17,14,18,19,20,20,21,18],"type":"triangles","base":0,"count":36}],"meshInstances":[{"node":1,"mesh":0}]}}