{"model":{"version":3,"nodes":[{"name":"RootNode","position":[0,0,0],"rotation":[0,0,0],"scale":[0.0254,0.0254,0.0254],"scaleCompensation":false},{"name":"Mesh1 Side Model 270","position":[0,0,0],"rotation":[-90,0,0],"scale":[1,1,1],"scaleCompensation":false}],"parents":[-1,0],"skins":[],"morphs":[],"vertices":[{"position":{"type":"float32","components":3,"data":[-59.0549,-59.055,17.3228,-59.0549,-47.244,17.3228,-59.0549,-47.244,7.48032,-59.0549,-47.244,8.96413e-06,-59.0549,-59.055,7.62654e-06,59.0549,-59.055,-2.80424e-05,59.0549,-59.055,17.3228,-59.0549,-59.055,17.3228,-59.0549,-59.055,7.62654e-06,59.0549,-47.2441,17.3228,-59.0549,-47.244,17.3228,-59.0549,-59.055,17.3228,59.0549,-59.055,17.3228,59.0549,-59.055,17.3228,59.0549,-59.055,-2.80424e-05,59.0549,-47.2441,-2.61182e-05,59.0549,-47.2441,7.48029,59.0549,-47.2441,17.3228,59.0549,-47.2441,7.48029,-59.0549,-47.244,7.48032,-59.0549,-47.244,17.3228,59.0549,-47.2441,17.3228]},"normal":{"type":"float32","components":3,"data":[-1,-1.98063e-08,-8.75258e-08,-1,-3.2298e-07,-3.87573e-07,-1,-9.00652e-08,-1.08077e-07,-1,1.99937e-07,1.36319e-07,-1,3.2298e-07,2.20212e-07,-6.42425e-14,-1,-2.20212e-07,-6.40114e-14,-1,-2.20212e-07,-6.62726e-14,-1,-2.20212e-07,-6.65037e-14,-1,-2.20212e-07,2.90681e-07,-1.61491e-07,1,2.90681e-07,-1.6149e-07,1,2.90681e-07,-1.6149e-07,1,2.90681e-07,-1.61491e-07,1,1,-6.59564e-08,-3.39204e-07,1,-3.22982e-07,-4.40424e-07,1,-7.68944e-08,-2.72639e-07,1,2.32916e-07,-1.08077e-07,1,6.25895e-14,-3.87573e-07,4.5217e-07,1,3.87573e-07,4.5217e-07,1,3.87573e-07,4.5217e-07,1,3.87573e-07,4.5217e-07,1,3.87573e-07]},"texCoord0":{"type":"float32","components":2,"data":[0.313769,0.111279,0.313769,0.111285,0.313774,0.111285,0.313778,0.111285,0.313778,0.111279,0.313769,0.111311,0.313778,0.111311,0.313778,0.111246,0.313769,0.111246,0.113774,0.501538,0.113774,0.501637,0.113765,0.501637,0.113765,0.501538,0.313769,0.111279,0.313778,0.111279,0.313778,0.111285,0.313774,0.111285,0.313769,0.111285,0.313773,0.111311,0.313773,0.111246,0.313778,0.111246,0.313778,0.111311]}}],"meshes":[{"aabb":{"min":[-59.0549,-59.055,-2.80424e-05],"max":[59.0549,-47.244,17.3228]},"vertices":0,"indices":[0,1,2,0,2,3,0,3,4,5,6,7,7,8,5,9,10,11,11,12,9,13,14,15,13,15,16,13,16,17,18,19,20,20,21,18],"type":"triangles","base":0,"count":36}],"meshInstances":[{"node":1,"mesh":0}]}}