{"model":{"version":3,"nodes":[{"name":"RootNode","position":[0,0,0],"rotation":[0,0,0],"scale":[0.0254,0.0254,0.0254],"scaleCompensation":false},{"name":"Mesh1 triangle 270","position":[0,0,0],"rotation":[-90,0,0],"scale":[1,1,1],"scaleCompensation":false}],"parents":[-1,0],"skins":[],"morphs":[],"vertices":[{"position":{"type":"float32","components":3,"data":[-59.0551,59.0551,5.61022,-59.0551,59.0551,15.4527,59.0551,59.0551,5.61022,59.0551,59.0551,15.4527,-0.000205994,0.00783983,15.4527,59.0551,59.0551,15.4527,-59.0551,59.0551,15.4527,-59.0551,59.0551,5.61022,-0.000205994,0.00784186,5.6102,-59.0551,59.0551,15.4527,-0.000205994,0.00783983,15.4527,-0.000205994,0.00784186,5.6102,59.0551,59.0551,5.61022,-0.000205994,0.00783983,15.4527,59.0551,59.0551,15.4527]},"normal":{"type":"float32","components":3,"data":[-2.58382e-07,1,3.87573e-07,-2.58382e-07,1,3.87573e-07,-2.58382e-07,1,3.87573e-07,-2.58382e-07,1,3.87573e-07,7.09434e-14,-2.74568e-07,1,7.09434e-14,-2.74568e-07,1,7.09434e-14,-2.74568e-07,1,-0.707061,-0.707153,-2.97024e-07,-0.707061,-0.707153,-2.97024e-07,-0.707061,-0.707153,-2.97024e-07,-0.707061,-0.707153,-2.97024e-07,0.707058,-0.707155,-2.97022e-07,0.707058,-0.707155,-2.97022e-07,0.707058,-0.707155,-2.97022e-07,0.707058,-0.707155,-2.97022e-07]},"texCoord0":{"type":"float32","components":2,"data":[0.313773,0.111286,0.313778,0.111286,0.313773,0.111269,0.313778,0.111269,0.11377,0.501593,0.113764,0.501599,0.113776,0.501599,0.313773,0.111286,0.313773,0.111303,0.313778,0.111286,0.313778,0.111303,0.313773,0.111303,0.313773,0.111286,0.313778,0.111303,0.313778,0.111286]}}],"meshes":[{"aabb":{"min":[-59.0551,0.00783983,5.6102],"max":[59.0551,59.0551,15.4527]},"vertices":0,"indices":[0,1,2,3,2,1,4,5,6,7,8,9,10,9,8,11,12,13,14,13,12],"type":"triangles","base":0,"count":21}],"meshInstances":[{"node":1,"mesh":0}]}}