{"model":{"version":3,"nodes":[{"name":"RootNode","position":[0,0,0],"rotation":[0,0,0],"scale":[0.0254,0.0254,0.0254],"scaleCompensation":false},{"name":"Mesh1 cachito 270","position":[0,0,0],"rotation":[-90,0,0],"scale":[1,1,1],"scaleCompensation":false}],"parents":[-1,0],"skins":[],"morphs":[],"vertices":[{"position":{"type":"float32","components":3,"data":[-59.0549,-47.2439,6.92149,-59.0549,-59.055,6.92148,-59.0549,-59.055,17.3228,-59.0549,-47.2439,17.3228,-59.0549,-47.2439,6.92149,-59.0549,-47.2439,17.3228,-47.2441,-59.055,17.3228,-47.2441,-59.055,6.92149,-59.0549,-47.2439,17.3228,-59.0549,-59.055,17.3228,-47.2441,-59.055,17.3228,-47.2441,-59.055,17.3228,-59.0549,-59.055,17.3228,-59.0549,-59.055,6.92148,-47.2441,-59.055,6.92149]},"normal":{"type":"float32","components":3,"data":[-1,1.74521e-07,-1.68577e-07,-1,5.92261e-14,-3.66751e-07,-1,1.48457e-07,-1.98174e-07,-1,3.22977e-07,1.18452e-13,0.707115,0.707099,6.27138e-07,0.707115,0.707099,2.59329e-07,0.707114,0.707099,9.28861e-07,0.707114,0.707099,1.29667e-06,-3.22984e-07,-1.61488e-07,1,-3.22984e-07,-1.61488e-07,1,-3.22984e-07,-1.61488e-07,1,-3.22984e-07,-1,-3.66751e-07,-3.22984e-07,-1,-3.66751e-07,-3.22984e-07,-1,-3.66751e-07,-3.22984e-07,-1,-3.66752e-07]},"texCoord0":{"type":"float32","components":2,"data":[0.313776,0.11132,0.313778,0.111321,0.313778,0.111322,0.313776,0.111322,0.313773,0.111304,0.313778,0.111304,0.313778,0.111298,0.313773,0.111298,0.113765,0.501613,0.113776,0.501613,0.113776,0.501625,0.313778,0.111298,0.313778,0.111304,0.313773,0.111304,0.313773,0.111298]}}],"meshes":[{"aabb":{"min":[-59.0549,-59.055,6.92148],"max":[-47.2441,-47.2439,17.3228]},"vertices":0,"indices":[0,1,2,0,2,3,4,5,6,6,7,4,8,9,10,11,12,13,13,14,11],"type":"triangles","base":0,"count":21}],"meshInstances":[{"node":1,"mesh":0}]}}