{"model":{"version":3,"nodes":[{"name":"RootNode","position":[0,0,0],"rotation":[0,0,0],"scale":[0.0254,0.0254,0.0254],"scaleCompensation":false},{"name":"Mesh1 Inner_corner Model 180","position":[0,0,0],"rotation":[-90,0,0],"scale":[1,1,1],"scaleCompensation":false}],"parents":[-1,0],"skins":[],"morphs":[],"vertices":[{"position":{"type":"float32","components":3,"data":[-59.055,47.2435,8.10623e-06,-59.055,47.2435,17.3228,-59.055,59.0549,9.29832e-06,-59.055,59.0549,17.3228,-47.2443,59.0549,9.29832e-06,-59.055,59.0549,9.29832e-06,-47.2443,59.0549,7.48032,-47.2443,59.0549,17.3228,-59.055,59.0549,17.3228,-47.2443,47.2435,17.3228,-47.2443,59.0549,17.3228,-59.055,47.2435,17.3228,-59.055,59.0549,17.3228,-47.2443,47.2435,7.48032,-47.2443,59.0549,7.48032,-47.2443,47.2435,17.3228,-47.2443,59.0549,17.3228,-47.2443,47.2435,17.3228,-59.055,47.2435,17.3228,-47.2443,47.2435,7.48032,-59.055,47.2435,7.48032]},"normal":{"type":"float32","components":3,"data":[-1,3.22966e-07,0,-1,3.22966e-07,4.40257e-14,-1,3.22966e-07,2.70954e-14,-1,3.22966e-07,7.11211e-14,3.22988e-07,1,0,2.59259e-07,1,1.84512e-07,1.56138e-07,1,2.63438e-07,2.29474e-07,1,2.83969e-07,3.22988e-07,1,2.20212e-07,0,-3.22967e-07,1,-5.21593e-14,-3.22967e-07,1,-5.21549e-14,-3.22966e-07,1,-1.04314e-13,-3.22966e-07,1,1,0,0,1,0,0,1,0,0,1,0,0,0,-1,-3.87573e-07,1.80132e-07,-1,-1.71421e-07,1.42855e-07,-1,-2.16152e-07,3.22988e-07,-1,0]},"texCoord0":{"type":"float32","components":2,"data":[0.313769,0.111297,0.313778,0.111297,0.313769,0.111304,0.313778,0.111304,0.313778,0.111249,0.313778,0.111242,0.313774,0.111249,0.313769,0.111249,0.313769,0.111242,0.113776,0.501625,0.113776,0.501613,0.113765,0.501625,0.113765,0.501613,0.313773,0.111297,0.313773,0.111304,0.313778,0.111297,0.313778,0.111304,0.31378,0.111325,0.313769,0.111325,0.31378,0.111316,0.313769,0.111316]}}],"meshes":[{"aabb":{"min":[-59.055,47.2435,8.10623e-06],"max":[-47.2443,59.0549,17.3228]},"vertices":0,"indices":[0,1,2,2,1,3,4,5,6,6,5,7,7,5,8,9,10,11,12,11,10,13,14,15,16,15,14,17,18,19,20,19,18],"type":"triangles","base":0,"count":33}],"meshInstances":[{"node":1,"mesh":0}]}}