{"model":{"version":3,"nodes":[{"name":"RootNode","position":[0,0,0],"rotation":[0,0,0],"scale":[0.0254,0.0254,0.0254],"scaleCompensation":false},{"name":"LEVEL64-rampaborde","position":[0,0,0],"rotation":[-90,-0,0],"scale":[0.3937,0.3937,0.3937],"scaleCompensation":false}],"parents":[-1,0],"skins":[],"morphs":[],"vertices":[{"position":{"type":"float32","components":3,"data":[-2989.14,726.086,-1253.4,-2689.15,696.086,-1077.4,-2689.15,726.086,-1077.4,-2989.14,696.086,-1253.4,-2989.14,996.086,-1253.4,-2689.15,966.085,-1077.4,-2689.15,996.086,-1077.4,-2689.15,966.085,-1077.4,-2989.14,996.086,-1253.4,-2989.14,966.085,-1253.4,-2689.15,726.086,-1077.4,-2689.15,696.086,-1077.4,-2689.15,696.086,-1323.12,-2689.15,726.086,-1323.12,-2989.14,726.086,-1253.4,-2689.15,726.086,-1077.4,-2689.15,726.086,-1323.12,-2689.15,726.086,-1323.12,-2989.14,726.086,-1317.33,-2689.15,696.086,-1077.4,-2989.14,696.086,-1253.4,-2989.14,696.086,-1317.33,-2989.14,696.086,-1317.33,-2689.15,696.086,-1323.12,-2689.15,696.086,-1077.4,-2689.15,996.086,-1077.4,-2689.15,966.085,-1077.4,-2689.15,966.085,-1323.12,-2689.15,966.085,-1323.12,-2689.15,996.086,-1323.12,-2689.15,996.086,-1077.4,-2989.14,996.086,-1253.4,-2689.15,996.086,-1077.4,-2689.15,996.086,-1323.12,-2689.15,996.086,-1323.12,-2989.14,996.086,-1317.33,-2689.15,966.085,-1077.4,-2989.14,966.085,-1253.4,-2989.14,966.085,-1317.33,-2989.14,966.085,-1317.33,-2689.15,966.085,-1323.12,-2689.15,966.085,-1077.4,-2989.14,696.086,-1317.33,-2989.14,696.086,-1253.4,-2989.14,726.086,-1253.4,-2989.14,726.086,-1317.33,-2989.14,966.085,-1317.33,-2989.14,966.085,-1253.4,-2989.14,996.086,-1253.4,-2989.14,996.086,-1317.33]},"normal":{"type":"float32","components":3,"data":[-0.506027,0,0.862518,-0.506027,0,0.862518,-0.506027,0,0.862518,-0.506027,0,0.862518,-0.506027,0,0.862518,-0.506027,0,0.862518,-0.506027,0,0.862518,-0.506027,0,0.862518,-0.506027,0,0.862518,-0.506027,0,0.862518,1,0,0,1,0,0,1,0,0,1,0,0,4.06914e-07,1,0,4.06914e-07,1,0,4.06914e-07,1,0,4.06914e-07,1,0,4.06914e-07,1,0,-2.03457e-07,-1,0,-2.03457e-07,-1,0,-2.03457e-07,-1,0,-2.03457e-07,-1,0,-2.03457e-07,-1,0,-2.03457e-07,-1,0,1,0,0,1,0,0,1,0,0,1,0,0,1,0,0,1,0,0,2.03457e-07,1,0,2.03457e-07,1,0,2.03457e-07,1,0,2.03457e-07,1,0,2.03457e-07,1,0,-2.03457e-07,-1,0,-2.03457e-07,-1,0,-2.03457e-07,-1,0,-2.03457e-07,-1,0,-2.03457e-07,-1,0,-2.03457e-07,-1,0,-1,0,0,-1,0,0,-1,0,0,-1,0,0,-1,0,0,-1,0,0,-1,0,0,-1,0,0]},"texCoord0":{"type":"float32","components":2,"data":[0.0675159,0.452516,0.0581735,0.550554,0.0675159,0.550554,0.0581735,0.452516,0.0675159,0.452515,0.0581735,0.550552,0.0675159,0.550552,0.0581735,0.550552,0.0675159,0.452515,0.0581735,0.452515,0.0675159,0.550554,0.0581735,0.550554,0.0581735,0.550554,0.0675159,0.550554,0.0675159,0.452516,0.0675159,0.550554,0.0675159,0.550554,0.0675159,0.550554,0.0675159,0.452516,0.0581735,0.550554,0.0581735,0.452516,0.0581735,0.452516,0.0581735,0.452516,0.0581735,0.550554,0.0581735,0.550554,0.0675159,0.550552,0.0581735,0.550552,0.0581735,0.550552,0.0581735,0.550552,0.0675159,0.550552,0.0675159,0.550552,0.0675159,0.452515,0.0675159,0.550552,0.0675159,0.550552,0.0675159,0.550552,0.0675159,0.452515,0.0581735,0.550552,0.0581735,0.452515,0.0581735,0.452515,0.0581735,0.452515,0.0581735,0.550552,0.0581735,0.550552,0.0675159,0.452516,0.0675159,0.452516,0.0675159,0.452516,0.0675159,0.452516,0.0675159,0.452515,0.0675159,0.452515,0.0675159,0.452515,0.0675159,0.452515]}}],"meshes":[{"aabb":{"min":[-2989.14,696.086,-1323.12],"max":[-2689.15,996.086,-1077.4]},"vertices":0,"indices":[0,1,2,1,0,3,4,5,6,7,8,9,10,11,12,12,13,10,14,15,16,17,18,14,19,20,21,22,23,24,25,26,27,28,29,30,31,32,33,34,35,31,36,37,38,39,40,41,42,43,44,44,45,42,46,47,48,48,49,46],"type":"triangles","base":0,"count":60}],"meshInstances":[{"node":1,"mesh":0}]}}