{"model":{"version":3,"nodes":[{"name":"RootNode","position":[0,0,0],"rotation":[0,0,0],"scale":[0.0254,0.0254,0.0254],"scaleCompensation":false},{"name":"LEVEL23-rampaborde","position":[0,0,0],"rotation":[-90,-0,0],"scale":[0.3937,0.3937,0.3937],"scaleCompensation":false}],"parents":[-1,0],"skins":[],"morphs":[],"vertices":[{"position":{"type":"float32","components":3,"data":[-4489.14,96.0941,-1180.5,-4489.14,126.094,-1182.5,-4489.14,126.094,-1136.5,-4489.14,126.094,-1136.5,-4489.14,96.0941,-1136.5,-4489.14,96.0941,-1136.5,-4789.14,96.0941,-1268.5,-4789.14,96.0942,-1312.5,-4789.14,96.0942,-1312.5,-4489.14,96.0941,-1180.5,-4489.14,96.0941,-1136.5,-4489.14,96.0941,-1136.5,-4489.14,126.094,-1136.5,-4789.14,126.094,-1268.5,-4789.14,126.094,-1268.5,-4789.14,96.0941,-1268.5,-4489.14,96.0941,-1136.5,-4489.14,126.094,-1182.5,-4789.14,126.095,-1293.5,-4789.14,126.094,-1268.5,-4789.14,126.094,-1268.5,-4489.14,126.094,-1136.5,-4489.14,126.094,-1182.5,-4489.14,996.094,-1136.5,-4489.14,966.094,-1136.5,-4489.14,966.094,-1180.5,-4489.14,966.094,-1180.5,-4489.14,996.094,-1180.5,-4789.14,996.094,-1312.5,-4789.14,996.094,-1268.5,-4489.14,996.094,-1136.5,-4489.14,996.094,-1180.5,-4789.14,966.094,-1268.5,-4489.14,966.094,-1136.5,-4489.14,996.094,-1136.5,-4489.14,996.094,-1136.5,-4789.14,996.094,-1268.5,-4789.14,966.094,-1268.5,-4789.14,966.094,-1268.5,-4789.14,966.094,-1293.5,-4489.14,966.094,-1180.5,-4489.14,966.094,-1136.5,-4789.14,96.0942,-1312.5,-4789.14,96.0941,-1268.5,-4789.14,126.094,-1268.5,-4789.14,126.095,-1293.5,-4789.14,966.094,-1293.5,-4789.14,966.094,-1268.5,-4789.14,996.094,-1268.5,-4789.14,996.094,-1268.5,-4789.14,996.094,-1312.5]},"normal":{"type":"float32","components":3,"data":[1,0,0,1,0,0,1,0,0,1,0,0,1,0,0,1.01726e-07,-1,-5.20186e-07,1.01726e-07,-1,-5.20186e-07,1.01726e-07,-1,-5.20186e-07,0,-1,-3.46791e-07,0,-1,-3.46791e-07,0,-1,-3.46791e-07,-0.402741,-3.72438e-06,0.915314,-0.402741,-3.72438e-06,0.915314,-0.402741,-3.72438e-06,0.915314,-0.402741,-3.72438e-06,0.915314,-0.402741,-3.72438e-06,0.915314,-0.402741,-3.72438e-06,0.915314,-9.86765e-08,1,6.10349e-07,-9.86765e-08,1,6.10349e-07,-9.86765e-08,1,6.10349e-07,-1.88022e-08,1,3.31724e-07,-1.88022e-08,1,3.31724e-07,-1.88022e-08,1,3.31724e-07,1,0,0,1,0,0,1,0,0,1,0,0,1,0,0,0,1,0,0,1,0,0,1,0,0,1,0,-0.402741,0,0.915314,-0.402741,0,0.915314,-0.402741,0,0.915314,-0.402741,0,0.915314,-0.402741,0,0.915314,-0.402741,0,0.915314,0,-1,0,0,-1,0,0,-1,0,0,-1,0,-1,0,0,-1,0,0,-1,0,0,-1,0,0,-1,0,0,-1,0,0,-1,0,0,-1,0,0,-1,0,0]},"texCoord0":{"type":"float32","components":2,"data":[0.65101,0.137698,0.649238,0.134851,0.646837,0.134851,0.646837,0.134851,0.646837,0.137698,0.65101,0.10534,0.651011,0.139096,0.646815,0.140923,0.646815,0.140923,0.646816,0.107166,0.65101,0.10534,0.903765,0.770012,0.881562,0.770012,0.881562,0.53702,0.881562,0.53702,0.903765,0.53702,0.903765,0.770012,0.648646,0.106477,0.648648,0.140055,0.651012,0.139024,0.651012,0.139024,0.651012,0.105447,0.648646,0.106477,0.646837,0.109226,0.646837,0.112073,0.649238,0.112073,0.65101,0.112073,0.65101,0.109226,0.646812,0.140971,0.651012,0.139145,0.651011,0.105388,0.646813,0.107215,0.903765,0.53702,0.903765,0.770012,0.881562,0.770012,0.881562,0.770012,0.881562,0.53702,0.903765,0.53702,0.65101,0.139093,0.648653,0.140124,0.648651,0.106547,0.651011,0.105516,0.648648,0.140055,0.651012,0.139024,0.651012,0.139024,0.648648,0.140055,0.646812,0.140971,0.651012,0.139145,0.651012,0.139145,0.651012,0.139145,0.646812,0.140971]}}],"meshes":[{"aabb":{"min":[-4789.14,96.0941,-1312.5],"max":[-4489.14,996.094,-1136.5]},"vertices":0,"indices":[0,1,2,0,3,4,5,6,7,8,9,10,11,12,13,14,15,16,17,18,19,20,21,22,23,24,25,23,26,27,28,29,30,30,31,28,32,33,34,35,36,37,38,39,40,40,41,38,42,43,44,44,45,42,46,47,48,49,50,46],"type":"triangles","base":0,"count":60}],"meshInstances":[{"node":1,"mesh":0}]}}