{"model":{"version":3,"nodes":[{"name":"RootNode","position":[0,0,0],"rotation":[0,0,0],"scale":[0.0254,0.0254,0.0254],"scaleCompensation":false},{"name":"Mesh1 Obstacle_block Model","position":[0,0,0],"rotation":[-90,0,0],"scale":[1,1,1],"scaleCompensation":false}],"parents":[-1,0],"skins":[],"morphs":[],"vertices":[{"position":{"type":"float32","components":3,"data":[-59.055,59.0549,17.3229,-47.2441,59.0549,17.3229,-47.2441,59.0549,7.48033,-47.2441,59.0549,1.86559e-05,-59.055,59.0549,1.92425e-05,-59.055,59.0549,1.92425e-05,-59.055,-59.0549,-2.15892e-05,-59.055,-59.0549,17.3228,-59.055,59.0549,17.3229,-47.2441,-59.0549,17.3228,-47.2441,59.0549,17.3229,-59.055,59.0549,17.3229,-59.055,-59.0549,17.3228,-59.055,-59.0549,17.3228,-59.055,-59.0549,-2.15892e-05,-47.2441,-59.0549,-1.98292e-05,-47.2441,-59.0549,7.48029,-47.2441,-59.0549,17.3228,9.50077,37.0598,7.48033,-9.50077,37.0598,7.48033,-9.50077,37.0598,17.3228,9.50077,37.0598,17.3228,9.50077,-37.0598,17.3228,9.50077,37.0598,17.3228,-9.50077,37.0598,17.3228,-9.50077,-37.0598,17.3228,59.055,-59.0549,17.3228,47.2441,-59.0549,17.3228,47.2441,-59.0549,7.48029,47.2441,-59.0549,-1.98292e-05,59.055,-59.0549,-1.98292e-05,59.055,59.0549,17.3229,59.055,-59.0549,17.3228,59.055,-59.0549,-1.98292e-05,59.055,59.0549,1.92425e-05,59.055,-59.0549,17.3228,59.055,59.0549,17.3229,47.2441,59.0549,17.3229,47.2441,-59.0549,17.3228,9.50077,-37.0598,7.4803,9.50077,37.0598,7.48033,9.50077,37.0598,17.3228,9.50077,-37.0598,17.3228,-9.50077,-37.0598,17.3228,-9.50077,-37.0598,7.4803,9.50077,-37.0598,7.4803,9.50077,-37.0598,17.3228,-9.50077,37.0598,7.48033,-9.50077,-37.0598,7.4803,-9.50077,-37.0598,17.3228,-9.50077,37.0598,17.3228,47.2441,59.0549,17.3229,47.2441,-59.0549,17.3228,47.2441,-59.0549,7.48029,47.2441,59.0549,7.48033,59.055,59.0549,1.92425e-05,47.2441,59.0549,1.86559e-05,47.2441,59.0549,7.48033,47.2441,59.0549,17.3229,59.055,59.0549,17.3229,-47.2441,-59.0549,17.3228,-47.2441,-59.0549,7.48029,-47.2441,59.0549,7.48033,-47.2441,59.0549,17.3229]},"normal":{"type":"float32","components":3,"data":[-5.70874e-08,1,2.55312e-07,0,1,3.87573e-07,-2.32918e-07,1,1.08077e-07,-1.23044e-07,1,1.3632e-07,1.09382e-14,1,2.20212e-07,-1,0,0,-1,0,0,-1,0,0,-1,0,0,0,-3.22979e-07,1,0,-3.22979e-07,1,0,-3.22979e-07,1,0,-3.22979e-07,1,1.14175e-07,-1,-5.10623e-07,6.56294e-14,-1,-4.40424e-07,2.46088e-07,-1,-2.7264e-07,4.65835e-07,-1,-2.16154e-07,0,-1,-7.75146e-07,0,1,7.75147e-07,0,1,7.75147e-07,0,1,7.75147e-07,0,1,7.75147e-07,0,-3.08801e-07,1,0,-3.08801e-07,1,0,-3.08801e-07,1,0,-3.08801e-07,1,-1.14175e-07,-1,-5.10623e-07,0,-1,-7.75147e-07,-4.65834e-07,-1,-2.16154e-07,-2.46087e-07,-1,-2.7264e-07,0,-1,-4.40424e-07,1,0,0,1,0,0,1,0,0,1,0,0,0,-3.22979e-07,1,0,-3.22979e-07,1,0,-3.22979e-07,1,0,-3.22979e-07,1,1,0,0,1,0,0,1,0,0,1,0,0,0,-1,-7.75147e-07,0,-1,-7.75146e-07,0,-1,-7.75147e-07,0,-1,-7.75146e-07,-1,0,0,-1,0,0,-1,0,0,-1,0,0,1,0,0,1,0,0,1,0,0,1,0,0,6.37278e-08,1,1.84513e-07,0,1,0,1.66846e-07,1,2.63437e-07,9.35132e-08,1,2.8397e-07,0,1,2.20212e-07,1,0,0,1,0,0,1,0,0,1,0,0]},"texCoord0":{"type":"float32","components":2,"data":[0.313769,0.111256,0.313769,0.111263,0.313774,0.111263,0.313778,0.111263,0.313778,0.111256,0.313769,0.111241,0.313769,0.111306,0.313778,0.111306,0.313778,0.111241,0.113774,0.501538,0.113774,0.501637,0.113765,0.501637,0.113765,0.501538,0.313769,0.111256,0.313778,0.111256,0.313778,0.111263,0.313774,0.111263,0.313769,0.111263,0.313774,0.111275,0.313774,0.111265,0.313769,0.111265,0.313769,0.111275,0.113776,0.501578,0.113776,0.501621,0.113765,0.501621,0.113765,0.501578,0.313769,0.111266,0.313769,0.111259,0.313774,0.111259,0.313778,0.111259,0.313778,0.111266,0.313778,0.111241,0.313778,0.111306,0.313769,0.111306,0.313769,0.111241,0.113774,0.501538,0.113774,0.501637,0.113765,0.501637,0.113765,0.501538,0.313773,0.111294,0.313773,0.111253,0.313778,0.111253,0.313778,0.111294,0.313769,0.111265,0.313774,0.111265,0.313774,0.111275,0.313769,0.111275,0.313773,0.111253,0.313773,0.111294,0.313778,0.111294,0.313778,0.111253,0.313778,0.111241,0.313778,0.111306,0.313773,0.111306,0.313773,0.111241,0.313778,0.111266,0.313778,0.111259,0.313774,0.111259,0.313769,0.111259,0.313769,0.111266,0.313778,0.111306,0.313773,0.111306,0.313773,0.111241,0.313778,0.111241]}}],"meshes":[{"aabb":{"min":[-59.055,-59.0549,-2.15892e-05],"max":[59.055,59.0549,17.3229]},"vertices":0,"indices":[0,1,2,0,2,3,0,3,4,5,6,7,7,8,5,9,10,11,11,12,9,13,14,15,13,15,16,13,16,17,18,19,20,20,21,18,22,23,24,24,25,22,26,27,28,26,28,29,26,29,30,31,32,33,33,34,31,35,36,37,37,38,35,39,40,41,41,42,39,43,44,45,45,46,43,47,48,49,49,50,47,51,52,53,53,54,51,55,56,57,55,57,58,55,58,59,60,61,62,62,63,60],"type":"triangles","base":0,"count":102}],"meshInstances":[{"node":1,"mesh":0}]}}