{"model":{"version":3,"nodes":[{"name":"RootNode","position":[0,0,0],"rotation":[0,0,0],"scale":[0.0254,0.0254,0.0254],"scaleCompensation":false},{"name":"Mesh1 diamantecorner 270","position":[0,0,0],"rotation":[-90,0,0],"scale":[1,1,1],"scaleCompensation":false}],"parents":[-1,0],"skins":[],"morphs":[],"vertices":[{"position":{"type":"float32","components":3,"data":[-59.0547,-27.7204,5.61022,-59.0547,-27.7204,15.4527,-27.7208,3.6135,5.61024,-27.7208,3.6135,15.4528,-27.7208,-59.0544,15.4527,3.61324,-27.7204,15.4527,-59.0547,-27.7204,15.4527,-27.7208,3.6135,15.4528,-59.0547,-27.7204,5.61022,-27.7208,-59.0544,5.6102,-59.0547,-27.7204,15.4527,-27.7208,-59.0544,15.4527,-27.7208,-59.0544,5.6102,3.61324,-27.7204,5.61022,-27.7208,-59.0544,15.4527,3.61324,-27.7204,15.4527,3.61324,-27.7204,5.61022,-27.7208,3.6135,5.61024,3.61324,-27.7204,15.4527,-27.7208,3.6135,15.4528]},"normal":{"type":"float32","components":3,"data":[-0.707107,0.707106,1.37028e-07,-0.707107,0.707106,1.39411e-07,-0.707107,0.707106,1.51773e-07,-0.707107,0.707106,1.54156e-07,0,-6.08714e-07,1,0,-6.08716e-07,1,0,-6.08716e-07,1,0,-6.08718e-07,1,-0.707109,-0.707104,-1.39941e-07,-0.707109,-0.707104,-2.60409e-07,-0.707109,-0.707104,-1.59412e-07,-0.707109,-0.707104,-2.79881e-07,0.707107,-0.707107,-2.7988e-07,0.707107,-0.707107,-1.59412e-07,0.707107,-0.707107,-2.60408e-07,0.707107,-0.707107,-1.3994e-07,0.707105,0.707109,1.3994e-07,0.707105,0.707109,1.39941e-07,0.707105,0.707109,1.39941e-07,0.707105,0.707109,1.39941e-07]},"texCoord0":{"type":"float32","components":2,"data":[0.313773,0.111286,0.313778,0.111286,0.313773,0.111269,0.313778,0.111269,0.11377,0.501593,0.113764,0.501599,0.113776,0.501599,0.11377,0.501605,0.313773,0.111286,0.313773,0.111303,0.313778,0.111286,0.313778,0.111303,0.313773,0.111303,0.313773,0.111286,0.313778,0.111303,0.313778,0.111286,0.313773,0.111286,0.313773,0.111269,0.313778,0.111286,0.313778,0.111269]}}],"meshes":[{"aabb":{"min":[-59.0547,-59.0544,5.6102],"max":[3.61324,3.6135,15.4528]},"vertices":0,"indices":[0,1,2,3,2,1,4,5,6,7,6,5,8,9,10,11,10,9,12,13,14,15,14,13,16,17,18,19,18,17],"type":"triangles","base":0,"count":30}],"meshInstances":[{"node":1,"mesh":0}]}}