{"model":{"version":3,"nodes":[{"name":"RootNode","position":[0,0,0],"rotation":[0,0,0],"scale":[0.0254,0.0254,0.0254],"scaleCompensation":false},{"name":"Mesh1 Ramp_square Model 90","position":[1.15643e-05,0,9.2514e-06],"rotation":[-90,-0,0],"scale":[0.3937,0.3937,0.3937],"scaleCompensation":false}],"parents":[-1,0],"skins":[],"morphs":[],"vertices":[{"position":{"type":"float32","components":3,"data":[150,149.999,44.0001,150,120,44.0001,150,120,19.0001,150,120,8.12414e-05,150,149.999,8.61289e-05,150,149.999,8.61289e-05,-150,149.999,-4.0233e-05,-150,149.999,44,150,149.999,44.0001,150,120,44.0001,150,149.999,44.0001,-150,149.999,44,150,120,44.0001,-150,120,44,150,-150,44,150,-120,44,-150,-120,43.9999,-150,-150,43.9999,150,-150,44,-150,-150,43.9999,-150,-149.999,-8.7619e-05,150,-149.999,3.87429e-05,-150,149.999,-4.0233e-05,-150,120,-4.21403e-05,-150,120,19,-150,120,19,-150,120,44,-150,149.999,44,150,120,44.0001,-150,120,44,-150,120,19,-150,-150,43.9999,-150,-120,43.9999,-150,-120,18.9999,-150,-120,18.9999,-150,-120,-8.12414e-05,-150,-149.999,-8.7619e-05,-150,-120,18.9999,-150,-120,43.9999,150,-120,44,150,-120,19,-150,-120,18.9999,150,-120,44,150,120,44.0001,-150,120,19,150,120,19.0001,150,-150,44,150,-149.999,3.87429e-05,150,-120,4.21403e-05,150,-120,19,150,-120,44]},"normal":{"type":"float32","components":3,"data":[1,0,0,1,0,0,1,0,0,1,0,4.67373e-07,1,0,4.41165e-07,0,1,2.20583e-07,0,1,2.20583e-07,0,1,0,0,1,0,-3.81471e-07,-1.27159e-07,1,0,0,1,0,0,1,-3.94186e-07,-2.54318e-07,1,0,0,1,0,0,1,0,0,1,0,0,1,0,0,1,0,-1,0,0,-1,0,0,-1,-2.20583e-07,0,-1,-2.20219e-07,-1,0,-3.51986e-07,-1,0,-5.11053e-07,-1,5.10591e-14,-8.03094e-07,-1,5.08636e-07,1.55223e-13,-1,0,0,-1,0,0,2.79745e-07,-1,-3.05176e-07,0,-1,0,2.79745e-07,-1,-3.05176e-07,-1,0,0,-1,0,0,-1,-1.01727e-06,-6.10352e-07,-1,1.60622e-07,8.03094e-07,-1,0,-7.86235e-08,-1,0,-4.41165e-07,-2.79745e-07,1,3.05176e-07,0,1,0,0,1,0,0,1,0,-2.79745e-07,1,3.05176e-07,-2.79745e-07,1,3.05176e-07,2.79745e-07,-1,-3.05176e-07,0,-1,0,0,-1,0,1,0,0,1,0,6.61748e-07,1,0,4.09862e-07,1,0,0,1,0,0]},"texCoord0":{"type":"float32","components":2,"data":[0.313769,0.111289,0.313769,0.111295,0.313774,0.111295,0.313778,0.111295,0.313778,0.111289,0.313769,0.111242,0.313769,0.111307,0.313778,0.111307,0.313778,0.111242,0.113774,0.501612,0.113765,0.501637,0.113765,0.501538,0.113774,0.501612,0.113774,0.501538,0.113774,0.501637,0.113765,0.501588,0.113765,0.501538,0.113774,0.501538,0.313778,0.111243,0.313778,0.111308,0.313769,0.111308,0.313769,0.111243,0.313778,0.111289,0.313778,0.111295,0.313774,0.111295,0.313774,0.111295,0.313769,0.111295,0.313769,0.111289,0.313778,0.111277,0.313778,0.11131,0.313773,0.11131,0.313769,0.111269,0.313769,0.111263,0.313774,0.111263,0.313774,0.111263,0.313778,0.111263,0.313778,0.111269,0.313773,0.11131,0.313778,0.11131,0.313778,0.111277,0.313773,0.111245,0.313773,0.111261,0.313778,0.111261,0.313778,0.111261,0.313773,0.111261,0.313773,0.111245,0.313769,0.111269,0.313778,0.111269,0.313778,0.111263,0.313774,0.111263,0.313769,0.111263]}}],"meshes":[{"aabb":{"min":[-150,-150,-8.7619e-05],"max":[150,149.999,44.0001]},"vertices":0,"indices":[0,1,2,0,2,3,0,3,4,5,6,7,7,8,5,9,10,11,12,11,13,14,15,16,14,16,17,18,19,20,20,21,18,22,23,24,22,25,26,22,26,27,28,29,30,31,32,33,31,34,35,31,35,36,37,38,39,40,41,42,43,44,45,46,47,48,46,48,49,46,49,50],"type":"triangles","base":0,"count":72}],"meshInstances":[{"node":1,"mesh":0}]}}