{"model":{"version":3,"nodes":[{"name":"RootNode","position":[0,0,0],"rotation":[0,0,0],"scale":[0.0254,0.0254,0.0254],"scaleCompensation":false},{"name":"golf_hielo_piedragrandeC","position":[0,0,0],"rotation":[-90,-0,0],"scale":[1,1,1],"scaleCompensation":false}],"parents":[-1,0],"skins":[],"morphs":[],"vertices":[{"position":{"type":"float32","components":3,"data":[-68.8997,-216.34,-2.36462,-90.7479,-138.018,158.547,-137.703,-183.777,-2.38076,-90.7479,-138.018,158.547,79.9131,-55.0242,106.146,71.9093,-49.0828,123.862,71.9093,-49.0828,123.862,-87.6906,-126.698,172.866,-90.7479,-138.018,158.547,109.52,216.34,-2.35489,60.0261,140.138,134.298,109.145,26.8452,132.025,109.52,216.34,-2.35489,109.145,26.8452,132.025,224.515,51.9958,-2.32232,-151.288,-65.3499,135.476,-90.7479,-138.018,158.547,-87.6906,-126.698,172.866,-87.6906,-126.698,172.866,-144.308,-58.7449,151.291,-151.288,-65.3499,135.476,219.727,-50.5105,-2.34656,79.9131,-55.0242,106.146,200.056,-104.503,-2.35017,-90.7479,-138.018,158.547,-68.8997,-216.34,-2.36462,79.9131,-55.0242,106.146,109.52,216.34,-2.35489,47.4652,176.264,121.631,60.0261,140.138,134.298,-127.609,199.525,-2.35186,47.4652,176.264,121.631,109.52,216.34,-2.35489,47.4652,176.264,121.631,-102.804,156.002,139.451,-98.9536,148.272,155.008,-98.9536,148.272,155.008,41.567,167.221,138.343,47.4652,176.264,121.631,-127.609,199.525,-2.35186,-102.804,156.002,139.451,47.4652,176.264,121.631,60.0261,140.138,134.298,47.4652,176.264,121.631,41.567,167.221,138.343,41.567,167.221,138.343,53.3059,133.433,150.189,60.0261,140.138,134.298,109.145,26.8452,132.025,60.0261,140.138,134.298,53.3059,133.433,150.189,53.3059,133.433,150.189,99.252,27.4797,148.064,109.145,26.8452,132.025,-127.609,199.525,-2.35186,-151.288,-65.3499,135.476,-102.804,156.002,139.451,-102.804,156.002,139.451,-151.288,-65.3499,135.476,-144.308,-58.7449,151.291,-144.308,-58.7449,151.291,-98.9536,148.272,155.008,-102.804,156.002,139.451,-127.609,199.525,-2.35186,-224.515,-21.1199,-2.37468,-151.288,-65.3499,135.476,-224.515,-21.1199,-2.37468,-137.703,-183.777,-2.38076,-90.7479,-138.018,158.547,-90.7479,-138.018,158.547,-151.288,-65.3499,135.476,-224.515,-21.1199,-2.37468,224.515,51.9958,-2.32232,109.145,26.8452,132.025,79.9131,-55.0242,106.146,79.9131,-55.0242,106.146,219.727,-50.5105,-2.34656,224.515,51.9958,-2.32232,79.9131,-55.0242,106.146,109.145,26.8452,132.025,99.252,27.4797,148.064,99.252,27.4797,148.064,71.9093,-49.0828,123.862,79.9131,-55.0242,106.146,79.9131,-55.0242,106.146,-68.8997,-216.34,-2.36462,200.056,-104.503,-2.35017,-144.308,-58.7449,151.291,-87.6906,-126.698,172.866,-95.4924,-39.8674,208.019,53.3059,133.433,150.189,-63.7946,118.319,176.661,99.252,27.4797,148.064,99.252,27.4797,148.064,-95.4924,-39.8674,208.019,71.9093,-49.0828,123.862,-63.7946,118.319,176.661,-95.4924,-39.8674,208.019,99.252,27.4797,148.064,-63.7946,118.319,176.661,53.3059,133.433,150.189,41.567,167.221,138.343,41.567,167.221,138.343,-98.9536,148.272,155.008,-63.7946,118.319,176.661,-144.308,-58.7449,151.291,-63.7946,118.319,176.661,-98.9536,148.272,155.008,-95.4924,-39.8674,208.019,-63.7946,118.319,176.661,-144.308,-58.7449,151.291,-87.6906,-126.698,172.866,71.9093,-49.0828,123.862,-95.4924,-39.8674,208.019]},"normal":{"type":"float32","components":3,"data":[-0.399708,-0.844383,0.356723,-0.399708,-0.844383,0.356723,-0.399708,-0.844383,0.356723,0.498539,-0.728649,0.469604,0.498539,-0.728649,0.469604,0.498539,-0.728649,0.469604,0.49854,-0.72865,0.469603,0.49854,-0.72865,0.469603,0.49854,-0.72865,0.469603,0.807279,0.340327,0.48216,0.807279,0.340327,0.48216,0.807279,0.340327,0.48216,0.636346,0.445388,0.629835,0.636346,0.445388,0.629835,0.636346,0.445388,0.629835,-0.733178,-0.448538,0.51114,-0.733178,-0.448538,0.51114,-0.733178,-0.448538,0.51114,-0.733209,-0.448664,0.510985,-0.733209,-0.448664,0.510985,-0.733209,-0.448664,0.510985,0.602509,-0.219557,0.767318,0.602509,-0.219557,0.767318,0.602509,-0.219557,0.767318,0.498256,-0.751043,0.433215,0.498256,-0.751043,0.433215,0.498256,-0.751043,0.433215,0.740028,0.436683,0.511534,0.740028,0.436683,0.511534,0.740028,0.436683,0.511534,-0.0679854,0.958783,0.275886,-0.0679854,0.958783,0.275886,-0.0679854,0.958783,0.275886,-0.0654238,0.887082,0.456952,-0.0654238,0.887082,0.456952,-0.0654238,0.887082,0.456952,-0.0654452,0.887115,0.456885,-0.0654452,0.887115,0.456885,-0.0654452,0.887115,0.456885,-0.0913659,0.94739,0.306764,-0.0913659,0.94739,0.306764,-0.0913659,0.94739,0.306763,0.748598,0.435574,0.499875,0.748598,0.435574,0.499875,0.748598,0.435574,0.499875,0.748443,0.435412,0.500249,0.748443,0.435412,0.500249,0.748443,0.435412,0.500249,0.806195,0.339813,0.484331,0.806195,0.339813,0.484331,0.806195,0.339813,0.484331,0.806364,0.339968,0.483941,0.806364,0.339968,0.483941,0.806364,0.339968,0.483941,-0.951692,0.20434,0.229191,-0.951692,0.20434,0.229191,-0.951692,0.20434,0.229191,-0.924694,0.196689,0.325968,-0.924694,0.196689,0.325968,-0.924694,0.196689,0.325968,-0.924493,0.196681,0.326541,-0.924493,0.196682,0.326541,-0.924493,0.196682,0.326541,-0.779788,0.342425,0.524094,-0.779788,0.342425,0.524094,-0.779788,0.342425,0.524094,-0.821553,-0.438483,0.364393,-0.821553,-0.438484,0.364394,-0.821553,-0.438483,0.364393,-0.782381,-0.57882,0.229886,-0.782381,-0.57882,0.229886,-0.782381,-0.57882,0.229886,0.723366,-0.429241,0.540827,0.723366,-0.429241,0.540827,0.723366,-0.429241,0.540827,0.61338,-0.0288355,0.789262,0.61338,-0.0288355,0.789262,0.61338,-0.0288355,0.789262,0.762322,-0.426162,0.487085,0.762322,-0.426162,0.487085,0.762322,-0.426162,0.487085,0.762162,-0.426224,0.487281,0.762162,-0.426224,0.487281,0.762162,-0.426224,0.48728,0.293061,-0.704865,0.645973,0.293061,-0.704865,0.645973,0.293061,-0.704865,0.645973,-0.657174,-0.332834,0.676272,-0.657175,-0.332834,0.676272,-0.657174,-0.332834,0.676272,0.211073,0.0719749,0.974817,0.211073,0.0719749,0.974817,0.211073,0.0719749,0.974817,0.393532,-0.401903,0.826805,0.393532,-0.401903,0.826805,0.393532,-0.401903,0.826805,0.246552,0.140677,0.958865,0.246552,0.140677,0.958865,0.246552,0.140677,0.958865,0.158058,0.375149,0.91339,0.158058,0.375149,0.91339,0.158058,0.37515,0.91339,0.0146188,0.596999,0.802109,0.0146188,0.596999,0.802109,0.0146188,0.596999,0.802109,-0.467818,0.0867004,0.879562,-0.467818,0.0867004,0.879562,-0.467818,0.0867004,0.879562,-0.772503,0.268841,0.575295,-0.772503,0.268841,0.575295,-0.772503,0.268841,0.575295,0.413448,-0.309521,0.856304,0.413448,-0.309521,0.856304,0.413448,-0.309521,0.856304]},"texCoord0":{"type":"float32","components":2,