{"model":{"version":3,"nodes":[{"name":"RootNode","position":[0,0,0],"rotation":[0,0,0],"scale":[0.0254,0.0254,0.0254],"scaleCompensation":false},{"name":"Mesh1 triangle 180","position":[0,0,0],"rotation":[-90,0,0],"scale":[1,1,1],"scaleCompensation":false}],"parents":[-1,0],"skins":[],"morphs":[],"vertices":[{"position":{"type":"float32","components":3,"data":[59.0551,59.0551,5.61021,59.0551,59.0551,15.4527,59.0551,-59.0551,5.61023,59.0551,-59.0551,15.4527,0.00784302,0.000221254,15.4527,59.0551,-59.0551,15.4527,59.0551,59.0551,15.4527,59.0551,59.0551,5.61021,0.00784302,0.000217439,5.61021,59.0551,59.0551,15.4527,0.00784302,0.000221254,15.4527,0.00784302,0.000217439,5.61021,59.0551,-59.0551,5.61023,0.00784302,0.000221254,15.4527,59.0551,-59.0551,15.4527]},"normal":{"type":"float32","components":3,"data":[1,3.87573e-07,-1.50213e-13,1,3.87573e-07,-1.42262e-13,1,3.87573e-07,-7.95071e-15,1,3.87573e-07,0,-6.46035e-08,1.93787e-07,1,-6.46035e-08,1.93787e-07,1,-6.46035e-08,1.93787e-07,1,-0.707153,0.707061,-2.97024e-07,-0.707153,0.707061,-2.97024e-07,-0.707153,0.707061,-2.97024e-07,-0.707153,0.707061,-2.97024e-07,-0.707155,-0.707059,0,-0.707155,-0.707059,0,-0.707155,-0.707059,0,-0.707155,-0.707059,0]},"texCoord0":{"type":"float32","components":2,"data":[0.313773,0.111286,0.313778,0.111286,0.313773,0.111269,0.313778,0.111269,0.11377,0.501593,0.113764,0.501599,0.113776,0.501599,0.313773,0.111286,0.313773,0.111303,0.313778,0.111286,0.313778,0.111303,0.313773,0.111303,0.313773,0.111286,0.313778,0.111303,0.313778,0.111286]}}],"meshes":[{"aabb":{"min":[0.00784302,-59.0551,5.61021],"max":[59.0551,59.0551,15.4527]},"vertices":0,"indices":[0,1,2,3,2,1,4,5,6,7,8,9,10,9,8,11,12,13,14,13,12],"type":"triangles","base":0,"count":21}],"meshInstances":[{"node":1,"mesh":0}]}}