{"model":{"version":3,"nodes":[{"name":"RootNode","position":[0,0,0],"rotation":[0,0,0],"scale":[0.0254,0.0254,0.0254],"scaleCompensation":false},{"name":"LEVEL89-flechas","position":[0,0,0],"rotation":[-90,-0,0],"scale":[0.3937,0.3937,0.3937],"scaleCompensation":false}],"parents":[-1,0],"skins":[],"morphs":[],"vertices":[{"position":{"type":"float32","components":3,"data":[-3767.01,888.323,-1274.47,-3767.01,804.8,-1274.47,-3713.7,846.688,-1266.69,-3672.49,888.323,-1261.12,-3672.49,804.8,-1261.12,-3619.18,846.688,-1253.35,-3857.09,888.323,-1287.08,-3857.09,804.8,-1287.08,-3803.78,846.688,-1279.3,-3770.87,896.266,-1275.03,-3770.87,796.827,-1275.03,-3767.01,804.8,-1274.47,-3767.01,804.8,-1274.47,-3767.01,888.323,-1274.47,-3770.87,896.266,-1275.03,-3770.87,796.827,-1275.03,-3707.4,846.697,-1265.77,-3713.7,846.688,-1266.69,-3713.7,846.688,-1266.69,-3767.01,804.8,-1274.47,-3770.87,796.827,-1275.03,-3707.4,846.697,-1265.77,-3770.87,896.266,-1275.03,-3767.01,888.323,-1274.47,-3767.01,888.323,-1274.47,-3713.7,846.688,-1266.69,-3707.4,846.697,-1265.77,-3676.35,896.266,-1261.69,-3676.35,796.827,-1261.69,-3672.49,804.8,-1261.12,-3672.49,804.8,-1261.12,-3672.49,888.323,-1261.12,-3676.35,896.266,-1261.69,-3676.35,796.827,-1261.69,-3612.88,846.697,-1252.43,-3619.18,846.688,-1253.35,-3619.18,846.688,-1253.35,-3672.49,804.8,-1261.12,-3676.35,796.827,-1261.69,-3612.88,846.697,-1252.43,-3676.35,896.266,-1261.69,-3672.49,888.323,-1261.12,-3672.49,888.323,-1261.12,-3619.18,846.688,-1253.35,-3612.88,846.697,-1252.43,-3860.95,896.266,-1287.64,-3860.95,796.827,-1287.64,-3857.09,804.8,-1287.08,-3857.09,804.8,-1287.08,-3857.09,888.323,-1287.08,-3860.95,796.827,-1287.64,-3797.48,846.697,-1278.38,-3803.78,846.688,-1279.3,-3803.78,846.688,-1279.3,-3857.09,804.8,-1287.08,-3860.95,796.827,-1287.64,-3797.48,846.697,-1278.38,-3860.95,896.266,-1287.64,-3857.09,888.323,-1287.08,-3857.09,888.323,-1287.08,-3803.78,846.688,-1279.3,-3797.48,846.697,-1278.38]},"normal":{"type":"float32","components":3,"data":[-0.144323,0,0.989531,-0.144323,0,0.989531,-0.144323,0,0.989531,-0.144331,0,0.989529,-0.144331,0,0.989529,-0.144331,0,0.989529,-0.144323,0,0.989531,-0.144323,0,0.989531,-0.144323,0,0.989531,-0.144315,0,0.989532,-0.144315,0,0.989532,-0.144315,0,0.989532,-0.144315,0,0.989532,-0.144315,0,0.989532,-0.144315,0,0.989532,-0.144318,-5.40539e-06,0.989531,-0.144318,-5.40539e-06,0.989531,-0.144318,-5.40539e-06,0.989531,-0.144327,6.04881e-06,0.98953,-0.144327,6.04881e-06,0.98953,-0.144327,6.04881e-06,0.98953,-0.144326,-5.28524e-06,0.98953,-0.144326,-5.28524e-06,0.98953,-0.144326,-5.28524e-06,0.98953,-0.144318,6.67984e-06,0.989531,-0.144318,6.67984e-06,0.989531,-0.144318,6.67984e-06,0.989531,-0.144323,0,0.989531,-0.144323,0,0.989531,-0.144323,0,0.989531,-0.144323,0,0.989531,-0.144323,0,0.989531,-0.144323,0,0.989531,-0.144331,-1.68548e-07,0.989529,-0.144331,-1.68548e-07,0.989529,-0.144331,-1.68548e-07,0.98953,-0.144337,6.88738e-06,0.989529,-0.144337,6.88738e-06,0.989529,-0.144337,6.88738e-06,0.989529,-0.144336,-6.41958e-06,0.989529,-0.144336,-6.41958e-06,0.989529,-0.144336,-6.41958e-06,0.989529,-0.144331,9.48142e-07,0.989529,-0.144331,9.48142e-07,0.98953,-0.144331,9.48142e-07,0.98953,-0.144333,0,0.989529,-0.144333,0,0.989529,-0.144333,0,0.989529,-0.144333,0,0.989529,-0.144333,0,0.989529,-0.144318,-6.81392e-06,0.989531,-0.144318,-6.81392e-06,0.989531,-0.144318,-6.81392e-06,0.989531,-0.144316,-8.21974e-06,0.989532,-0.144316,-8.21974e-06,0.989532,-0.144316,-8.21974e-06,0.989532,-0.144317,8.14454e-06,0.989532,-0.144317,8.14454e-06,0.989532,-0.144317,8.14454e-06,0.989532,-0.144318,6.67984e-06,0.989531,-0.144318,6.67984e-06,0.989531,-0.144318,6.67984e-06,0.989531]},"texCoord0":{"type":"float32","components":2,"data":[0.859017,0.880883,0.859017,0.880883,0.859017,0.880883,0.859017,0.880883,0.859017,0.880883,0.859017,0.880883,0.859017,0.880883,0.859017,0.880883,0.859017,0.880883,0.956431,0.875761,0.956431,0.875688,0.956431,0.875688,0.956431,0.875688,0.956431,0.875761,0.956431,0.875761,0.956431,0.875688,0.956506,0.875761,0.956506,0.875761,0.956506,0.875761,0.956431,0.875688,0.956431,0.875688,0.956506,0.875761,0.956431,0.875761,0.956431,0.875761,0.956431,0.875761,0.956506,0.875761,0.956506,0.875761,0.956431,0.875761,0.956431,0.875688,0.956431,0.875688,0.956431,0.875688,0.956431,0.875761,0.956431,0.875761,0.956431,0.875688,0.956506,0.875761,0.956506,0.875761,0.956506,0.875761,0.956431,0.875688,0.956431,0.875688,0.956506,0.875761,0.956431,0.875761,0.956431,0.875761,0.956431,0.875761,0.956506,0.875761,0.956506,0.875761,0.956431,0.875761,0.956431,0.875688,0.956431,0.875688,0.956431,0.875688,0.956431,0.875761,0.956431,0.875688,0.956506,0.875761,0.956506,0.875761,0.956506,0.875761,0.956431,0.875688,0.956431,0.875688,0.956506,0.875761,0.956431,0.875761,0.956431,0.875761,0.956431,0.875761,0.956506,0.875761,0.956506,0.875761]}}],"meshes":[{"aabb":{"min":[-3860.95,796.827,-1287.64],"max":[-3612.88,896.266,-1252.43]},"vertices":0,"indices":[0,1,2,3,4,5,6,7,8,9,10,11,12,13,14,15,16,17,18,19,20,21,22,23,24,25,26,27,28,29,30,31,32,33,34,35,36,37,38,39,40,41,42,43,44,45,46,47,48,49,45,50,51,52,53,54,55,56,57,58,59,60,61],"type":"triangles","base":0,"count":63}],"meshInstances":[{"node":1,"mesh":0}]}}