{"model":{"version":3,"nodes":[{"name":"RootNode","position":[0,0,0],"rotation":[0,0,0],"scale":[0.0254,0.0254,0.0254],"scaleCompensation":false},{"name":"Mesh1 End Model 180","position":[0,0,0],"rotation":[-90,0,0],"scale":[1,1,1],"scaleCompensation":false}],"parents":[-1,0],"skins":[],"morphs":[],"vertices":[{"position":{"type":"float32","components":3,"data":[59.055,59.0549,-1.17332e-06,47.2441,59.0549,-1.17332e-06,47.2441,59.0549,7.48031,47.2441,59.0549,17.3228,59.055,59.0549,17.3228,-59.055,-59.0549,17.3228,-47.2441,-47.2441,17.3228,-47.2441,59.0549,17.3228,-59.055,59.0549,17.3228,-59.055,59.0549,17.3228,-47.2441,59.0549,17.3228,-47.2441,59.0549,7.48031,-47.2441,59.0549,-1.17332e-06,-59.055,59.0549,-2.34664e-06,-59.055,-59.0549,17.3228,-59.055,59.0549,17.3228,-59.055,59.0549,-2.34664e-06,-59.055,-59.0549,1.75998e-06,59.055,-59.0549,17.3228,-59.055,-59.0549,17.3228,-59.055,-59.0549,1.75998e-06,59.055,-59.0549,5.86656e-07,59.055,59.0549,-1.17332e-06,59.055,59.0549,17.3228,59.055,-59.0549,17.3228,59.055,-59.0549,5.86656e-07,47.2441,59.0549,17.3228,47.2441,59.0549,7.48031,47.2441,-47.2441,7.48031,47.2441,-47.2441,17.3228,-47.2441,-47.2441,17.3228,47.2441,-47.2441,17.3228,47.2441,-47.2441,7.48031,-47.2441,-47.2441,7.48031,-47.2441,-47.2441,17.3228,-47.2441,-47.2441,7.48031,-47.2441,59.0549,7.48031,-47.2441,59.0549,17.3228,-47.2441,-47.2441,17.3228,-59.055,-59.0549,17.3228,59.055,-59.0549,17.3228,47.2441,-47.2441,17.3228,47.2441,-47.2441,17.3228,59.055,-59.0549,17.3228,59.055,59.0549,17.3228,47.2441,59.0549,17.3228]},"normal":{"type":"float32","components":3,"data":[0,1,0,0,1,0,0,1,0,0,1,0,0,1,0,0,0,1,0,0,1,0,0,1,0,0,1,0,1,0,0,1,0,0,1,0,0,1,0,0,1,0,-1,0,0,-1,0,0,-1,0,0,-1,0,0,-2.99433e-09,-1,-1.99796e-07,-3.22979e-08,-1,0,-2.93035e-08,-1,-2.04158e-08,-2.18763e-15,-1,-2.20212e-07,1,6.45958e-08,1.31878e-15,1,6.45958e-08,0,1,6.45958e-08,1.2906e-14,1,6.45958e-08,1.42248e-14,-1,3.94751e-07,0,-1,3.94751e-07,0,-1,3.94751e-07,0,-1,3.94751e-07,0,4.03722e-07,1,0,4.03722e-07,1,0,4.03722e-07,1,0,4.03722e-07,1,0,1,-3.94751e-07,0,1,-3.94751e-07,0,1,-3.94751e-07,0,1,-3.94751e-07,0,0,0,1,0,0,1,0,0,1,0,0,1,0,0,1,0,0,1,0,0,1,0,0,1]},"texCoord0":{"type":"float32","components":2,"data":[0.313778,0.111241,0.313778,0.111248,0.313774,0.111248,0.313769,0.111248,0.313769,0.111241,0.113774,0.501635,0.113765,0.501625,0.113765,0.501538,0.113774,0.501538,0.31378,0.111325,0.313769,0.111325,0.313769,0.111315,0.313769,0.111308,0.31378,0.111308,0.313778,0.11124,0.313778,0.111305,0.313769,0.111305,0.313769,0.11124,0.313769,0.111241,0.313769,0.111305,0.313778,0.111305,0.313778,0.111241,0.313769,0.111305,0.313778,0.111305,0.313778,0.11124,0.313769,0.11124,0.313778,0.111305,0.313773,0.111305,0.313773,0.111246,0.313778,0.111246,0.313769,0.111299,0.313769,0.111248,0.313774,0.111248,0.313774,0.111299,0.313778,0.111246,0.313773,0.111246,0.313773,0.111305,0.313778,0.111305,0.113774,0.501623,0.113765,0.501632,0.113765,0.501541,0.113774,0.50155,0.113774,0.501622,0.113765,0.501631,0.113765,0.50154,0.113774,0.50154]}}],"meshes":[{"aabb":{"min":[-59.055,-59.0549,-2.34664e-06],"max":[59.055,59.0549,17.3228]},"vertices":0,"indices":[0,1,2,0,2,3,0,3,4,5,6,7,7,8,5,9,10,11,9,11,12,9,12,13,14,15,16,16,17,14,18,19,20,20,21,18,22,23,24,24,25,22,26,27,28,28,29,26,30,31,32,32,33,30,34,35,36,36,37,34,38,39,40,40,41,38,42,43,44,44,45,42],"type":"triangles","base":0,"count":72}],"meshInstances":[{"node":1,"mesh":0}]}}