{"model":{"version":3,"nodes":[{"name":"RootNode","position":[0,0,0],"rotation":[0,0,0],"scale":[0.0254,0.0254,0.0254],"scaleCompensation":false},{"name":"LEVEL16-flechas","position":[0,0,0],"rotation":[-90,-0,0],"scale":[0.3937,0.3937,0.3937],"scaleCompensation":false}],"parents":[-1,0],"skins":[],"morphs":[],"vertices":[{"position":{"type":"float32","components":3,"data":[-4311.57,2951.34,-1144.58,-4368.7,3004.91,-1178.09,-4368.7,2898.1,-1178.09,-4219.86,2951.34,-1089.53,-4276.98,3004.91,-1123.04,-4276.98,2898.1,-1123.04,-4399.69,2951.34,-1195.45,-4456.82,3004.91,-1228.96,-4456.82,2898.1,-1228.96,-4306.22,2951.33,-1141.43,-4372.06,3013.08,-1180.06,-4368.7,3004.91,-1178.09,-4368.7,3004.91,-1178.09,-4311.57,2951.34,-1144.58,-4306.22,2951.33,-1141.43,-4372.06,3013.08,-1180.06,-4372.06,2889.96,-1180.06,-4368.7,2898.1,-1178.09,-4368.7,2898.1,-1178.09,-4368.7,3004.91,-1178.09,-4372.06,3013.08,-1180.06,-4372.06,2889.96,-1180.06,-4306.22,2951.33,-1141.43,-4311.57,2951.34,-1144.58,-4311.57,2951.34,-1144.58,-4368.7,2898.1,-1178.09,-4372.06,2889.96,-1180.06,-4214.5,2951.33,-1086.38,-4280.35,3013.08,-1125.02,-4276.98,3004.91,-1123.04,-4276.98,3004.91,-1123.04,-4219.86,2951.34,-1089.53,-4214.5,2951.33,-1086.38,-4280.35,3013.08,-1125.02,-4280.35,2889.96,-1125.02,-4276.98,2898.1,-1123.04,-4276.98,3004.91,-1123.04,-4280.35,3013.08,-1125.02,-4280.35,2889.96,-1125.02,-4214.5,2951.33,-1086.38,-4219.86,2951.34,-1089.53,-4219.86,2951.34,-1089.53,-4276.98,2898.1,-1123.04,-4280.35,2889.96,-1125.02,-4394.33,2951.33,-1192.31,-4460.18,3013.08,-1230.94,-4456.82,3004.91,-1228.96,-4456.82,3004.91,-1228.96,-4399.69,2951.34,-1195.45,-4394.33,2951.33,-1192.31,-4460.18,3013.08,-1230.94,-4460.18,2889.96,-1230.94,-4456.82,2898.1,-1228.96,-4456.82,2898.1,-1228.96,-4456.82,3004.91,-1228.96,-4460.18,3013.08,-1230.94,-4460.18,2889.96,-1230.94,-4394.33,2951.33,-1192.31,-4399.69,2951.34,-1195.45,-4399.69,2951.34,-1195.45,-4456.82,2898.1,-1228.96,-4460.18,2889.96,-1230.94]},"normal":{"type":"float32","components":3,"data":[-0.506023,0,0.86252,-0.506023,0,0.86252,-0.506023,0,0.86252,-0.506023,0,0.86252,-0.506023,0,0.86252,-0.506023,0,0.86252,-0.506023,0,0.86252,-0.506023,0,0.86252,-0.506023,0,0.86252,-0.506023,-3.98463e-07,0.86252,-0.506023,-3.98463e-07,0.86252,-0.506023,-3.98463e-07,0.86252,-0.506021,1.97505e-06,0.862521,-0.506021,1.97505e-06,0.862521,-0.506021,1.97505e-06,0.862521,-0.506022,0,0.86252,-0.506022,0,0.86252,-0.506022,0,0.86252,-0.506022,0,0.86252,-0.506022,0,0.86252,-0.506022,0,0.86252,-0.506022,-1.79737e-06,0.862521,-0.506022,-1.79737e-06,0.862521,-0.506022,-1.79737e-06,0.862521,-0.506023,5.29484e-07,0.86252,-0.506023,5.29484e-07,0.86252,-0.506023,5.29484e-07,0.86252,-0.506022,9.16466e-07,0.86252,-0.506022,9.16467e-07,0.86252,-0.506022,9.16467e-07,0.86252,-0.506023,1.83726e-07,0.86252,-0.506023,1.83726e-07,0.86252,-0.506023,1.83726e-07,0.86252,-0.506024,0,0.86252,-0.506024,0,0.86252,-0.506024,0,0.86252,-0.506024,0,0.86252,-0.506024,0,0.862519,-0.506023,-2.3965e-07,0.86252,-0.506023,-2.3965e-07,0.86252,-0.506023,-2.3965e-07,0.86252,-0.506022,-9.43863e-07,0.862521,-0.506022,-9.43864e-07,0.862521,-0.506022,-9.43863e-07,0.862521,-0.506023,-3.98463e-07,0.86252,-0.506023,-3.98463e-07,0.86252,-0.506023,-3.98463e-07,0.86252,-0.506021,1.97505e-06,0.862521,-0.506021,1.97505e-06,0.862521,-0.506021,1.97505e-06,0.862521,-0.506022,0,0.86252,-0.506022,0,0.86252,-0.506022,0,0.86252,-0.506022,0,0.86252,-0.506022,0,0.86252,-0.506022,0,0.86252,-0.506022,-1.79737e-06,0.862521,-0.506022,-1.79737e-06,0.862521,-0.506022,-1.79737e-06,0.862521,-0.506023,5.29484e-07,0.86252,-0.506023,5.29484e-07,0.86252,-0.506023,5.29484e-07,0.86252]},"texCoord0":{"type":"float32","components":2,"data":[0.859017,0.880883,0.859017,0.880883,0.859017,0.880883,0.859017,0.880883,0.859017,0.880883,0.859017,0.880883,0.859017,0.880883,0.859017,0.880883,0.859017,0.880883,0.94744,0.880583,0.947367,0.880583,0.947367,0.880583,0.947367,0.880583,0.94744,0.880583,0.94744,0.880583,0.947367,0.880583,0.947367,0.880363,0.947367,0.880363,0.947367,0.880363,0.947367,0.880583,0.947367,0.880583,0.947367,0.880363,0.94744,0.880583,0.94744,0.880583,0.94744,0.880583,0.947367,0.880363,0.947367,0.880363,0.94744,0.880583,0.947367,0.880583,0.947367,0.880583,0.947367,0.880583,0.94744,0.880583,0.94744,0.880583,0.947367,0.880583,0.947367,0.880363,0.947367,0.880363,0.947367,0.880583,0.947367,0.880583,0.947367,0.880363,0.94744,0.880583,0.94744,0.880583,0.94744,0.880583,0.947367,0.880363,0.947367,0.880363,0.94744,0.880583,0.947367,0.880583,0.947367,0.880583,0.947367,0.880583,0.94744,0.880583,0.94744,0.880583,0.947367,0.880583,0.947367,0.880363,0.947367,0.880363,0.947367,0.880363,0.947367,0.880583,0.947367,0.880583,0.947367,0.880363,0.94744,0.880583,0.94744,0.880583,0.94744,0.880583,0.947367,0.880363,0.947367,0.880363]}}],"meshes":[{"aabb":{"min":[-4460.18,2889.96,-1230.94],"max":[-4214.5,3013.08,-1086.38]},"vertices":0,"indices":[0,1,2,3,4,5,6,7,8,9,10,11,12,13,14,15,16,17,18,19,20,21,22,23,24,25,26,27,28,29,30,31,32,33,34,35,35,36,37,38,39,40,41,42,43,44,45,46,47,48,49,50,51,52,53,54,55,56,57,58,59,60,61],"type":"triangles","base":0,"count":63}],"meshInstances":[{"node":1,"mesh":0}]}}