{"model":{"version":3,"nodes":[{"name":"RootNode","position":[0,0,0],"rotation":[0,0,0],"scale":[0.0254,0.0254,0.0254],"scaleCompensation":false},{"name":"LEVEL88-flechas","position":[0,0,0],"rotation":[-90,-0,0],"scale":[1,1,1],"scaleCompensation":false}],"parents":[-1,0],"skins":[],"morphs":[],"vertices":[{"position":{"type":"float32","components":3,"data":[-417.427,227.078,-501.132,-400.436,203.231,-498.627,-400.436,250.794,-498.627,-384.818,227.078,-496.266,-367.826,203.231,-493.761,-367.826,250.794,-493.761,-452.828,227.078,-506.293,-435.836,203.231,-503.788,-435.836,250.794,-503.788,-419.301,227.081,-501.408,-398.917,198.471,-498.403,-400.436,203.231,-498.627,-400.436,203.231,-498.627,-417.427,227.078,-501.132,-419.301,227.081,-501.408,-398.917,198.471,-498.403,-398.917,255.532,-498.403,-400.436,250.794,-498.627,-400.436,250.794,-498.627,-400.436,203.231,-498.627,-398.917,198.471,-498.403,-398.917,255.532,-498.403,-419.301,227.081,-501.408,-417.427,227.078,-501.132,-417.427,227.078,-501.132,-400.436,250.794,-498.627,-398.917,255.532,-498.403,-386.691,227.081,-496.542,-366.307,198.471,-493.537,-367.826,203.231,-493.761,-367.826,203.231,-493.761,-384.818,227.078,-496.266,-386.691,227.081,-496.542,-366.307,198.471,-493.537,-366.307,255.532,-493.537,-367.826,250.794,-493.761,-367.826,250.794,-493.761,-367.826,203.231,-493.761,-366.307,198.471,-493.537,-366.307,255.532,-493.537,-386.691,227.081,-496.542,-384.818,227.078,-496.266,-384.818,227.078,-496.266,-367.826,250.794,-493.761,-366.307,255.532,-493.537,-454.702,227.081,-506.569,-434.317,198.471,-503.564,-435.836,203.231,-503.788,-435.836,203.231,-503.788,-452.828,227.078,-506.293,-454.702,227.081,-506.569,-434.317,198.471,-503.564,-434.317,255.532,-503.564,-435.836,250.794,-503.788,-435.836,250.794,-503.788,-435.836,203.231,-503.788,-434.317,198.471,-503.564,-434.317,255.532,-503.564,-454.702,227.081,-506.569,-452.828,227.078,-506.293,-452.828,227.078,-506.293,-435.836,250.794,-503.788,-434.317,255.532,-503.564]},"normal":{"type":"float32","components":3,"data":[-0.145862,0,0.989305,-0.145862,0,0.989305,-0.145862,0,0.989305,-0.145862,0,0.989305,-0.145862,0,0.989305,-0.145862,0,0.989305,-0.145862,0,0.989305,-0.145862,0,0.989305,-0.145862,0,0.989305,-0.145872,-9.10794e-06,0.989303,-0.145872,-9.10794e-06,0.989303,-0.145872,-9.10794e-06,0.989303,-0.145853,6.67835e-06,0.989306,-0.145853,6.67835e-06,0.989306,-0.145853,6.67835e-06,0.989306,-0.145844,0,0.989308,-0.145844,0,0.989308,-0.145844,0,0.989308,-0.145844,0,0.989308,-0.145844,0,0.989308,-0.145844,0,0.989308,-0.145853,-5.13631e-06,0.989306,-0.145853,-5.13631e-06,0.989306,-0.145853,-5.13631e-06,0.989306,-0.145876,1.0415e-05,0.989303,-0.145876,1.0415e-05,0.989303,-0.145876,1.0415e-05,0.989303,-0.145857,2.96842e-06,0.989306,-0.145857,2.96842e-06,0.989306,-0.145857,2.96842e-06,0.989306,-0.145855,4.98771e-06,0.989306,-0.145855,4.98771e-06,0.989306,-0.145855,4.98771e-06,0.989306,-0.145866,0,0.989304,-0.145866,0,0.989304,-0.145866,0,0.989304,-0.145866,0,0.989304,-0.145866,0,0.989304,-0.145866,0,0.989304,-0.145855,-4.80045e-06,0.989306,-0.145855,-4.80045e-06,0.989306,-0.145855,-4.80045e-06,0.989306,-0.145858,-2.82112e-06,0.989306,-0.145858,-2.82112e-06,0.989305,-0.145858,-2.82112e-06,0.989306,-0.14587,-7.53113e-06,0.989304,-0.14587,-7.53113e-06,0.989304,-0.14587,-7.53113e-06,0.989304,-0.145853,6.67835e-06,0.989306,-0.145853,6.67835e-06,0.989306,-0.145853,6.67835e-06,0.989306,-0.145847,0,0.989307,-0.145847,0,0.989307,-0.145847,0,0.989307,-0.145847,0,0.989307,-0.145847,0,0.989307,-0.145847,0,0.989307,-0.145853,-5.2866e-06,0.989306,-0.145853,-5.2866e-06,0.989306,-0.145853,-5.28659e-06,0.989306,-0.145874,8.71258e-06,0.989303,-0.145874,8.71258e-06,0.989303,-0.145874,8.71258e-06,0.989303]},"texCoord0":{"type":"float32","components":2,"data":[0.859017,0.880883,0.859017,0.880883,0.859017,0.880883,0.859017,0.880883,0.859017,0.880883,0.859017,0.880883,0.859017,0.880883,0.859017,0.880883,0.859017,0.880883,0.95554,0.87575,0.955614,0.87575,0.955614,0.87575,0.955614,0.87575,0.95554,0.87575,0.95554,0.87575,0.955614,0.87575,0.955614,0.876123,0.955614,0.876123,0.955614,0.876123,0.955614,0.87575,0.955614,0.87575,0.955614,0.876123,0.95554,0.87575,0.95554,0.87575,0.95554,0.87575,0.955614,0.876123,0.955614,0.876123,0.95554,0.87575,0.955614,0.87575,0.955614,0.87575,0.955614,0.87575,0.95554,0.87575,0.95554,0.87575,0.955614,0.87575,0.955614,0.876123,0.955614,0.876123,0.955614,0.876123,0.955614,0.87575,0.955614,0.87575,0.955614,0.876123,0.95554,0.87575,0.95554,0.87575,0.95554,0.87575,0.955614,0.876123,0.955614,0.876123,0.95554,0.87575,0.955614,0.87575,0.955614,0.87575,0.955614,0.87575,0.95554,0.87575,0.95554,0.87575,0.955614,0.87575,0.955614,0.876123,0.955614,0.876123,0.955614,0.876123,0.955614,0.87575,0.955614,0.87575,0.955614,0.876123,0.95554,0.87575,0.95554,0.87575,0.95554,0.87575,0.955614,0.876123,0.955614,0.876123]}}],"meshes":[{"aabb":{"min":[-454.702,198.471,-506.569],"max":[-366.307,255.532,-493.537]},"vertices":0,"indices":[0,1,2,3,4,5,6,7,8,9,10,11,12,13,14,15,16,17,18,19,20,21,22,23,24,25,26,27,28,29,30,31,32,33,34,35,36,37,38,39,40,41,42,43,44,45,46,47,48,49,50,51,52,53,54,55,56,57,58,59,60,61,62],"type":"triangles","base":0,"count":63}],"meshInstances":[{"node":1,"mesh":0}]}}