{"model":{"version":3,"nodes":[{"name":"RootNode","position":[0,0,0],"rotation":[0,0,0],"scale":[0.0254,0.0254,0.0254],"scaleCompensation":false},{"name":"Mesh1 Gap Model 90","position":[0,0,0],"rotation":[-90,-0,0],"scale":[1,1,1],"scaleCompensation":false}],"parents":[-1,0],"skins":[],"morphs":[],"vertices":[{"position":{"type":"float32","components":3,"data":[-59.0573,-59.0573,17.3235,-59.0573,-47.2459,17.3235,-59.0573,-47.2459,7.4806,-59.0573,-47.2459,8.37783e-06,-59.0573,-59.0573,6.4535e-06,-59.0573,-59.0573,6.4535e-06,59.0573,-59.0573,-2.68702e-05,59.0573,-59.0573,17.3235,-59.0573,-59.0573,17.3235,59.0573,-47.2459,17.3235,-59.0573,-47.2459,17.3235,-59.0573,-59.0573,17.3235,59.0573,-59.0573,17.3235,59.0573,-59.0573,17.3235,59.0573,-59.0573,-2.68702e-05,59.0573,-47.2459,-2.49459e-05,59.0573,-47.2459,7.48057,59.0573,-47.2459,17.3235,-59.0573,-47.2459,17.3235,59.0573,-47.2459,17.3235,59.0573,-47.2459,7.48057,-59.0573,-47.2459,7.4806,-59.0573,59.0573,17.3235,-59.0573,59.0573,2.56968e-05,-59.0573,47.2459,2.37725e-05,-59.0573,47.2459,17.3235,-59.0573,59.0573,17.3235,-59.0573,47.2459,17.3235,59.0573,47.2459,17.3235,59.0573,59.0573,17.3235,59.0573,47.2459,17.3235,59.0573,47.2459,-9.55119e-06,59.0573,59.0573,-7.62686e-06,59.0573,59.0573,17.3235,-59.0573,59.0573,17.3235,59.0573,59.0573,17.3235,59.0573,59.0573,-7.62686e-06,-59.0573,59.0573,2.56968e-05,-59.0573,47.2459,17.3235,-59.0573,47.2459,2.37725e-05,59.0573,47.2459,-9.55119e-06,59.0573,47.2459,-9.55119e-06,59.0573,47.2459,17.3235,-59.0573,47.2459,17.3235]},"normal":{"type":"float32","components":3,"data":[-1,0,0,-1,0,0,-1,0,0,-1,0,1.36305e-07,-1,0,2.20283e-07,0,-1,-2.20497e-07,0,-1,-2.20399e-07,0,-1,0,0,-1,0,0,0,1,0,0,1,0,0,1,0,0,1,1,0,0,1,0,-2.20612e-07,1,0,-1.36305e-07,1,0,0,1,0,0,0,1,0,0,1,0,0,1,0,0,1,0,-1,0,0,-1,0,2.20612e-07,-1,0,3.30367e-07,-0.894621,0.446826,0,0,0,1,2.90669e-07,-1.61483e-07,1,0,0,1,0,0,1,1,0,0,1,0,-4.40335e-07,1,0,-3.56819e-07,1,0,0,0,1,0,0,1,0,0,1,2.20497e-07,0,1,2.20399e-07,-2.26076e-07,-1,-4.40408e-07,-2.26076e-07,-1,-4.40408e-07,-2.26076e-07,-1,-4.40408e-07,-1.93779e-07,-1,-2.20204e-07,-1.93779e-07,-1,-2.20204e-07,-1.93779e-07,-1,-2.20204e-07]},"texCoord0":{"type":"float32","components":2,"data":[0.313769,0.111284,0.313769,0.11129,0.313774,0.11129,0.313778,0.11129,0.313778,0.111284,0.313769,0.111239,0.313769,0.111303,0.313778,0.111303,0.313778,0.111239,0.113774,0.501538,0.113774,0.501637,0.113765,0.501637,0.113765,0.501538,0.313769,0.111325,0.313769,0.111308,0.31378,0.111308,0.31378,0.111315,0.31378,0.111325,0.313778,0.111239,0.313778,0.111303,0.313773,0.111303,0.313773,0.111239,0.313769,0.111264,0.313778,0.111264,0.313778,0.111258,0.313774,0.111258,0.113774,0.501637,0.113765,0.501637,0.113765,0.501538,0.113774,0.501538,0.313769,0.111258,0.313778,0.111258,0.313778,0.111264,0.313769,0.111264,0.313778,0.111239,0.313778,0.111303,0.313769,0.111303,0.313769,0.111239,0.313774,0.111258,0.313778,0.111258,0.313778,0.111258,0.313778,0.111258,0.313774,0.111258,0.313774,0.111258]}}],"meshes":[{"aabb":{"min":[-59.0573,-59.0573,-2.68702e-05],"max":[59.0573,59.0573,17.3235]},"vertices":0,"indices":[0,1,2,0,2,3,0,3,4,5,6,7,7,8,5,9,10,11,11,12,9,13,14,15,13,15,16,13,16,17,18,19,20,20,21,18,22,23,24,22,24,25,26,27,28,28,29,26,30,31,32,30,32,33,34,35,36,36,37,34,38,39,40,41,42,43],"type":"triangles","base":0,"count":66}],"meshInstances":[{"node":1,"mesh":0}]}}