{"model":{"version":3,"nodes":[{"name":"RootNode","position":[0,0,0],"rotation":[0,0,0],"scale":[0.0254,0.0254,0.0254],"scaleCompensation":false},{"name":"Mesh1 Side Model 180","position":[0,0,0],"rotation":[-90,0,0],"scale":[1,1,1],"scaleCompensation":false}],"parents":[-1,0],"skins":[],"morphs":[],"vertices":[{"position":{"type":"float32","components":3,"data":[59.055,-59.0549,17.3228,47.244,-59.0549,17.3228,47.244,-59.0549,7.48031,47.244,-59.0549,-2.72848e-12,59.055,-59.0549,5.86656e-07,59.055,59.0549,-1.75998e-06,59.055,59.0549,17.3228,59.055,-59.0549,17.3228,59.055,-59.0549,5.86656e-07,47.2441,59.0549,17.3228,47.244,-59.0549,17.3228,59.055,-59.0549,17.3228,59.055,59.0549,17.3228,59.055,59.0549,17.3228,59.055,59.0549,-1.75998e-06,47.2441,59.0549,-1.75998e-06,47.2441,59.0549,7.48031,47.2441,59.0549,17.3228,47.2441,59.0549,7.48031,47.244,-59.0549,7.48031,47.244,-59.0549,17.3228,47.2441,59.0549,17.3228]},"normal":{"type":"float32","components":3,"data":[8.57629e-08,-1,-4.26729e-07,3.2298e-07,-1,-7.75146e-07,-1.4285e-07,-1,-2.16155e-07,-1.23044e-07,-1,-1.36319e-07,1.09381e-14,-1,-2.20212e-07,1,6.45958e-08,1.31878e-15,1,6.45958e-08,0,1,6.45958e-08,1.2906e-14,1,6.45958e-08,1.42248e-14,0,0,1,0,0,1,0,0,1,0,0,1,0,1,0,0,1,0,0,1,0,0,1,0,0,1,0,-1,3.87575e-07,1.59013e-14,-1,3.87575e-07,3.00427e-13,-1,3.87575e-07,2.84526e-13,-1,3.87575e-07,0]},"texCoord0":{"type":"float32","components":2,"data":[0.313769,0.111279,0.313769,0.111285,0.313774,0.111285,0.313778,0.111285,0.313778,0.111279,0.313769,0.111311,0.313778,0.111311,0.313778,0.111246,0.313769,0.111246,0.113774,0.501538,0.113774,0.501637,0.113765,0.501637,0.113765,0.501538,0.313769,0.111279,0.313778,0.111279,0.313778,0.111285,0.313774,0.111285,0.313769,0.111285,0.313773,0.111311,0.313773,0.111246,0.313778,0.111246,0.313778,0.111311]}}],"meshes":[{"aabb":{"min":[47.244,-59.0549,-1.75998e-06],"max":[59.055,59.0549,17.3228]},"vertices":0,"indices":[0,1,2,0,2,3,0,3,4,5,6,7,7,8,5,9,10,11,11,12,9,13,14,15,13,15,16,13,16,17,18,19,20,20,21,18],"type":"triangles","base":0,"count":36}],"meshInstances":[{"node":1,"mesh":0}]}}