{"model":{"version":3,"nodes":[{"name":"RootNode","position":[0,0,0],"rotation":[0,0,0],"scale":[0.0254,0.0254,0.0254],"scaleCompensation":false},{"name":"LEVEL81-flechas","position":[0,0,0],"rotation":[-90,-0,0],"scale":[0.3937,0.3937,0.3937],"scaleCompensation":false}],"parents":[-1,0],"skins":[],"morphs":[],"vertices":[{"position":{"type":"float32","components":3,"data":[-1668.19,2690.55,-1238.37,-1668.19,2609.74,-1238.37,-1612.92,2650,-1214.05,-1576.39,2690.55,-1198.9,-1576.39,2609.74,-1198.9,-1521.12,2650,-1174.58,-1757.09,2690.55,-1278.57,-1757.09,2609.74,-1278.57,-1701.82,2650,-1254.25,-1671.76,2697.87,-1239.94,-1671.76,2602.46,-1239.94,-1668.19,2609.74,-1238.37,-1668.19,2609.74,-1238.37,-1668.19,2690.55,-1238.37,-1671.76,2697.87,-1239.94,-1671.76,2602.46,-1239.94,-1606.51,2649.99,-1211.23,-1612.92,2650,-1214.05,-1612.92,2650,-1214.05,-1671.76,2602.46,-1239.94,-1606.51,2649.99,-1211.23,-1671.76,2697.87,-1239.94,-1668.19,2690.55,-1238.37,-1668.19,2690.55,-1238.37,-1612.92,2650,-1214.05,-1606.51,2649.99,-1211.23,-1579.96,2697.87,-1200.47,-1579.96,2602.46,-1200.47,-1576.39,2609.74,-1198.9,-1576.39,2609.74,-1198.9,-1576.39,2690.55,-1198.9,-1579.96,2697.87,-1200.47,-1579.96,2602.46,-1200.47,-1514.7,2649.99,-1171.76,-1521.12,2650,-1174.58,-1521.12,2650,-1174.58,-1576.39,2609.74,-1198.9,-1579.96,2602.46,-1200.47,-1514.7,2649.99,-1171.76,-1579.96,2697.87,-1200.47,-1576.39,2690.55,-1198.9,-1576.39,2690.55,-1198.9,-1521.12,2650,-1174.58,-1514.7,2649.99,-1171.76,-1760.66,2697.87,-1280.14,-1760.66,2602.46,-1280.14,-1757.09,2609.74,-1278.57,-1757.09,2609.74,-1278.57,-1757.09,2690.55,-1278.57,-1760.66,2697.87,-1280.14,-1760.66,2602.46,-1280.14,-1695.4,2649.99,-1251.43,-1701.82,2650,-1254.25,-1701.82,2650,-1254.25,-1757.09,2609.74,-1278.57,-1760.66,2602.46,-1280.14,-1695.4,2649.99,-1251.43,-1760.66,2697.87,-1280.14,-1757.09,2690.55,-1278.57,-1757.09,2690.55,-1278.57,-1701.82,2650,-1254.25,-1695.4,2649.99,-1251.43]},"normal":{"type":"float32","components":3,"data":[-0.402753,0,0.915309,-0.402753,0,0.915309,-0.402753,0,0.915309,-0.402753,0,0.915309,-0.402753,0,0.915309,-0.402753,0,0.915309,-0.402753,0,0.915309,-0.402753,0,0.915309,-0.402753,0,0.915309,-0.402753,0,0.915309,-0.402753,0,0.915309,-0.402753,0,0.915309,-0.402753,0,0.915309,-0.402753,0,0.915309,-0.402753,0,0.915309,-0.402755,2.46566e-06,0.915308,-0.402755,2.46566e-06,0.915308,-0.402755,2.46566e-06,0.915308,-0.402753,0,0.915309,-0.402753,0,0.915309,-0.402753,-1.59451e-07,0.915309,-0.402753,-1.59451e-07,0.915309,-0.402753,-1.59451e-07,0.915309,-0.402755,-2.74335e-06,0.915308,-0.402755,-2.74335e-06,0.915308,-0.402755,-2.74335e-06,0.915308,-0.402754,0,0.915308,-0.402754,0,0.915308,-0.402754,0,0.915308,-0.402754,0,0.915308,-0.402754,0,0.915308,-0.402754,0,0.915308,-0.402756,3.83546e-06,0.915308,-0.402756,3.83546e-06,0.915308,-0.402756,3.83546e-06,0.915308,-0.402752,-7.81726e-07,0.915309,-0.402752,-7.81726e-07,0.915309,-0.402752,-7.81726e-07,0.915309,-0.402753,5.01131e-07,0.915309,-0.402753,5.01131e-07,0.915309,-0.402753,5.01131e-07,0.915309,-0.402756,-4.30329e-06,0.915308,-0.402756,-4.30329e-06,0.915308,-0.402756,-4.30329e-06,0.915308,-0.402754,0,0.915308,-0.402754,0,0.915308,-0.402754,0,0.915308,-0.402754,0,0.915308,-0.402754,0,0.915308,-0.402754,0,0.915308,-0.402755,2.46566e-06,0.915308,-0.402755,2.46566e-06,0.915308,-0.402755,2.46566e-06,0.915308,-0.402752,-7.81726e-07,0.915309,-0.402752,-7.81726e-07,0.915309,-0.402752,-7.81726e-07,0.915309,-0.402753,5.92245e-07,0.915309,-0.402753,5.92245e-07,0.915309,-0.402753,5.92245e-07,0.915309,-0.402755,-2.79714e-06,0.915308,-0.402755,-2.79714e-06,0.915308,-0.402755,-2.79714e-06,0.915308]},"texCoord0":{"type":"float32","components":2,"data":[0.859017,0.880883,0.859017,0.880883,0.859017,0.880883,0.859017,0.880883,0.859017,0.880883,0.859017,0.880883,0.859017,0.880883,0.859017,0.880883,0.859017,0.880883,0.956799,0.877376,0.956799,0.877297,0.956799,0.877297,0.956799,0.877297,0.956799,0.877376,0.956799,0.877376,0.956799,0.877297,0.956873,0.877376,0.956873,0.877376,0.956873,0.877376,0.956799,0.877297,0.956873,0.877376,0.956799,0.877376,0.956799,0.877376,0.956799,0.877376,0.956873,0.877376,0.956873,0.877376,0.956799,0.877376,0.956799,0.877297,0.956799,0.877297,0.956799,0.877297,0.956799,0.877376,0.956799,0.877376,0.956799,0.877297,0.956873,0.877376,0.956873,0.877376,0.956873,0.877376,0.956799,0.877297,0.956799,0.877297,0.956873,0.877376,0.956799,0.877376,0.956799,0.877376,0.956799,0.877376,0.956873,0.877376,0.956873,0.877376,0.956799,0.877376,0.956799,0.877297,0.956799,0.877297,0.956799,0.877297,0.956799,0.877376,0.956799,0.877376,0.956799,0.877297,0.956873,0.877376,0.956873,0.877376,0.956873,0.877376,0.956799,0.877297,0.956799,0.877297,0.956873,0.877376,0.956799,0.877376,0.956799,0.877376,0.956799,0.877376,0.956873,0.877376,0.956873,0.877376]}}],"meshes":[{"aabb":{"min":[-1760.66,2602.46,-1280.14],"max":[-1514.7,2697.87,-1171.76]},"vertices":0,"indices":[0,1,2,3,4,5,6,7,8,9,10,11,12,13,14,15,16,17,18,11,19,20,21,22,23,24,25,26,27,28,29,30,31,32,33,34,35,36,37,38,39,40,41,42,43,44,45,46,47,48,49,50,51,52,53,54,55,56,57,58,59,60,61],"type":"triangles","base":0,"count":63}],"meshInstances":[{"node":1,"mesh":0}]}}