{"model":{"version":3,"nodes":[{"name":"RootNode","position":[0,0,0],"rotation":[0,0,0],"scale":[0.0254,0.0254,0.0254],"scaleCompensation":false},{"name":"golf_desert_piedrachicaC","position":[0,0,0],"rotation":[-90,-0,0],"scale":[1,1,1],"scaleCompensation":false}],"parents":[-1,0],"skins":[],"morphs":[],"vertices":[{"position":{"type":"float32","components":3,"data":[96.578,-109.376,38.0136,-23.6293,-119.479,-9.44431,78.5283,-109.1,-5.43421,-128.732,-24.357,180.42,-69.7172,-62.4518,191.291,-128.042,22.0777,220.278,-128.042,22.0777,220.278,33.276,-56.4979,171.156,-58.8837,101.424,214.041,82.9773,37.4384,169.966,99.1842,51.7457,157.053,-58.8837,101.424,214.041,-69.7172,-62.4518,191.291,33.276,-56.4979,171.156,-128.042,22.0777,220.278,96.578,-109.376,38.0136,141.667,-2.75262,-11.5258,141.105,15.0898,0.445396,96.578,-109.376,38.0136,141.105,15.0898,0.445396,105.834,35.1862,152.029,96.578,-109.376,38.0136,105.834,35.1862,152.029,33.276,-56.4979,171.156,82.9773,37.4384,169.966,-58.8837,101.424,214.041,33.276,-56.4979,171.156,-58.8837,101.424,214.041,99.1842,51.7457,157.053,-56.1677,119.479,182.698,-56.1677,119.479,182.698,99.1842,51.7457,157.053,132.391,40.0568,4.44125,132.391,40.0568,4.44125,-30.8511,112.611,9.24018,-56.1677,119.479,182.698,-84.3472,100.604,195.971,-141.667,37.6949,189.902,-128.042,22.0777,220.278,-128.042,22.0777,220.278,-58.8837,101.424,214.041,-84.3472,100.604,195.971,-56.1677,119.479,182.698,-84.3472,100.604,195.971,-58.8837,101.424,214.041,-141.667,37.6949,189.902,-128.732,-24.357,180.42,-128.042,22.0777,220.278,105.834,35.1862,152.029,99.1842,51.7457,157.053,82.9773,37.4384,169.966,33.276,-56.4979,171.156,105.834,35.1862,152.029,82.9773,37.4384,169.966,96.578,-109.376,38.0136,33.276,-56.4979,171.156,-69.7172,-62.4518,191.291,-69.7172,-62.4518,191.291,-9.62048,-109.239,43.1567,96.578,-109.376,38.0136,-30.8511,112.611,9.24018,-59.7389,107.754,9.92996,-84.3472,100.604,195.971,-84.3472,100.604,195.971,-56.1677,119.479,182.698,-30.8511,112.611,9.24018,78.5283,-109.1,-5.43421,141.667,-2.75262,-11.5258,96.578,-109.376,38.0136,-59.7389,107.754,9.92996,-121.845,26.4712,5.39692,-141.667,37.6949,189.902,-141.667,37.6949,189.902,-84.3472,100.604,195.971,-59.7389,107.754,9.92996,141.105,15.0898,0.445396,132.391,40.0568,4.44125,99.1842,51.7457,157.053,99.1842,51.7457,157.053,105.834,35.1862,152.029,141.105,15.0898,0.445396,-121.845,26.4712,5.39692,-123.345,-45.4316,8.86713,-128.732,-24.357,180.42,-128.732,-24.357,180.42,-141.667,37.6949,189.902,-121.845,26.4712,5.39692,-123.345,-45.4316,8.86713,-51.9363,-106.639,-4.04009,-69.7172,-62.4518,191.291,-69.7172,-62.4518,191.291,-128.732,-24.357,180.42,-123.345,-45.4316,8.86713,-51.9363,-106.639,-4.04009,-23.6293,-119.479,-9.44431,-9.62048,-109.239,43.1567,-9.62048,-109.239,43.1567,-69.7172,-62.4518,191.291,-51.9363,-106.639,-4.04009,-23.6293,-119.479,-9.44431,96.578,-109.376,38.0136,-9.62048,-109.239,43.1567]},"normal":{"type":"float32","components":3,"data":[0.102862,-0.993486,-0.0490461,0.102862,-0.993486,-0.0490461,0.102862,-0.993486,-0.0490461,-0.487192,-0.564619,0.66622,-0.487192,-0.564619,0.66622,-0.487192,-0.564619,0.66622,0.232079,-0.126463,0.964441,0.232079,-0.126463,0.964441,0.232079,-0.126463,0.964441,0.407589,0.312671,0.857967,0.407589,0.312671,0.857967,0.407589,0.312671,0.857967,0.198983,-0.192237,0.960964,0.198983,-0.192237,0.960964,0.198983,-0.192237,0.960964,0.906757,-0.21489,0.362787,0.906757,-0.21489,0.362787,0.906757,-0.21489,0.362787,0.932923,-0.257911,0.251268,0.932923,-0.257911,0.251268,0.932923,-0.257911,0.251268,0.717856,-0.458888,0.52355,0.717856,-0.458888,0.52355,0.717856,-0.458888,0.52355,0.245769,-0.117848,0.962138,0.245769,-0.117848,0.962138,0.245769,-0.117848,0.962138,0.415927,0.771961,0.480709,0.415927,0.771961,0.480709,0.415927,0.771961,0.480709,0.402007,0.915472,0.0173533,0.402007,0.915472,0.0173533,0.402007,0.915472,0.0173533,0.406609,0.913308,0.0231846,0.406609,0.913308,0.0231846,0.406609,0.913308,0.0231846,-0.639277,0.528592,0.558494,-0.639277,0.528592,0.558494,-0.639277,0.528592,0.558494,-0.511592,0.500788,0.698201,-0.511592,0.500788,0.698201,-0.511592,0.500788,0.698201,-0.343325,0.826413,0.446283,-0.343325,0.826413,0.446283,-0.343325,0.826413,0.446283,-0.926038,-0.237811,0.293086,-0.926038,-0.237811,0.293086,-0.926038,-0.237811,0.293086,0.617909,0.00964333,0.786191,0.617909,0.00964333,0.786191,0.617909,0.00964333,0.786191,0.572209,-0.293051,0.765962,0.572209,-0.293051,0.765962,0.572209,-0.293051,0.765962,0.134026,-0.897496,0.420164,0.134026,-0.897496,0.420164,0.134026,-0.897496,0.420164,0.0136035,-0.951882,0.306164,0.0136035,-0.951882,0.306164,0.0136035,-0.951882,0.306164,-0.165417,0.986094,0.0160175,-0.165417,0.986094,0.0160175,-0.165417,0.986094,0.0160175,-0.590334,0.79852,-0.117777,-0.590334,0.79852,-0.117777,-0.590334,0.79852,-0.117777,0.801298,-0.494979,-0.336032,0.801298,-0.494979,-0.336032,0.801298,-0.494979,-0.336032,-0.785457,0.606913,-0.121302,-0.785457,0.606913,-0.121302,-0.785457,0.606913,-0.121302,-0.733886,0.675541,-0.0711109,-0.733886,0.675541,-0.0711109,-0.733886,0.67554,-0.0711109,0.937184,0.298152,0.181083,0.937184,0.298152,0.181083,0.937184,0.298152,0.181083,0.930929,0.321059,0.174047,0.930929,0.321059,0.174047,0.930929,0.321058,0.174047,-0.999246,0.0192243,-0.0337384,-0.999246,0.0192243,-0.0337384,-0.999246,0.0192243,-0.0337384,-0.977429,-0.189455,-0.0934819,-0.977429,-0.189455,-0.0934819,-0.977429,-0.189455,-0.0934819,-0.634375,-0.764398,0.115172,-0.634375,-0.764398,0.115172,-0.634375,-0.764398,0.115172,-0.551348,-0.82997,0.0846458,-0.551348,-0.82997,0.0846458,-0.551348,-0.82997,0.0846458,-0.354847,-0.895446,0.268813,-0.354847,-0.895446,0.268813,-0.354847,-0.895446,0.268813,-0.268999,-0.944385,0.189147,-0.268999,-0.944385,0.189147,-0.268999,-0.944385,0.189147,0.00789285,-0.981937,0.189044,0.00789285,-0.981937,0.189044,0.00789285,-0.981937,0.189044]},"texCoord0":{"type":"float32","components":2,"data":[0.599896,0.028451,0.599332,0.032951,0.598298,0.028792,0.603884,0.030482,0.603324,0.03023,0.604117,0.030118,0.604117,0.030118,0.602697,0.029346,0.604441,0.029482,0.603463,0.028389,0.604705,0.029247,0.604441,0.029482,0.603324,0.03023,0.602697,0.029346,0.604117,0.030118,0.599896,0.028451,0.601349,0.023409,0.602337,0.023389,0.599896,0.028451,0.602337,0.023389,0.603294,0.028067,0.599896,0.028451,0.603294,0.028067,0.602082,0.029207,0.603463,0.028389,0.604441,0.029482,0.602697,0.029346,0.604441,0.029482,0.604705,0.029247,0.604739,0.029369,0.604739,0.029369,0.604705,0.029247,0.60419,0.023174,0.60419,0.023174,0.608081,0.028644,0.604739,0.029369,0.604604,0.029689,0.60434,0.030245,0.604117,0.030118,0.604117,0.030118,0.604441,0.029482,0.604604,0.029689,0.604739,0.029369,0.604604,0.029689,0.604441,0.029482,0.604237,0.030324,0.603884,0.030482,0.604117,0.030118,0.603294,0.028067,0.603545,0.028122,0.603463,0.028389,0.602082,0.029207,0.603294,0.028067,0.603463,0.028389,0.599896,0.028451,0.602082,0.029207,0.602729,0.029951,0.602729,0.029951,0.600885,0.03143,0.599896,0.028451,0.608081,0.028644,0.608115,0.029524,0.604604,0.029689,0.604604,0.029689,0.604739,0.029369,0.608081,0.028644,0.598298,0.028792,0.600074,0.0249,0.599896,0.028451,0.608115,0.029524,0.606547,0.033392,0.60434,0.030245,0.60434,0.030245,0.604604,0.029689,0.608115,0.029524,0.602337,0.023389,0.60341,0.023582,0.603545,0.028122,0.603545,0.028122,0.603294,0.028067,0.602337,0.023389,0.604862,0.03436,0.604217,0.034406,0.603884,0.030482,0.603884,0.030482,0.604237,0.030324,0.604862,0.03436,0.60053,0.034267,0.600396,0.03409,0.603162,0.03043,0.603162,0.03043,0.603621,0.030876,0.60053,0.034267,0.600396,0.03409,0.599332,0.032951,0.600885,0.03143,0.600885,0.03143,0.603162,0.03043,0.600396,0.03409,0.599332,0.032951,0.599896,0.028451,0.600885,0.03143]}}],"meshes":[{"aabb":{"min":[-141.667,-119.479,-11.5258],"max":[141.667,119.479,220.278]},"vertices":0,