{"model":{"version":3,"nodes":[{"name":"RootNode","position":[0,0,0],"rotation":[0,0,0],"scale":[0.0254,0.0254,0.0254],"scaleCompensation":false},{"name":"LEVEL62-rampas","position":[0,0,0],"rotation":[-90,-0,0],"scale":[0.3937,0.3937,0.3937],"scaleCompensation":false}],"parents":[-1,0],"skins":[],"morphs":[],"vertices":[{"position":{"type":"float32","components":3,"data":[-2069.24,771.094,-1205.5,-1798.99,846.094,-1180.5,-2069.24,846.094,-1180.5,-1798.99,846.094,-1180.5,-2069.24,771.094,-1205.5,-1798.99,771.094,-1205.5,-1798.99,921.094,-1180.5,-2069.24,846.094,-1180.5,-1798.99,846.094,-1180.5,-2069.24,921.094,-1180.5,-2069.24,921.094,-1180.5,-1798.99,921.094,-1205.5,-2069.24,921.094,-1205.5,-1798.99,921.094,-1205.5,-2069.24,921.094,-1180.5,-1798.99,921.094,-1180.5]},"normal":{"type":"float32","components":3,"data":[0,-0.316228,0.948683,0,-0.316228,0.948683,0,-0.316228,0.948683,0,-0.316228,0.948683,0,-0.316228,0.948683,0,-0.316228,0.948683,0,0,1,0,0,1,0,0,1,0,0,1,0,1,0,0,1,0,0,1,0,0,1,0,0,1,0,0,1,0]},"texCoord0":{"type":"float32","components":2,"data":[-35.7384,119.24,-34.8365,119.49,-35.7384,119.49,-34.8365,119.49,-35.7384,119.24,-34.8365,119.24,-34.8365,119.741,-35.7384,119.49,-34.8365,119.49,-35.7384,119.741,0.861328,0.0714893,0.861328,0.0714893,0.861328,0.0714893,0.861328,0.0714893,0.861328,0.0714893,0.861328,0.0714893]}}],"meshes":[{"aabb":{"min":[-2069.24,771.094,-1205.5],"max":[-1798.99,921.094,-1180.5]},"vertices":0,"indices":[0,1,2,3,4,5,6,7,8,7,6,9],"type":"triangles","base":0,"count":12},{"aabb":{"min":[-2069.24,771.094,-1205.5],"max":[-1798.99,921.094,-1180.5]},"vertices":0,"indices":[10,11,12,13,14,15],"type":"triangles","base":0,"count":6}],"meshInstances":[{"node":1,"mesh":0},{"node":1,"mesh":1}]}}