{"model":{"version":3,"nodes":[{"name":"RootNode","position":[0,0,0],"rotation":[0,0,0],"scale":[0.0254,0.0254,0.0254],"scaleCompensation":false},{"name":"Mesh1 T_split Model","position":[0,0,0],"rotation":[-90,0,0],"scale":[1,1,1],"scaleCompensation":false}],"parents":[-1,0],"skins":[],"morphs":[],"vertices":[{"position":{"type":"float32","components":3,"data":[-59.055,59.0549,17.3229,-47.2441,59.0549,17.3229,-47.2441,59.0549,7.48033,-47.2441,59.0549,1.92425e-05,-59.055,59.0549,2.04159e-05,-59.055,59.0549,2.04159e-05,-59.055,-59.0549,-2.15892e-05,-59.055,-59.0549,17.3228,-59.055,59.0549,17.3229,-47.2441,-59.0549,17.3228,-47.2441,59.0549,17.3229,-59.055,59.0549,17.3229,-59.055,-59.0549,17.3228,-59.055,-59.0549,-2.15892e-05,-47.2441,-59.0549,-1.98292e-05,-47.2441,-59.0549,7.48029,-47.2441,-59.0549,17.3228,-59.055,-59.0549,17.3228,59.055,-59.0549,17.3228,59.055,-47.2441,17.3228,47.2441,-59.0549,17.3228,47.2441,-59.0549,7.48029,47.2441,-59.0549,17.3228,59.055,-47.2441,17.3228,59.055,-47.2441,7.4803,59.055,-47.2441,-1.53941e-05,59.055,-47.2441,7.4803,59.055,-47.2441,17.3228,59.055,-59.0549,17.3228,59.055,-59.0549,-1.98292e-05,47.2441,-59.0549,-1.98292e-05,59.055,-59.0549,-1.98292e-05,59.055,-59.0549,17.3228,47.2441,-59.0549,17.3228,47.2441,-59.0549,7.48029,59.055,47.2441,1.53941e-05,59.055,59.0549,1.98292e-05,59.055,59.0549,17.3229,59.055,47.2441,17.3228,59.055,47.2441,7.48033,59.055,47.2441,17.3228,59.055,59.0549,17.3229,47.2441,59.0549,17.3229,59.055,47.2441,7.48033,59.055,47.2441,17.3228,47.2441,59.0549,17.3229,47.2441,59.0549,7.48033,59.055,59.0549,1.98292e-05,47.2441,59.0549,1.92425e-05,47.2441,59.0549,7.48033,47.2441,59.0549,17.3229,59.055,59.0549,17.3229,-47.2441,-59.0549,17.3228,-47.2441,-59.0549,7.48029,-47.2441,59.0549,7.48033,-47.2441,59.0549,17.3229]},"normal":{"type":"float32","components":3,"data":[-5.70873e-08,1,2.55312e-07,0,1,3.87573e-07,-2.32917e-07,1,1.08077e-07,-1.23044e-07,1,1.3632e-07,2.18764e-14,1,2.20212e-07,-1,0,0,-1,0,0,-1,0,0,-1,0,0,0,-3.22979e-07,1,0,-3.22979e-07,1,0,-3.22979e-07,1,0,-3.22979e-07,1,1.27456e-07,-1,-3.69027e-07,0,-1,0,3.33693e-07,-1,-5.26875e-07,1.87026e-07,-1,-5.6794e-07,0,-1,-4.40424e-07,0,-3.22983e-07,1,0,-3.22983e-07,1,0,-3.22983e-07,1,-0.707105,0.707109,6.41016e-07,-0.707105,0.707109,5.48113e-07,-0.707105,0.707109,7.29266e-07,-0.707105,0.707109,8.22169e-07,1,0,0,1,0,0,1,0,0,1,0,0,1,0,0,0,-1,-4.40424e-07,0,-1,-4.40424e-07,0,-1,-4.40424e-07,0,-1,-4.40424e-07,-1,0,0,1,0,0,1,0,0,1,0,0,1,0,0,-1,0,0,0,-3.22984e-07,1,0,-3.22984e-07,1,0,-3.22984e-07,1,-0.707103,-0.70711,-6.36364e-07,-0.707104,-0.70711,-8.22171e-07,-0.707103,-0.70711,-4.59863e-07,-0.707103,-0.70711,-2.74057e-07,6.37275e-08,1,1.84514e-07,0,1,0,1.66845e-07,1,2.63437e-07,9.35131e-08,1,2.8397e-07,0,1,2.20212e-07,1,0,0,1,0,0,1,0,0,1,0,0]},"texCoord0":{"type":"float32","components":2,"data":[0.313769,0.111292,0.313769,0.111298,0.313774,0.111298,0.313778,0.111298,0.313778,0.111292,0.313769,0.11124,0.313769,0.111305,0.313778,0.111305,0.313778,0.11124,0.113774,0.501538,0.113774,0.501637,0.113765,0.501637,0.113765,0.501538,0.313778,0.111292,0.313778,0.111298,0.313774,0.111298,0.313769,0.111298,0.313769,0.111292,0.113776,0.501613,0.113776,0.501625,0.113774,0.501625,0.31378,0.111307,0.313769,0.111307,0.313769,0.111305,0.31378,0.111305,0.313769,0.111298,0.313773,0.111298,0.313778,0.111298,0.313778,0.111305,0.313769,0.111305,0.313778,0.111248,0.313778,0.111255,0.313769,0.111255,0.313769,0.111248,0.313774,0.111248,0.313769,0.111246,0.313769,0.11124,0.313778,0.11124,0.313778,0.111246,0.313773,0.111246,0.113776,0.501614,0.113776,0.501625,0.113765,0.501625,0.31378,0.111307,0.313769,0.111307,0.313769,0.111305,0.31378,0.111305,0.313778,0.111255,0.313778,0.111248,0.313774,0.111248,0.313769,0.111248,0.313769,0.111255,0.313778,0.111305,0.313773,0.111305,0.313773,0.11124,0.313778,0.11124]}}],"meshes":[{"aabb":{"min":[-59.055,-59.0549,-2.15892e-05],"max":[59.055,59.0549,17.3229]},"vertices":0,"indices":[0,1,2,0,2,3,0,3,4,5,6,7,7,8,5,9,10,11,11,12,9,13,14,15,13,15,16,13,16,17,18,19,20,21,22,23,23,24,21,25,26,27,25,27,28,25,28,29,30,31,32,30,32,33,30,33,34,35,36,37,35,37,38,35,38,39,40,41,42,43,44,45,45,46,43,47,48,49,47,49,50,47,50,51,52,53,54,54,55,52],"type":"triangles","base":0,"count":90}],"meshInstances":[{"node":1,"mesh":0}]}}