{"model":{"version":3,"nodes":[{"name":"RootNode","position":[0,0,0],"rotation":[0,0,0],"scale":[0.0254,0.0254,0.0254],"scaleCompensation":false},{"name":"Mesh1 Hole_square Model","position":[0,0,0],"rotation":[-90,0,0],"scale":[1,1,1],"scaleCompensation":false}],"parents":[-1,0],"skins":[],"morphs":[],"vertices":[{"position":{"type":"float32","components":3,"data":[47.2441,-59.0549,-2.87462e-05,59.055,-59.0549,-3.05062e-05,47.2441,-59.0549,7.48029,47.2441,-59.0549,17.3228,59.055,-59.0549,17.3228,-47.2441,47.2441,17.3229,-59.055,59.0549,17.3229,-47.2441,-59.0549,17.3228,-59.055,-59.0549,17.3228,-47.2441,-59.0549,-2.87462e-05,-47.2441,-59.0549,17.3228,-59.055,-59.0549,-2.87462e-05,-59.055,-59.0549,17.3228,-59.055,59.0549,17.3229,-59.055,59.0549,2.87462e-05,-59.055,-59.0549,17.3228,-59.055,-59.0549,-2.87462e-05,-59.055,59.0549,17.3229,59.055,59.0549,17.3229,-59.055,59.0549,2.87462e-05,59.055,59.0549,2.93329e-05,59.055,-59.0549,17.3228,59.055,-59.0549,-3.05062e-05,59.055,59.0549,17.3229,59.055,59.0549,2.93329e-05,-47.2441,-59.0549,7.48029,-47.2441,47.2441,7.48034,-47.2441,-59.0549,17.3228,-47.2441,47.2441,17.3229,47.2441,47.2441,7.48034,47.2441,47.2441,17.3229,-47.2441,47.2441,7.48034,-47.2441,47.2441,17.3229,47.2441,47.2441,7.48034,47.2441,-59.0549,7.48029,47.2441,47.2441,17.3229,47.2441,-59.0549,17.3228,-59.055,59.0549,17.3229,-47.2441,47.2441,17.3229,59.055,59.0549,17.3229,47.2441,47.2441,17.3229,59.055,59.0549,17.3229,47.2441,47.2441,17.3229,59.055,-59.0549,17.3228,47.2441,-59.0549,17.3228]},"normal":{"type":"float32","components":3,"data":[0,-1,0,-1.91183e-07,-1,-5.53541e-07,-5.00538e-07,-1,-7.90312e-07,-2.8054e-07,-1,-8.5191e-07,0,-1,-6.60636e-07,3.50038e-12,-4.84471e-07,1,3.05619e-12,-4.84471e-07,1,4.442e-13,-4.84468e-07,1,0,-4.84468e-07,1,0,-1,-6.60636e-07,0.707107,-0.707107,-4.6714e-07,0,-1,-6.60636e-07,0,-1,-6.60636e-07,-1,0,0,-1,0,0,-1,0,0,-1,0,0,0,1,4.40424e-07,-1.9848e-15,1,4.40424e-07,-2.02815e-16,1,4.40424e-07,-2.18762e-15,1,4.40424e-07,1,0,0,1,0,0,1,0,0,1,0,0,1,0,0,1,0,0,0.707107,-0.707107,-4.6714e-07,1,0,0,0,-1,-1.16272e-06,0,-1,-1.16272e-06,0,-1,-1.16272e-06,0,-1,-1.16272e-06,-1,0,0,-1,0,0,-1,0,0,-1,0,0,3.05619e-12,-4.84471e-07,1,3.50038e-12,-4.84471e-07,1,-3.17122e-12,-4.84471e-07,1,-3.02228e-12,-4.84471e-07,1,-3.17122e-12,-4.84471e-07,1,-3.02228e-12,-4.84471e-07,1,-4.46799e-13,-4.84468e-07,1,0,-4.84467e-07,1]},"texCoord0":{"type":"float32","components":2,"data":[0.313778,0.11125,0.313778,0.111244,0.313774,0.11125,0.313769,0.11125,0.313769,0.111244,0.113765,0.501627,0.113774,0.501637,0.113765,0.50154,0.113774,0.50154,0.313778,0.111301,0.313769,0.111301,0.313778,0.111308,0.313769,0.111308,0.313778,0.111239,0.313769,0.111239,0.313778,0.111303,0.313769,0.111303,0.313769,0.111308,0.313769,0.111244,0.313778,0.111308,0.313778,0.111244,0.313778,0.111303,0.313769,0.111303,0.313778,0.111239,0.313769,0.111239,0.313773,0.111303,0.313773,0.111245,0.313778,0.111303,0.313778,0.111245,0.313774,0.11125,0.313769,0.11125,0.313774,0.111301,0.313769,0.111301,0.313773,0.111245,0.313773,0.111303,0.313778,0.111245,0.313778,0.111303,0.113765,0.501637,0.113774,0.501627,0.113765,0.50154,0.113774,0.501549,0.113765,0.501637,0.113774,0.501627,0.113765,0.50154,0.113774,0.50154]}}],"meshes":[{"aabb":{"min":[-59.055,-59.0549,-3.05062e-05],"max":[59.055,59.0549,17.3229]},"vertices":0,"indices":[0,1,2,2,1,3,3,1,4,5,6,7,8,7,6,9,10,11,11,10,12,13,14,15,16,15,14,17,18,19,20,19,18,21,22,23,24,23,22,25,26,27,28,27,26,29,30,31,32,31,30,33,34,35,36,35,34,37,38,39,40,39,38,41,42,43,44,43,42],"type":"triangles","base":0,"count":69}],"meshInstances":[{"node":1,"mesh":0}]}}