{"model":{"version":3,"nodes":[{"name":"RootNode","position":[0,0,0],"rotation":[0,0,0],"scale":[0.01,0.01,0.01],"scaleCompensation":false},{"name":"Mesh1 Bump_walls Model.001","position":[0,0,0],"rotation":[9.33467e-06,-0,0],"scale":[100,100,100],"scaleCompensation":false}],"parents":[-1,0],"skins":[],"morphs":[],"vertices":[{"position":{"type":"float32","components":3,"data":[-1.5,0,-1.5,-1.2,0.19,-1.5,-1.2,0,-1.5,-1.5,0.44,-1.5,-1.2,0.44,-1.5,-1.5,0.44,1.5,-1.5,0,-1.5,-1.5,0,1.5,-1.5,0.44,-1.5,-1.5,0.44,-1.5,-1.5,0.44,1.5,-1.2,0.44,1.5,-1.2,0.44,-1.5,-1.2,0.19,1.5,-1.5,0,1.5,-1.2,0,1.5,-1.5,0.44,1.5,-1.2,0.44,1.5,1.5,0.44,1.5,1.2,0.19,1.5,1.5,0,1.5,1.2,0.44,1.5,1.2,0,1.5,1.5,0,1.5,1.5,0.44,-1.5,1.5,0.44,1.5,1.5,0,-1.5,1.2,0.44,-1.5,1.2,0.44,1.5,1.5,0.44,1.5,1.5,0.44,-1.5,1.2,0.44,1.5,1.2,0.19,-1.5,1.2,0.19,1.5,1.2,0.44,-1.5,1.5,0,-1.5,1.2,0.19,-1.5,1.5,0.44,-1.5,1.2,0,-1.5,1.2,0.44,-1.5,-1.2,0.19,1.5,-1.2,0.19,-1.5,-1.2,0.44,1.5,-1.2,0.44,-1.5]},"normal":{"type":"float32","components":3,"data":[-2.25775e-07,0,-1,-2.25775e-07,0,-1,-2.25775e-07,0,-1,-2.25775e-07,0,-1,-2.25775e-07,0,-1,-1,0,0,-1,0,0,-1,0,0,-1,0,0,0,1,0,0,1,0,0,1,0,0,1,0,-2.25775e-07,0,1,-2.25775e-07,0,1,-2.25775e-07,0,1,-2.25775e-07,0,1,-2.25775e-07,0,1,0,0,1,0,0,1,0,0,1,0,0,1,0,0,1,1,0,0,1,0,0,1,0,0,1,0,0,0,1,0,0,1,0,0,1,0,0,1,0,-1,0,0,-1,0,0,-1,0,0,-1,0,0,2.25775e-07,0,-1,2.25775e-07,0,-1,2.25775e-07,0,-1,2.25775e-07,0,-1,2.25775e-07,0,-1,1,0,0,1,0,0,1,0,0,1,0,0]},"texCoord0":{"type":"float32","components":2,"data":[0.101541,0.453906,0.0618729,0.517637,0.101541,0.517637,0.00814312,0.453906,0.00814312,0.517637,0.101561,0.811727,0.007931,0.163678,0.007931,0.811727,0.101561,0.163678,0.00742616,0.99498,0.00742616,0.0084213,0.101439,0.0084213,0.101439,0.99498,0.0618729,0.517637,0.101541,0.453906,0.101541,0.517637,0.00814312,0.453906,0.00814312,0.517637,0.0081431,0.343264,0.0618729,0.279534,0.101541,0.343264,0.0081431,0.279534,0.101541,0.279534,0.007931,0.811727,0.101561,0.163678,0.101561,0.811727,0.007931,0.163678,0.007426,0.994884,0.007426,0.00832528,0.101439,0.00832528,0.101439,0.994884,0.101561,0.811727,0.0490108,0.163678,0.0490112,0.811727,0.101561,0.163678,0.101541,0.343264,0.0618729,0.279534,0.0081431,0.343264,0.101541,0.279534,0.0081431,0.279534,0.0490112,0.811727,0.0490108,0.163678,0.101561,0.811727,0.101561,0.163678]}}],"meshes":[{"aabb":{"min":[-1.5,0,-1.5],"max":[1.5,0.44,1.5]},"vertices":0,"indices":[0,1,2,1,3,4,1,0,3,5,6,7,6,5,8,9,10,11,11,12,9,13,14,15,14,13,16,17,16,13,18,19,20,19,18,21,19,22,20,23,24,25,24,23,26,27,28,29,29,30,27,31,32,33,32,31,34,35,36,37,36,35,38,37,36,39,40,41,42,42,41,43],"type":"triangles","base":0,"count":72}],"meshInstances":[{"node":1,"mesh":0}]}}