{"model":{"version":3,"nodes":[{"name":"RootNode","position":[0,0,0],"rotation":[0,0,0],"scale":[0.01,0.01,0.01],"scaleCompensation":false},{"name":"Object026","position":[0,0,3.79227e-06],"rotation":[-90,0,0],"scale":[1,1,1],"scaleCompensation":false},{"name":"Dummy034","position":[0,0,1.71215e-06],"rotation":[7.62939e-06,0,0],"scale":[1,1,1],"scaleCompensation":false},{"name":"Dummy039","position":[-26.8536,-1.86184e-06,3.8147e-06],"rotation":[0,0,0],"scale":[0.233127,0.233127,0.233127],"scaleCompensation":false}],"parents":[-1,0,0,2],"skins":[{"inverseBindMatrices":[[1,-0,0,0,0,1,-1.62921e-07,0,0,1.62921e-07,1,0,-0,-2.78945e-13,-1.71215e-06,1]],"boneNames":["Dummy034"]}],"morphs":[],"vertices":[{"position":{"type":"float32","components":3,"data":[-32.2279,-21.4832,-4.20989e-06,-32.2279,6.33029,5.29962e-07,-45.7067,6.33051,1.80536e-07,-45.7067,6.33051,1.80536e-07,-45.7067,-21.4832,-2.29515e-06,-32.2279,-21.4832,-4.20989e-06,0.0187836,-36.1475,1.27843e-06,-31.7151,24.8862,7.30526e-06,-32.2276,20.9942,2.20253e-06,-30.2128,28.5131,7.25038e-06,-27.8228,31.6276,7.04701e-06,-24.7081,34.0172,6.70901e-06,-21.081,35.5195,6.25942e-06,-17.1886,36.032,5.7289e-06,0.0187836,-36.1475,1.27843e-06,0.0187836,36.0326,3.28452e-06,-17.1886,36.032,5.7289e-06,0.0187836,-36.1475,1.27843e-06,-32.2276,20.9942,2.20253e-06,-32.2276,-36.1469,5.8592e-06]},"normal":{"type":"float32","components":3,"data":[-2.59268e-08,-1.70415e-07,1,-2.59268e-08,-1.70415e-07,1,-2.59268e-08,-1.70415e-07,1,1.42055e-07,-8.90096e-08,1,1.42055e-07,-8.90096e-08,1,1.42055e-07,-8.90096e-08,1,-1.12268e-07,-1.58025e-07,1,-2.98273e-07,-2.5383e-07,1,-1.86047e-06,-1.06608e-06,1,1.26005e-07,-3.34459e-08,1,1.30534e-07,-3.14912e-08,1,1.34406e-07,-3.00314e-08,1,1.38047e-07,-2.8859e-08,1,1.40023e-07,-2.82773e-08,1,1.42055e-07,-2.77928e-08,1,1.42055e-07,-2.77928e-08,1,1.42055e-07,-2.77928e-08,1,1.42057e-07,6.39937e-08,1,1.42057e-07,6.39937e-08,1,1.42057e-07,6.39937e-08,1]},"blendIndices":{"type":"uint8","components":4,"data":[0,0,0,0,0,0,0,0,0,0,0,0,0,0,0,0,0,0,0,0,0,0,0,0,0,0,0,0,0,0,0,0,0,0,0,0,0,0,0,0,0,0,0,0,0,0,0,0,0,0,0,0,0,0,0,0,0,0,0,0,0,0,0,0,0,0,0,0,0,0,0,0,0,0,0,0,0,0,0,0]},"blendWeight":{"type":"float32","components":4,"data":[1,0,0,0,1,0,0,0,1,0,0,0,1,0,0,0,1,0,0,0,1,0,0,0,1,0,0,0,1,0,0,0,1,0,0,0,1,0,0,0,1,0,0,0,1,0,0,0,1,0,0,0,1,0,0,0,1,0,0,0,1,0,0,0,1,0,0,0,1,0,0,0,1,0,0,0,1,0,0,0]},"texCoord0":{"type":"float32","components":2,"data":[0.797458,0.0928362,0.797458,0.264841,0.714108,0.264841,0.714108,0.264841,0.714108,0.0928362,0.797458,0.0928362,0.996865,0.00215341,0.800629,0.379594,0.79746,0.355524,0.80992,0.402023,0.824699,0.421283,0.843959,0.436062,0.866389,0.445352,0.890457,0.448521,0.996865,0.00215341,0.996865,0.448521,0.890457,0.448521,0.996865,0.00215341,0.79746,0.355524,0.79746,0.00215341]}}],"meshes":[{"aabb":{"min":[-45.7067,-36.1475,-4.20989e-06],"max":[0.0187836,36.0326,7.30526e-06]},"vertices":0,"skin":0,"indices":[0,1,2,3,4,5,6,7,8,6,9,7,6,10,9,6,11,10,6,12,11,6,13,12,14,15,16,17,18,19],"type":"triangles","base":0,"count":30}],"meshInstances":[{"node":1,"mesh":0}]}}