{"model":{"version":3,"nodes":[{"name":"RootNode","position":[0,0,0],"rotation":[0,0,0],"scale":[0.0254,0.0254,0.0254],"scaleCompensation":false},{"name":"LEVEL87-rampas","position":[0,0,0],"rotation":[-90,-0,0],"scale":[0.3937,0.3937,0.3937],"scaleCompensation":false}],"parents":[-1,0],"skins":[],"morphs":[],"vertices":[{"position":{"type":"float32","components":3,"data":[-3589.14,-203.905,-1161.4,-3589.14,96.0922,-1161.4,-3889.14,-203.905,-1293.47,-3889.14,96.0933,-1293.47,-3889.14,-203.905,-1293.47,-3589.14,96.0922,-1161.4,-2689.14,96.0938,-1293.2,-2389.14,-203.906,-1249.15,-2389.14,96.0938,-1249.15,-2389.14,-203.906,-1249.15,-2689.14,96.0938,-1293.2,-2689.14,-203.906,-1293.2,-3589.14,96.0922,-1161.4,-3589.14,-203.905,-1161.4,-3589.14,-203.905,-1186,-3589.14,96.0923,-1186,-3589.14,96.0922,-1161.4,-3589.14,-203.905,-1161.4,-3889.14,-203.905,-1293.47,-3889.14,-203.905,-1318.07,-3889.14,-203.905,-1318.07,-3589.14,-203.905,-1186,-3589.14,-203.905,-1161.4,-3889.14,96.0933,-1293.47,-3589.14,96.0922,-1161.4,-3589.14,96.0923,-1186,-3589.14,96.0923,-1186,-3889.14,96.0933,-1318.07,-3889.14,96.0933,-1293.47,-2389.14,96.0938,-1249.15,-2389.14,-203.906,-1249.15,-2389.14,-203.905,-1273.76,-2389.14,96.0938,-1273.76,-2389.14,96.0938,-1249.15,-2689.14,96.0938,-1293.2,-2389.14,96.0938,-1249.15,-2389.14,96.0938,-1273.76,-2389.14,96.0938,-1273.76,-2689.14,96.0938,-1317.81,-2689.14,96.0938,-1293.2,-2389.14,-203.906,-1249.15,-2689.14,-203.906,-1293.2,-2689.14,-203.906,-1317.81,-2689.14,-203.906,-1317.81,-2389.14,-203.905,-1273.76,-2389.14,-203.906,-1249.15,-3889.14,96.0933,-1318.07,-3589.14,96.0923,-1186,-3589.14,-203.905,-1186,-3589.14,-203.905,-1186,-3889.14,-203.905,-1318.07,-3889.14,96.0933,-1318.07,-2689.14,96.0938,-1317.81,-2389.14,96.0938,-1273.76,-2389.14,-203.905,-1273.76,-2389.14,-203.905,-1273.76,-2689.14,-203.906,-1317.81,-2689.14,96.0938,-1317.81,-3889.14,-203.905,-1314.23,-3889.14,96.0933,-1314.23,-3889.14,96.0933,-1318.07,-3889.14,96.0933,-1318.07,-3889.14,-203.905,-1318.07,-3889.14,-203.905,-1314.23]},"normal":{"type":"float32","components":3,"data":[-0.40291,0,0.91524,-0.40291,0,0.915239,-0.40291,0,0.915239,-0.40291,0,0.915239,-0.40291,0,0.915239,-0.40291,0,0.91524,-0.145271,0,0.989392,-0.145271,0,0.989392,-0.145271,0,0.989392,-0.145271,2.36444e-07,0.989392,-0.145271,2.36444e-07,0.989392,-0.145271,2.36444e-07,0.989392,1,0,0,1,0,0,1,0,0,1,0,0,1,0,0,1.55805e-06,-1,6.20178e-07,1.55805e-06,-1,6.20178e-07,1.55805e-06,-1,6.20178e-07,1.55805e-06,-1,6.20178e-07,1.55805e-06,-1,6.20178e-07,1.55805e-06,-1,6.20178e-07,2.47768e-06,1,2.17062e-06,2.47768e-06,1,2.17062e-06,2.47768e-06,1,2.17062e-06,2.81091e-06,1,1.24036e-06,2.81091e-06,1,1.24036e-06,2.81091e-06,1,1.24036e-06,1,0,0,1,0,0,1,0,0,1,0,0,1,0,0,-2.7318e-07,1,1.86053e-06,-2.7318e-07,1,1.86053e-06,-2.7318e-07,1,1.86053e-06,-1.92786e-07,1,6.20178e-07,-1.92786e-07,1,6.20178e-07,-1.92786e-07,1,6.20178e-07,7.01412e-07,-1,-6.20175e-07,7.01412e-07,-1,-6.20175e-07,7.01412e-07,-1,-6.20175e-07,7.01412e-07,-1,-6.20175e-07,7.01412e-07,-1,-6.20175e-07,7.01412e-07,-1,-6.20175e-07,0.40291,0,-0.915239,0.40291,0,-0.91524,0.40291,0,-0.91524,0.40291,0,-0.91524,0.40291,0,-0.91524,0.40291,0,-0.915239,0.145271,4.02586e-07,-0.989392,0.145271,4.02585e-07,-0.989392,0.145271,4.02585e-07,-0.989392,0.145271,1.66141e-07,-0.989392,0.145271,1.66141e-07,-0.989392,0.145271,1.66141e-07,-0.989392,-1,0,0,-1,0,0,-1,0,0,-1,0,0,-1,0,0,-1,0,0]},"texCoord0":{"type":"float32","components":2,"data":[-43.2704,0.53537,-43.2704,1.53654,-44.2716,0.535368,-44.2716,1.53655,-44.2716,0.535368,-43.2704,1.53654,-40.2668,1.53655,-39.2657,0.535366,-39.2657,1.53655,-39.2657,0.535366,-40.2668,1.53655,-40.2669,0.535366,0.86134,0.0715801,0.86134,0.0715179,0.86134,0.0715179,0.86134,0.0715801,0.86134,0.0715801,0.86133,0.0714879,0.86133,0.0714879,0.86133,0.0714879,0.86133,0.0714879,0.86133,0.0714879,0.86133,0.0714879,0.86133,0.0714879,0.86133,0.0714879,0.86133,0.0714879,0.86133,0.0714879,0.86133,0.0714879,0.86133,0.0714879,0.861302,0.0715797,0.861302,0.0715181,0.861302,0.0715181,0.861302,0.0715797,0.861302,0.0715797,0.86133,0.0714879,0.86133,0.0714879,0.86133,0.0714879,0.86133,0.0714879,0.86133,0.0714879,0.86133,0.0714879,0.86133,0.0714879,0.86133,0.0714879,0.86133,0.0714879,0.86133,0.0714879,0.86133,0.0714879,0.86133,0.0714879,0.86133,0.0714879,0.86133,0.0714879,0.86133,0.0714879,0.86133,0.0714879,0.86133,0.0714879,0.86133,0.0714879,0.86133,0.0714879,0.86133,0.0714879,0.86133,0.0714879,0.86133,0.0714879,0.86133,0.0714879,0.86133,0.0714879,0.86133,0.0714879,0.86133,0.0714879,0.86133,0.0714879,0.86133,0.0714879,0.86133,0.0714879,0.86133,0.0714879]}}],"meshes":[{"aabb":{"min":[-3889.14,-203.906,-1318.07],"max":[-2389.14,96.0938,-1161.4]},"vertices":0,"indices":[0,1,2,3,4,5,6,7,8,9,10,11,12,13,14,14,15,16,29,30,31,31,32,33],"type":"triangles","base":0,"count":24},{"aabb":{"min":[-3889.14,-203.906,-1318.07],"max":[-2389.14,96.0938,-1161.4]},"vertices":0,"indices":[17,18,19,20,21,22,23,24,25,26,27,28,34,35,36,37,38,39,40,41,42,43,44,45,46,47,48,49,50,51,52,53,54,55,56,57],"type":"triangles","base":0,"count":36},{"aabb":{"min":[-3889.14,-203.906,-1318.07],"max":[-2389.14,96.0938,-1161.4]},"vertices":0,"indices":[58,59,60,61,62,63],"type":"triangles","base":0,"count":6}],"meshInstances":[{"node":1,"mesh":0},{"node":1,"mesh":1},{"node":1,"mesh":2}]}}