{"model":{"version":3,"nodes":[{"name":"RootNode","position":[0,0,0],"rotation":[0,0,0],"scale":[0.0254,0.0254,0.0254],"scaleCompensation":false},{"name":"LEVEL63-rampaborde","position":[0,0,0],"rotation":[-90,-0,0],"scale":[0.3937,0.3937,0.3937],"scaleCompensation":false}],"parents":[-1,0],"skins":[],"morphs":[],"vertices":[{"position":{"type":"float32","components":3,"data":[-4887.5,441.563,-1209.13,-4587.51,411.563,-1121.4,-4587.51,441.563,-1121.4,-4587.51,411.563,-1121.4,-4887.5,441.563,-1209.13,-4887.5,411.563,-1209.1,-4587.51,711.563,-1121.4,-4887.5,681.562,-1209.13,-4587.51,681.562,-1121.4,-4887.5,681.562,-1209.13,-4587.51,711.563,-1121.4,-4887.5,711.563,-1209.1,-4587.51,441.563,-1121.4,-4587.51,411.563,-1121.4,-4587.51,411.563,-1184.85,-4587.51,441.563,-1184.85,-4887.5,441.563,-1209.13,-4587.51,441.563,-1121.4,-4587.51,441.563,-1184.85,-4587.51,441.563,-1184.85,-4887.5,441.563,-1272.58,-4887.5,441.563,-1209.13,-4587.51,411.563,-1121.4,-4887.5,411.563,-1209.1,-4887.5,411.563,-1272.55,-4887.5,411.563,-1272.55,-4587.51,411.563,-1184.85,-4587.51,411.563,-1121.4,-4587.51,681.562,-1121.4,-4887.5,681.562,-1209.13,-4887.5,681.562,-1272.58,-4587.51,681.562,-1184.85,-4587.51,711.563,-1121.4,-4587.51,681.562,-1121.4,-4587.51,681.562,-1184.85,-4587.51,711.563,-1184.85,-4887.5,711.563,-1209.1,-4587.51,711.563,-1121.4,-4587.51,711.563,-1184.85,-4587.51,711.563,-1184.85,-4887.5,711.563,-1272.55,-4887.5,711.563,-1209.1,-4887.5,411.563,-1272.55,-4887.5,411.563,-1209.1,-4887.5,441.563,-1209.13,-4887.5,441.563,-1209.13,-4887.5,441.563,-1272.58,-4887.5,411.563,-1272.55,-4887.5,681.562,-1272.58,-4887.5,681.562,-1209.13,-4887.5,711.563,-1209.1,-4887.5,711.563,-1209.1,-4887.5,711.563,-1272.55,-4887.5,681.562,-1272.58,-4887.5,441.563,-1272.58,-4587.51,441.563,-1184.85,-4587.51,411.563,-1184.85,-4587.51,411.563,-1184.85,-4887.5,411.563,-1272.55,-4887.5,441.563,-1272.58,-4887.5,711.563,-1272.55,-4587.51,711.563,-1184.85,-4587.51,681.562,-1184.85,-4587.51,681.562,-1184.85,-4887.5,681.562,-1272.58,-4887.5,711.563,-1272.55]},"normal":{"type":"float32","components":3,"data":[-0.28069,-3.9054e-06,0.959798,-0.28069,-3.9054e-06,0.959798,-0.28069,-3.9054e-06,0.959798,-0.280591,0.00106915,0.959827,-0.280591,0.00106915,0.959827,-0.280591,0.00106915,0.959827,-0.280691,-3.95742e-06,0.959798,-0.280691,-3.95742e-06,0.959798,-0.280691,-3.95742e-06,0.959798,-0.280591,-0.0010779,0.959827,-0.280591,-0.0010779,0.959827,-0.280591,-0.0010779,0.959827,1,0,0,1,0,0,1,0,0,1,0,0,1.21192e-07,1,-2.40485e-07,1.21192e-07,1,-2.40485e-07,1.21192e-07,1,-2.40485e-07,9.19933e-08,1,1.20243e-07,9.19933e-08,1,1.20243e-07,9.19933e-08,1,1.20243e-07,-3.22353e-07,-1,8.41699e-07,-3.22353e-07,-1,8.41699e-07,-3.22353e-07,-1,8.41699e-07,-1.40605e-07,-1,4.80972e-07,-1.40605e-07,-1,4.80972e-07,-1.40605e-07,-1,4.80972e-07,4.21976e-07,-1,-1.44291e-06,4.21976e-07,-1,-1.44291e-06,4.21976e-07,-1,-1.44291e-06,4.21976e-07,-1,-1.44291e-06,1,0,0,1,0,0,1,0,0,1,0,0,-1.16636e-07,1,1.44291e-06,-1.16636e-07,1,1.44291e-06,-1.16636e-07,1,1.44291e-06,-1.16636e-07,1,1.44291e-06,-1.16636e-07,1,1.44291e-06,-1.16636e-07,1,1.44291e-06,-1,2.44139e-05,-2.05492e-11,-1,2.44139e-05,-2.05492e-11,-1,2.44139e-05,-2.05492e-11,-1,2.44139e-05,2.93559e-12,-1,2.44139e-05,2.93559e-12,-1,2.44139e-05,2.93559e-12,-1,-2.84821e-05,-4.10972e-11,-1,-2.84821e-05,-4.10972e-11,-1,-2.84821e-05,-4.10972e-11,-1,-2.84821e-05,-4.10972e-11,-1,-2.84821e-05,-4.10972e-11,-1,-2.84821e-05,-4.10972e-11,0.28069,0,-0.959798,0.28069,0,-0.959798,0.28069,0,-0.959798,0.280592,-0.00106915,-0.959827,0.280592,-0.00106915,-0.959827,0.280592,-0.00106915,-0.959827,0.280592,3.90542e-06,-0.959827,0.280592,3.90542e-06,-0.959827,0.280592,3.90542e-06,-0.959827,0.28069,0.00107804,-0.959798,0.28069,0.00107804,-0.959798,0.28069,0.00107804,-0.959798]},"texCoord0":{"type":"float32","components":2,"data":[0.583426,0.0940896,0.583417,0.0941883,0.583426,0.0941883,0.583417,0.0941883,0.583426,0.0940896,0.583417,0.0940896,0.583426,0.0941883,0.583417,0.0940896,0.583417,0.0941883,0.583417,0.0940896,0.583426,0.0941883,0.583426,0.0940896,0.583426,0.0941883,0.583417,0.0941883,0.583417,0.0941883,0.583426,0.0941883,0.583426,0.0940896,0.583426,0.0941883,0.583426,0.0941883,0.583426,0.0941883,0.583426,0.0940896,0.583426,0.0940896,0.583417,0.0941883,0.583417,0.0940896,0.583417,0.0940896,0.583417,0.0940896,0.583417,0.0941883,0.583417,0.0941883,0.583417,0.0941883,0.583417,0.0940896,0.583417,0.0940896,0.583417,0.0941883,0.583426,0.0941883,0.583417,0.0941883,0.583417,0.0941883,0.583426,0.0941883,0.583426,0.0940896,0.583426,0.0941883,0.583426,0.0941883,0.583426,0.0941883,0.583426,0.0940896,0.583426,0.0940896,0.583426,0.0940896,0.583426,0.0940896,0.583426,0.0940896,0.583426,0.0940896,0.583426,0.0940896,0.583426,0.0940896,0.583426,0.0940896,0.583426,0.0940896,0.583426,0.0940896,0.583426,0.0940896,0.583426,0.0940896,0.583426,0.0940896,0.583417,0.0940896,0.583417,0.0941883,0.583417,0.0941883,0.583417,0.0941883,0.583417,0.0940896,0.583417,0.0940896,0.583417,0.0940896,0.583417,0.0941883,0.583417,0.0941883,0.583417,0.0941883,0.583417,0.0940896,0.583417,0.0940896]}}],"meshes":[{"aabb":{"min":[-4887.5,411.563,-1272.58],"max":[-4587.51,711.563,-1121.4]},"vertices":0,"indices":[0,1,2,3,4,5,6,7,8,9,10,11,12,13,14,14,15,12,16,17,18,19,20,21,22,23,24,25,26,27,28,29,30,30,31,28,32,33,34,34,35,32,36,37,38,39,40,41,42,43,44,45,46,47,48,49,50,51,52,53,54,55,56,57,58,59,60,61,62,63,64,65],"type":"triangles","base":0,"count":72}],"meshInstances":[{"node":1,"mesh":0}]}}