{"model":{"version":3,"nodes":[{"name":"RootNode","position":[0,0,0],"rotation":[0,0,0],"scale":[0.0254,0.0254,0.0254],"scaleCompensation":false},{"name":"golf_hielo_piedragrandeB","position":[0,3.34473e-05,0],"rotation":[-90,-0,0],"scale":[1,1,1],"scaleCompensation":false}],"parents":[-1,0],"skins":[],"morphs":[],"vertices":[{"position":{"type":"float32","components":3,"data":[-197.025,58.4421,76.4415,-166.63,43.6316,161.098,-177.528,89.6064,57.4483,-128.96,-56.3076,-3.92937,-197.025,58.4421,76.4415,-161.552,70.8013,-3.91175,-166.63,43.6316,161.098,-119.856,-70.9307,122.133,-99.3486,-72.9785,136.578,-99.3486,-72.9785,136.578,-159.937,41.2664,170.62,-166.63,43.6316,161.098,-166.481,110.907,-3.88823,163.789,162.953,91.2935,97.2042,117.18,-3.83574,164.306,92.5198,174.656,149.034,132.668,187.734,138.452,-58.4854,160.132,197.025,54.0293,71.9232,171.054,146.383,67.5888,163.789,162.953,91.2935,163.789,162.953,91.2935,196.631,55.8896,87.7093,197.025,54.0293,71.9232,196.631,55.8896,87.7093,164.306,92.5198,174.656,138.452,-58.4854,160.132,196.631,55.8896,87.7093,138.452,-58.4854,160.132,151.587,-127.664,125.9,138.452,-58.4854,160.132,149.034,132.668,187.734,135.246,124.506,195.527,135.246,124.506,195.527,125.349,-54.231,169.717,138.452,-58.4854,160.132,-99.8606,-129.596,-3.91091,-88.0582,-162.953,97.4403,-112.857,-150.478,93.1869,-88.0582,-162.953,97.4403,-119.856,-70.9307,122.133,-112.857,-150.478,93.1869,-166.63,43.6316,161.098,-197.025,58.4421,76.4415,-119.856,-70.9307,122.133,155.147,-90.7456,-3.93686,184.978,-92.2886,75.7458,151.587,-127.664,125.9,151.587,-127.664,125.9,130.676,-103.306,-3.89303,155.147,-90.7456,-3.93686,197.025,54.0293,71.9232,196.631,55.8896,87.7093,151.587,-127.664,125.9,151.587,-127.664,125.9,184.978,-92.2886,75.7458,197.025,54.0293,71.9232,196.631,55.8896,87.7093,170.337,109.984,168.803,164.306,92.5198,174.656,155.147,-90.7456,-3.93686,157.883,76.2812,-3.82753,197.025,54.0293,71.9232,197.025,54.0293,71.9232,184.978,-92.2886,75.7458,155.147,-90.7456,-3.93686,163.789,162.953,91.2935,170.337,109.984,168.803,196.631,55.8896,87.7093,-110.971,129.092,161.727,-166.63,43.6316,161.098,-159.937,41.2664,170.62,-159.937,41.2664,170.62,-107.89,121.16,171.208,-110.971,129.092,161.727,157.883,76.2812,-3.82753,171.054,146.383,67.5888,197.025,54.0293,71.9232,163.789,162.953,91.2935,156.758,146.224,177.036,170.337,109.984,168.803,149.034,132.668,187.734,164.306,92.5198,174.656,170.337,109.984,168.803,170.337,109.984,168.803,156.758,146.224,177.036,149.034,132.668,187.734,-110.971,129.092,161.727,149.034,132.668,187.734,156.758,146.224,177.036,163.789,162.953,91.2935,-110.971,129.092,161.727,156.758,146.224,177.036,97.2042,117.18,-3.83574,171.054,146.383,67.5888,157.883,76.2812,-3.82753,97.2042,117.18,-3.83574,163.789,162.953,91.2935,171.054,146.383,67.5888,151.587,-127.664,125.9,138.452,-58.4854,160.132,125.349,-54.231,169.717,125.349,-54.231,169.717,137.633,-118.939,137.706,151.587,-127.664,125.9,163.789,162.953,91.2935,-166.481,110.907,-3.88823,-110.971,129.092,161.727,-166.481,110.907,-3.88823,-177.528,89.6064,57.4483,-166.63,43.6316,161.098,-166.63,43.6316,161.098,-110.971,129.092,161.727,-166.481,110.907,-3.88823,-161.552,70.8013,-3.91175,-177.528,89.6064,57.4483,-166.481,110.907,-3.88823,-197.025,58.4421,76.4415,-177.528,89.6064,57.4483,-161.552,70.8013,-3.91175,-88.0582,-162.953,97.4403,151.587,-127.664,125.9,137.633,-118.939,137.706,137.633,-118.939,137.706,-86.2556,-152.728,122.338,-88.0582,-162.953,97.4403,149.034,132.668,187.734,-110.971,129.092,161.727,-107.89,121.16,171.208,-107.89,121.16,171.208,135.246,124.506,195.527,149.034,132.668,187.734,-119.856,-70.9307,122.133,-197.025,58.4421,76.4415,-112.857,-150.478,93.1869,-99.8606,-129.596,-3.91091,130.676,-103.306,-3.89303,151.587,-127.664,125.9,151.587,-127.664,125.9,-88.0582,-162.953,97.4403,-99.8606,-129.596,-3.91091,-112.857,-150.478,93.1869,-197.025,58.4421,76.4415,-128.96,-56.3076,-3.92937,-128.96,-56.3076,-3.92937,-99.8606,-129.596,-3.91091,-112.857,-150.478,93.1869,-107.89,121.16,171.208,-159.937,41.2664,170.62,-112.661,103.999,197.416,125.349,-54.231,169.717,-112.661,103.999,197.416,-99.3486,-72.9785,136.578,135.246,124.506,195.527,-112.661,103.999,197.416,125.349,-54.231,169.717,-112.661,103.999,197.416,135.246,124.506,195.527,-107.89,121.16,171.208,137.633,-118.939,137.706,125.349,-54.231,169.717,-99.3486,-72.9785,136.578,-99.3486,-72.9785,136.578,-86.2556,-152.728,122.338,137.633,-118.939,137.706,-159.937,41.2664,170.62,-99.3486,-72.9785,136.578,-112.661,103.999,197.416,-119.856,-70.9307,122.133,-88.0582,-162.953,97.4403,-86.2556,-152.728,122.338,-86.2556,-152.728,122.338,-99.3486,-72.9785,136.578,-119.856,-70.9307,122.133]},"normal":{"type":"float32","components":3,