{"model":{"version":3,"nodes":[{"name":"RootNode","position":[0,0,0],"rotation":[0,0,0],"scale":[0.0254,0.0254,0.0254],"scaleCompensation":false},{"name":"LEVEL23-rampas","position":[0,0,0],"rotation":[-90,-0,0],"scale":[1,1,1],"scaleCompensation":false}],"parents":[-1,0],"skins":[],"morphs":[],"vertices":[{"position":{"type":"float32","components":3,"data":[-1767.72,44.8445,-457.282,-1767.72,44.8445,-464.763,-1767.72,385.398,-464.763,-1767.72,385.398,-464.763,-1767.72,385.398,-457.282,-1767.72,44.8445,-457.282,-1885.48,44.8446,-509.251,-1767.72,44.8445,-457.282,-1767.72,385.398,-457.282,-1767.72,385.398,-457.282,-1885.48,385.398,-509.251,-1885.48,44.8446,-509.251,-1830.15,149.834,-498.68,-1830.15,150.996,-498.68,-1831.31,149.834,-498.851,-1831.31,150.996,-498.851,-1831.31,149.834,-498.851,-1830.15,150.996,-498.68,-1831.31,150.996,-498.851,-1830.15,150.996,-498.68,-1831.31,150.996,-498.926,-1830.15,150.996,-498.86,-1831.31,150.996,-498.926,-1830.15,150.996,-498.68,-1830.15,149.834,-498.86,-1831.31,149.834,-498.926,-1830.15,150.996,-498.86,-1831.31,149.834,-498.926,-1831.31,150.996,-498.926,-1830.15,150.996,-498.86,-1831.31,149.834,-498.851,-1831.31,149.834,-498.926,-1830.15,149.834,-498.68,-1830.15,149.834,-498.86,-1830.15,149.834,-498.68,-1831.31,149.834,-498.926,-1830.15,149.834,-498.86,-1830.15,150.996,-498.86,-1830.15,149.834,-498.68,-1830.15,150.996,-498.68,-1828.27,150.159,-498.841,-1828.68,150.478,-498.843,-1828.56,150.166,-498.841,-1828.27,150.159,-498.841,-1828.43,150.701,-498.841,-1828.68,150.478,-498.843,-1828.27,150.159,-498.841,-1828.21,150.628,-498.838,-1828.43,150.701,-498.841,-1828.27,150.159,-498.841,-1828.11,150.416,-498.841,-1828.21,150.628,-498.838]},"normal":{"type":"float32","components":3,"data":[1,-1.07534e-06,5.48383e-13,1,-1.07534e-06,5.48383e-13,1,-1.07534e-06,5.48383e-13,1,-1.07534e-06,0,1,-1.07534e-06,0,1,-1.07534e-06,0,-0.403736,1.88203e-07,0.914875,-0.403736,1.88203e-07,0.914875,-0.403736,1.88203e-07,0.914875,-0.403736,-8.19836e-08,0.914876,-0.403736,-8.19836e-08,0.914876,-0.403736,-8.19836e-08,0.914876,-0.145561,0,0.989349,-0.145561,0,0.989349,-0.145561,0,0.989349,-0.145561,0,0.989349,-0.145561,0,0.989349,-0.145561,0,0.989349,0,1,0,0,1,0,0,1,0,0,1,0,0,1,0,0,1,0,0.0563467,0,-0.998411,0.0563467,0,-0.998411,0.0563467,0,-0.998411,0.0563467,0,-0.998411,0.0563467,0,-0.998411,0.0563467,0,-0.998411,0,-1,0,0,-1,0,0,-1,0,0,-1,0,0,-1,0,0,-1,0,1,0,0,1,0,0,1,0,0,1,0,0,0.000161716,0.00681552,0.999977,0.000161716,0.00681552,0.999977,0.000161716,0.00681552,0.999977,-0.00663334,-0.00194005,0.999976,-0.00663334,-0.00194005,0.999976,-0.00663334,-0.00194005,0.999976,-0.0180089,-0.00526703,0.999824,-0.0180089,-0.00526703,0.999824,-0.0180089,-0.00526703,0.999824,0.0147414,-0.00904953,0.99985,0.0147414,-0.00904954,0.99985,0.0147414,-0.00904954,0.99985]},"texCoord0":{"type":"float32","components":2,"data":[0.861324,0.0714892,0.861324,0.0714892,0.861324,0.0714904,0.861324,0.0714904,0.861324,0.0714904,0.861324,0.0714892,49.4599,52.0089,50.4581,52.0089,50.4581,54.8956,50.4581,54.8956,49.4599,54.8956,49.4599,52.0089,-123.307,133.843,-123.307,134.844,-124.308,133.843,-124.308,134.844,-124.308,133.843,-123.307,134.844,0.861144,0.0715796,0.861242,0.0715796,0.861144,0.0715796,0.861242,0.0715796,0.861144,0.0715796,0.861242,0.0715796,0.861242,0.0714822,0.861144,0.0714822,0.861242,0.0715796,0.861144,0.0714822,0.861144,0.0715796,0.861242,0.0715796,0.861144,0.0714822,0.861144,0.0714822,0.861242,0.0714822,0.861242,0.0714822,0.861242,0.0714822,0.861144,0.0714822,0.861242,0.0714822,0.861242,0.0715796,0.861242,0.0714822,0.861242,0.0715796,0.700103,0.380124,0.29116,0.380124,0.328708,0.331223,0.700103,0.380124,0.29116,0.616226,0.267595,0.559288,0.700103,0.380124,0.495632,0.734272,0.434548,0.726234,0.700103,0.380124,0.700103,0.616226,0.662596,0.665121]}}],"meshes":[{"aabb":{"min":[-1885.48,44.8445,-509.251],"max":[-1767.72,385.398,-457.282]},"vertices":0,"indices":[6,7,8,9,10,11,12,13,14,15,16,17],"type":"triangles","base":0,"count":12},{"aabb":{"min":[-1885.48,44.8445,-509.251],"max":[-1767.72,385.398,-457.282]},"vertices":0,"indices":[0,1,2,3,4,5,18,19,20,21,22,23,24,25,26,27,28,29,30,31,32,33,34,35,36,37,38,39,38,37],"type":"triangles","base":0,"count":30},{"aabb":{"min":[-1885.48,44.8445,-509.251],"max":[-1767.72,385.398,-457.282]},"vertices":0,"indices":[40,41,42,43,44,45,46,47,48,49,50,51],"type":"triangles","base":0,"count":12}],"meshInstances":[{"node":1,"mesh":0},{"node":1,"mesh":1},{"node":1,"mesh":2}]}}