{"model":{"version":3,"nodes":[{"name":"RootNode","position":[0,0,0],"rotation":[0,0,0],"scale":[0.0254,0.0254,0.0254],"scaleCompensation":false},{"name":"Mesh1 Narrow_round Model 90","position":[0,0,0],"rotation":[-90,0,0],"scale":[1,1,1],"scaleCompensation":false}],"parents":[-1,0],"skins":[],"morphs":[],"vertices":[{"position":{"type":"float32","components":3,"data":[-59.055,-59.0549,17.3228,-59.055,-47.2441,17.3228,-59.055,-47.2441,7.48032,-59.055,-47.2441,8.37747e-06,-59.055,-59.0549,7.0399e-06,59.055,-59.0549,-2.74558e-05,59.055,-59.0549,17.3228,-59.055,-59.0549,17.3228,-59.055,-59.0549,7.0399e-06,-3.8147e-06,-27.5591,17.3228,-59.055,-47.2441,17.3228,-59.055,-59.0549,17.3228,59.055,-59.0549,17.3228,59.055,-47.2441,17.3228,59.055,-59.0549,-2.74558e-05,59.055,-47.2441,-2.49449e-05,59.055,-47.2441,7.48029,59.055,-47.2441,17.3228,59.055,-59.0549,17.3228,-3.8147e-06,-27.5591,17.3228,-7.62939e-06,-27.5591,7.48031,-59.055,-47.2441,7.48032,-59.055,-47.2441,17.3228,59.055,-47.2441,17.3228,59.055,-47.2441,7.48029,-7.62939e-06,-27.5591,7.48031,-3.8147e-06,-27.5591,17.3228,-59.055,59.0549,17.3229,-59.0549,59.0549,2.56958e-05,-59.055,47.2441,2.37716e-05,-59.055,47.2441,7.48034,-59.055,47.2441,17.3229,3.8147e-06,27.5591,17.3228,59.055,47.2441,17.3228,59.055,59.0549,17.3228,-59.055,59.0549,17.3229,-59.055,47.2441,17.3229,3.8147e-06,27.5591,17.3228,3.8147e-06,27.5591,7.48032,59.055,47.2441,7.48031,59.055,47.2441,17.3228,59.055,47.2441,17.3228,59.055,47.2441,7.48031,59.055,47.2441,-9.55079e-06,59.055,59.0549,-8.79989e-06,59.055,59.0549,17.3228,-59.055,59.0549,17.3229,59.055,59.0549,17.3228,59.055,59.0549,-8.79989e-06,-59.0549,59.0549,2.56958e-05,-59.055,47.2441,17.3229,-59.055,47.2441,7.48034,3.8147e-06,27.5591,7.48032,3.8147e-06,27.5591,17.3228]},"normal":{"type":"float32","components":3,"data":[-1,-1.42852e-07,-1.7142e-07,-1,-3.22984e-07,-3.87573e-07,-1,-9.00656e-08,-1.08077e-07,-1,0,0,-1,0,0,-6.72662e-14,-1,-2.20212e-07,-6.75676e-14,-1,-2.20212e-07,-6.46175e-14,-1,-2.20212e-07,-6.43161e-14,-1,-2.20212e-07,3.0683e-07,-2.0516e-07,1,2.79916e-07,-1.61492e-07,1,2.88311e-07,-1.77232e-07,1,3.25349e-07,-1.77233e-07,1,3.33743e-07,-1.61492e-07,1,1,-6.45968e-07,-1.1919e-13,1,-6.45969e-07,0,1,-6.45968e-07,-1.70173e-13,1,-6.45968e-07,-1.83436e-13,1,-6.45969e-07,-1.4225e-13,1.59992e-07,1,6.44864e-09,1.39993e-07,1,2.57948e-08,-0.316228,0.948683,2.32887e-07,-0.316228,0.948683,2.45122e-07,0.316229,0.948683,3.18742e-07,0.316229,0.948683,3.67684e-07,1.39993e-07,1,2.57948e-08,1.59992e-07,1,6.44864e-09,-1,9.80118e-09,-1.52686e-07,-1,1.29194e-06,-6.60636e-07,-1,6.79754e-08,1.73866e-07,-1,-1.47532e-06,9.952e-07,-1,-3.22984e-07,-3.87573e-07,3.0683e-07,-1.52756e-07,1,3.12214e-07,-1.61492e-07,1,3.10534e-07,-1.58343e-07,1,3.03125e-07,-1.58343e-07,1,3.01446e-07,-1.61492e-07,1,-3.19985e-07,-1,-1.93461e-08,-9.99952e-08,-1,-2.57948e-08,0.316228,-0.948683,-3.30978e-07,0.316228,-0.948683,-3.67684e-07,1,1.9994e-07,-8.38919e-08,-0.605083,0.796162,3.08571e-07,1,1.40006e-14,-2.20212e-07,1,1.23044e-07,-1.3632e-07,1,3.22984e-07,7.11249e-14,-3.22978e-08,1,2.20212e-07,-3.22978e-08,1,2.20212e-07,-3.22978e-08,1,2.20212e-07,-3.22978e-08,1,2.20212e-07,-0.316229,-0.948683,-4.41304e-07,-0.316229,-0.948683,-4.90246e-07,-9.99952e-08,-1,-2.57948e-08,-3.19985e-07,-1,-1.93461e-08]},"texCoord0":{"type":"float32","components":2,"data":[0.31378,0.111244,0.31377,0.111244,0.31377,0.111236,0.31377,0.11123,0.31378,0.11123,0.31378,0.111242,0.313769,0.111242,0.313769,0.11132,0.31378,0.11132,0.113775,0.501609,0.11377,0.501618,0.113764,0.501618,0.113764,0.501561,0.11377,0.501561,0.313778,0.111262,0.313778,0.111269,0.313774,0.111269,0.313769,0.111269,0.313769,0.111262,0.313778,0.111243,0.313773,0.111243,0.313773,0.111239,0.313778,0.111239,0.313778,0.111303,0.313773,0.111303,0.313773,0.111298,0.313778,0.111298,0.31377,0.111244,0.31377,0.11123,0.313779,0.11123,0.313779,0.111236,0.313779,0.111244,0.113765,0.501561,0.113765,0.501561,0.113765,0.501561,0.113765,0.501561,0.113765,0.501561,0.313778,0.111298,0.313773,0.111298,0.313773,0.111303,0.313778,0.111303,0.313768,0.111282,0.313768,0.111273,0.313768,0.111265,0.31378,0.111265,0.31378,0.111282,0.313769,0.11132,0.313769,0.111242,0.31378,0.111242,0.31378,0.11132,0.313778,0.111239,0.313773,0.111239,0.313773,0.111243,0.313778,0.111243]}}],"meshes":[{"aabb":{"min":[-59.055,-59.0549,-2.74558e-05],"max":[59.055,59.0549,17.3229]},"vertices":0,"indices":[0,1,2,0,2,3,0,3,4,5,6,7,7,8,5,9,10,11,9,11,12,9,12,13,14,15,16,14,16,17,14,17,18,19,20,21,21,22,19,23,24,25,25,26,23,27,28,29,27,29,30,27,30,31,32,33,34,32,34,35,32,35,36,37,38,39,39,40,37,41,42,43,41,43,44,41,44,45,46,47,48,48,49,46,50,51,52,52,53,50],"type":"triangles","base":0,"count":90}],"meshInstances":[{"node":1,"mesh":0}]}}