{"model":{"version":3,"nodes":[{"name":"RootNode","position":[0,0,0],"rotation":[0,0,0],"scale":[0.01,0.01,0.01],"scaleCompensation":false},{"name":"MSG-GREAT","position":[0,0,0],"rotation":[-90,-0,0],"scale":[1.19455,1.19455,1.19455],"scaleCompensation":false}],"parents":[-1,0],"skins":[],"morphs":[],"vertices":[{"position":{"type":"float32","components":3,"data":[-744.619,9.26983e-06,250,-742.47,9.07302e-05,-250,744.619,9.26983e-06,250,742.47,9.07302e-05,-250]},"normal":{"type":"float32","components":3,"data":[0,-1,-1.62921e-07,0,-1,-1.62921e-07,0,-1,-1.62921e-07,0,-1,-1.62921e-07]},"texCoord0":{"type":"float32","components":2,"data":[0.253469,0.666667,0.254185,0.333333,0.749882,0.666667,0.749165,0.333333]}}],"meshes":[{"aabb":{"min":[-744.619,9.26983e-06,-250],"max":[744.619,9.07302e-05,250]},"vertices":0,"indices":[0,1,2,3,2,1],"type":"triangles","base":0,"count":6}],"meshInstances":[{"node":1,"mesh":0}]}}