{"model":{"version":3,"nodes":[{"name":"RootNode","position":[0,0,0],"rotation":[0,0,0],"scale":[0.0254,0.0254,0.0254],"scaleCompensation":false},{"name":"Mesh1 Ramp_sharp Model","position":[0,0,0],"rotation":[-90,0,0],"scale":[1,1,1],"scaleCompensation":false}],"parents":[-1,0],"skins":[],"morphs":[],"vertices":[{"position":{"type":"float32","components":3,"data":[-59.055,59.0549,17.3229,-47.2441,59.0549,17.3229,-47.2441,59.0549,7.48033,-47.2441,59.0549,1.98292e-05,-59.055,59.0549,2.04159e-05,-59.055,-59.0549,-1.98292e-05,-59.055,-59.0549,17.3228,-59.055,59.0549,17.3229,-59.055,59.0549,2.04159e-05,-47.2441,59.0549,17.3229,-59.055,59.0549,17.3229,-59.055,-59.0549,17.3228,-47.2441,-59.0549,17.3228,-47.2441,59.0549,17.3229,-47.2441,-59.0549,17.3228,-47.2441,29.5275,17.3228,59.055,59.0549,17.3229,47.2441,59.0549,17.3229,47.2441,29.5275,17.3228,47.2441,-59.0549,17.3228,59.055,-59.0549,17.3228,59.055,-59.0549,17.3228,47.2441,-59.0549,17.3228,47.2441,-59.0549,7.4803,47.2441,-59.0549,-1.92425e-05,59.055,-59.0549,-1.92425e-05,59.055,59.0549,1.98292e-05,59.055,59.0549,17.3229,59.055,-59.0549,17.3228,59.055,-59.0549,-1.92425e-05,-59.055,-59.0549,-1.98292e-05,-47.2441,-59.0549,-1.92425e-05,-47.2441,-59.0549,7.4803,-47.2441,-59.0549,17.3228,-59.055,-59.0549,17.3228,-47.2441,-59.0549,17.3228,-47.2441,-59.0549,7.4803,-47.2441,-29.5276,7.48031,-47.2441,29.5275,17.3228,-47.2441,29.5275,7.48033,-47.2441,-29.5276,7.48031,-47.2441,29.5275,17.3228,47.2441,59.0549,17.3229,47.2441,59.0549,7.48033,47.2441,29.5275,7.48033,47.2441,29.5275,17.3228,-47.2441,59.0549,7.48033,-47.2441,59.0549,17.3229,-47.2441,29.5275,7.48033,59.055,59.0549,17.3229,59.055,59.0549,1.98292e-05,47.2441,59.0549,1.98292e-05,47.2441,59.0549,7.48033,47.2441,59.0549,17.3229,47.2441,-59.0549,7.4803,47.2441,-59.0549,17.3228,47.2441,-29.5276,7.48031]},"normal":{"type":"float32","components":3,"data":[-5.70873e-08,1,2.55312e-07,0,1,3.87573e-07,-2.32917e-07,1,1.08077e-07,-1.23044e-07,1,1.3632e-07,1.09382e-14,1,2.20212e-07,-1,0,0,-1,0,0,-1,0,0,-1,0,0,0,-3.22979e-07,1,0,-3.22979e-07,1,0,-3.22979e-07,1,0,-3.22979e-07,1,-1,0,0,-1,0,0,-1,0,0,3.84958e-08,-2.77881e-07,1,0,-2.58384e-07,1,1.8924e-07,-3.34079e-07,1,1.3662e-08,-3.24345e-07,1,0,-3.22979e-07,1,-1.14175e-07,-1,-5.10623e-07,0,-1,-7.75147e-07,-4.65835e-07,-1,-2.16154e-07,-2.46088e-07,-1,-2.7264e-07,0,-1,-4.40424e-07,1,0,0,1,0,0,1,0,0,1,0,0,1.27456e-07,-1,-3.69027e-07,0,-1,0,3.33693e-07,-1,-5.26875e-07,1.87027e-07,-1,-5.6794e-07,0,-1,-4.40424e-07,1,0,0,1,0,0,1,0,0,1,0,0,-1,0,0,-1,0,0,-1,0,0,-1,0,0,-1,0,0,-1,0,0,-1,0,0,1,0,0,1,0,0,1,0,0,5.70874e-08,1,2.55312e-07,0,1,2.20212e-07,1.23044e-07,1,1.3632e-07,2.32918e-07,1,1.08077e-07,0,1,3.87573e-07,-1,0,0,-1,0,0,-1,0,0]},"texCoord0":{"type":"float32","components":2,"data":[0.313769,0.111247,0.313769,0.111254,0.313774,0.111254,0.313778,0.111254,0.313778,0.111247,0.313769,0.111306,0.313778,0.111306,0.313778,0.111242,0.313769,0.111242,0.113774,0.501637,0.113765,0.501637,0.113765,0.501538,0.113774,0.501538,0.113774,0.501637,0.113774,0.501538,0.113774,0.501612,0.113774,0.501637,0.113765,0.501637,0.113765,0.501612,0.113765,0.501538,0.113774,0.501538,0.313769,0.111311,0.313769,0.111305,0.313774,0.111305,0.313778,0.111305,0.313778,0.111311,0.313769,0.111242,0.313778,0.111242,0.313778,0.111307,0.313769,0.111307,0.313778,0.111247,0.313778,0.111254,0.313774,0.111254,0.313769,0.111254,0.313769,0.111247,0.313778,0.111306,0.313773,0.111306,0.313773,0.111289,0.313778,0.111257,0.313785,0.11132,0.313785,0.11132,0.313785,0.11132,0.313778,0.111243,0.313773,0.111243,0.313773,0.111259,0.313778,0.111259,0.313773,0.111241,0.313778,0.111241,0.313773,0.111257,0.31378,0.111325,0.31378,0.111308,0.313769,0.111308,0.313769,0.111315,0.313769,0.111325,0.313773,0.111308,0.313778,0.111308,0.313773,0.111291]}}],"meshes":[{"aabb":{"min":[-59.055,-59.0549,-1.98292e-05],"max":[59.055,59.0549,17.3229]},"vertices":0,"indices":[0,1,2,0,2,3,0,3,4,5,6,7,7,8,5,9,10,11,9,11,12,13,14,15,16,17,18,16,18,19,16,19,20,21,22,23,21,23,24,21,24,25,26,27,28,28,29,26,30,31,32,30,32,33,30,33,34,35,36,37,37,38,35,39,40,41,42,43,44,44,45,42,46,47,38,38,48,46,49,50,51,49,51,52,49,52,53,54,55,45,45,56,54],"type":"triangles","base":0,"count":93}],"meshInstances":[{"node":1,"mesh":0}]}}