{"model":{"version":3,"nodes":[{"name":"RootNode","position":[0,0,0],"rotation":[0,0,0],"scale":[0.0254,0.0254,0.0254],"scaleCompensation":false},{"name":"Mesh1 Gap Model","position":[0,0,0],"rotation":[-90,-0,0],"scale":[1,1,1],"scaleCompensation":false}],"parents":[-1,0],"skins":[],"morphs":[],"vertices":[{"position":{"type":"float32","components":3,"data":[59.0571,-59.0571,17.3234,47.2457,-59.0571,17.3234,47.2457,-59.0571,1.33514e-05,47.2457,-59.0571,1.33514e-05,59.0571,-59.0571,1.34936e-05,59.0571,-59.0571,1.34936e-05,59.0571,59.0571,-1.4667e-05,59.0571,59.0571,17.3234,59.0571,-59.0571,17.3234,47.2457,59.0571,17.3234,47.2457,-59.0571,17.3234,59.0571,-59.0571,17.3234,59.0571,59.0571,17.3234,59.0571,59.0571,17.3234,59.0571,59.0571,-1.4667e-05,47.2457,59.0571,-1.4667e-05,47.2457,59.0571,-1.4667e-05,47.2457,59.0571,17.3234,47.2457,-59.0571,17.3234,47.2457,59.0571,17.3234,47.2457,59.0571,-1.4667e-05,47.2457,59.0571,-1.4667e-05,47.2457,-59.0571,1.33514e-05,-59.0571,-59.0571,17.3234,-59.0571,-59.0571,1.34936e-05,-47.2457,-59.0571,1.34936e-05,-47.2457,-59.0571,7.48058,-47.2457,-59.0571,17.3234,-59.0571,-59.0571,17.3234,-47.2457,-59.0571,17.3234,-47.2457,59.0571,17.3234,-59.0571,59.0571,17.3234,-47.2457,59.0571,17.3234,-47.2457,59.0571,-1.4667e-05,-59.0571,59.0571,-1.4667e-05,-59.0571,59.0571,17.3234,-59.0571,-59.0571,17.3234,-59.0571,59.0571,17.3234,-59.0571,59.0571,-1.4667e-05,-59.0571,-59.0571,1.34936e-05,-47.2457,-59.0571,7.48058,-47.2457,-59.0571,1.34936e-05,-47.2457,59.0571,-1.4667e-05,-47.2457,59.0571,-1.4667e-05,-47.2457,59.0571,17.3234,-47.2457,-59.0571,17.3234]},"normal":{"type":"float32","components":3,"data":[0,-1,0,0,-1,0,0,-1,3.68024e-07,0,-1,0,0,-1,0,1,0,0,1,0,0,1,0,0,1,0,0,0,0,1,0,0,1,0,0,1,0,0,1,0,1,0,0,1,0,0,1,-1.94293e-07,6.45935e-07,1,-4.40409e-07,0,1,0,-1,0,0,-1,0,0,-1,1.29187e-07,-5.68951e-14,-1,1.29187e-07,-5.68951e-14,-1,0,0,0,-1,0,0,-1,2.20399e-07,0,-1,3.30598e-07,-0.447601,-0.894233,0,0,-1,0,0,0,1,0,0,1,0,0,1,0,0,1,0,1,0,0,1,-2.20399e-07,0,1,-2.20399e-07,0,1,0,-1,0,0,-1,0,0,-1,0,0,-1,0,0,1,0,0,1,0,0,1,0,0,1,0,0,1,0,0,1,0,0]},"texCoord0":{"type":"float32","components":2,"data":[0.313769,0.111284,0.313769,0.11129,0.313774,0.11129,0.313778,0.11129,0.313778,0.111284,0.313769,0.111239,0.313769,0.111303,0.313778,0.111303,0.313778,0.111239,0.113774,0.501538,0.113774,0.501637,0.113765,0.501637,0.113765,0.501538,0.313769,0.111325,0.313769,0.111308,0.31378,0.111308,0.31378,0.111315,0.31378,0.111325,0.313778,0.111239,0.313778,0.111303,0.313773,0.111303,0.313773,0.111303,0.313773,0.111239,0.313769,0.111264,0.313778,0.111264,0.313778,0.111258,0.313774,0.111258,0.313769,0.111258,0.113774,0.501637,0.113765,0.501637,0.113765,0.501538,0.113774,0.501538,0.313769,0.111258,0.313778,0.111258,0.313778,0.111264,0.313769,0.111264,0.313778,0.111239,0.313778,0.111303,0.313769,0.111303,0.313769,0.111239,0.313774,0.111258,0.313778,0.111258,0.313778,0.111258,0.313774,0.111258,0.313769,0.111258,0.313769,0.111258]}}],"meshes":[{"aabb":{"min":[-59.0571,-59.0571,-1.4667e-05],"max":[59.0571,59.0571,17.3234]},"vertices":0,"indices":[0,1,2,0,3,4,5,6,7,7,8,5,9,10,11,11,12,9,13,14,15,13,16,17,18,19,20,21,22,18,23,24,25,23,25,26,23,26,27,28,29,30,30,31,28,32,33,34,32,34,35,36,37,38,38,39,36,40,41,42,43,44,45,45,40,43],"type":"triangles","base":0,"count":66}],"meshInstances":[{"node":1,"mesh":0}]}}