{"model":{"version":3,"nodes":[{"name":"RootNode","position":[0,0,0],"rotation":[0,0,0],"scale":[0.0254,0.0254,0.0254],"scaleCompensation":false},{"name":"golf_bosque_piedramediaA","position":[0,0,0],"rotation":[-90,-0,0],"scale":[1,1,1],"scaleCompensation":false}],"parents":[-1,0],"skins":[],"morphs":[],"vertices":[{"position":{"type":"float32","components":3,"data":[-51.4989,-19.8024,-3.44854,-40.7317,-15.8185,22.9459,-54.5711,-7.70074,-3.45131,-39.8355,27.6558,23.169,-40.7317,-15.8185,22.9459,-31.8291,23.1651,33.119,41.3673,18.3248,27.7589,17.7835,32.899,32.402,34.5105,2.20013,22.603,54.133,18.329,-3.44703,41.3673,18.3248,27.7589,34.5105,2.20013,22.603,54.133,18.329,-3.44703,34.5105,2.20013,22.603,54.5712,-10.8179,-3.44164,34.5105,2.20013,22.603,-31.8291,23.1651,33.119,-0.642067,-33.4911,14.3505,28.4053,-45.0345,-3.44564,-0.642067,-33.4911,14.3505,19.5227,-48.1907,-3.44619,-40.7317,-15.8185,22.9459,-51.4989,-19.8024,-3.44854,-0.642067,-33.4911,14.3505,54.133,18.329,-3.44703,41.566,24.5948,25.681,41.3673,18.3248,27.7589,20.2166,48.1907,-3.44647,41.566,24.5948,25.681,54.133,18.329,-3.44703,17.7835,32.899,32.402,-31.8291,23.1651,33.119,34.5105,2.20013,22.603,20.2166,48.1907,-3.44647,17.9036,40.9998,28.604,41.566,24.5948,25.681,17.7835,32.899,32.402,41.3673,18.3248,27.7589,41.566,24.5948,25.681,41.566,24.5948,25.681,17.9036,40.9998,28.604,17.7835,32.899,32.402,-39.8355,27.6558,23.169,17.7835,32.899,32.402,17.9036,40.9998,28.604,20.2166,48.1907,-3.44647,-39.8355,27.6558,23.169,17.9036,40.9998,28.604,-31.8291,23.1651,33.119,17.7835,32.899,32.402,-39.8355,27.6558,23.169,20.2166,48.1907,-3.44647,-49.7651,35.0308,-3.4502,-39.8355,27.6558,23.169,-54.5711,-7.70074,-3.45131,-40.7317,-15.8185,22.9459,-39.8355,27.6558,23.169,-39.8355,27.6558,23.169,-49.7651,35.0308,-3.4502,-54.5711,-7.70074,-3.45131,34.5105,2.20013,22.603,-0.642067,-33.4911,14.3505,28.4053,-45.0345,-3.44564,28.4053,-45.0345,-3.44564,54.5712,-10.8179,-3.44164,34.5105,2.20013,22.603,-40.7317,-15.8185,22.9459,-0.642067,-33.4911,14.3505,-31.8291,23.1651,33.119,-0.642067,-33.4911,14.3505,-51.4989,-19.8024,-3.44854,19.5227,-48.1907,-3.44619]},"normal":{"type":"float32","components":3,"data":[-0.889628,-0.225753,0.396986,-0.889628,-0.225753,0.396986,-0.889628,-0.225753,0.396986,-0.776207,0.0127656,0.630348,-0.776207,0.0127656,0.630348,-0.776207,0.0127656,0.630348,-0.000547361,-0.304351,0.95256,-0.000547361,-0.304351,0.95256,-0.000547362,-0.304351,0.95256,0.822986,-0.457592,0.336605,0.822986,-0.457592,0.336605,0.822986,-0.457592,0.336605,0.795086,0.012064,0.606377,0.795086,0.012064,0.606377,0.795086,0.012064,0.606377,0.0623731,-0.282746,0.957165,0.0623731,-0.282747,0.957165,0.0623731,-0.282747,0.957165,0.21883,-0.615996,0.756744,0.21883,-0.615996,0.756744,0.21883,-0.615996,0.756744,-0.338185,-0.900352,0.273856,-0.338185,-0.900352,0.273856,-0.338185,-0.900352,0.273856,0.921297,0.0957101,0.376898,0.921297,0.0957101,0.376898,0.921297,0.0957101,0.376898,0.655823,0.744873,0.122718,0.655823,0.744873,0.122718,0.655823,0.744873,0.122718,0.0668841,-0.270142,0.960494,0.0668841,-0.270142,0.960494,0.0668841,-0.270142,0.960494,0.574076,0.789116,0.218477,0.574076,0.789116,0.218477,0.574076,0.789116,0.218477,0.351398,0.284466,0.891963,0.351398,0.284466,0.891963,0.351398,0.284466,0.891963,0.373813,0.389175,0.841906,0.373813,0.389175,0.841906,0.373813,0.389175,0.841906,-0.180724,0.419706,0.889486,-0.180724,0.419706,0.889486,-0.180724,0.419706,0.889486,-0.238291,0.951167,0.19621,-0.238291,0.951167,0.19621,-0.238291,0.951167,0.19621,-0.158586,0.84582,0.509351,-0.158586,0.84582,0.509351,-0.158586,0.84582,0.509351,-0.174923,0.930113,0.322941,-0.174923,0.930113,0.322941,-0.174923,0.930113,0.322941,-0.883544,0.0158111,0.468082,-0.883544,0.0158111,0.468082,-0.883544,0.0158111,0.468082,-0.922135,0.103702,0.372709,-0.922135,0.103702,0.372709,-0.922135,0.103702,0.372709,0.305608,-0.489791,0.816522,0.305608,-0.489791,0.816522,0.305608,-0.489791,0.816522,0.585875,-0.448105,0.675243,0.585875,-0.448105,0.675243,0.585875,-0.448105,0.675243,0.0865716,-0.270019,0.958955,0.0865716,-0.270019,0.958955,0.0865716,-0.270019,0.958955,-0.350724,-0.877411,0.327326,-0.350724,-0.877411,0.327326,-0.350724,-0.877411,0.327326]},"texCoord0":{"type":"float32","components":2,"data":[0.692935,0.20763,0.692917,0.207643,0.692927,0.207622,0.692896,0.207635,0.692917,0.207643,0.692898,0.207643,0.692883,0.207674,0.692884,0.207661,0.692893,0.207678,0.692871,0.207693,0.692883,0.207674,0.692893,0.207678,0.692871,0.207693,0.692893,0.207678,0.692894,0.207704,0.692893,0.207678,0.692898,0.207643,0.692923,0.207667,0.69293,0.207694,0.692923,0.207667,0.692935,0.207687,0.692917,0.207643,0.692935,0.20763,0.692923,0.207667,0.692871,0.207693,0.69288,0.207673,0.692883,0.207674,0.692855,0.207656,0.69288,0.207673,0.692871,0.207693,0.692884,0.207661,0.692898,0.207643,0.692893,0.207678,0.692855,0.207656,0.69288,0.207659,0.69288,0.207673,0.692884,0.207661,0.692883,0.207674,0.69288,0.207673,0.69288,0.207673,0.69288,0.207659,0.692884,0.207661,0.692896,0.207635,0.692884,0.207661,0.69288,0.207659,0.692855,0.207656,0.692896,0.207635,0.69288,0.207659,0.692898,0.207643,0.692884,0.207661,0.692896,0.207635,0.692855,0.207656,0.692891,0.207615,0.692896,0.207635,0.692927,0.207622,0.692917,0.207643,0.692896,0.207635,0.692896,0.207635,0.692891,0.207615,0.692927,0.207622,0.692893,0.207678,0.692923,0.207667,0.69293,0.207694,0.69293,0.207694,0.692894,0.207704,0.692893,0.207678,0.692917,0.207643,0.692923,0.207667,0.692898,0.207643,0.692923,0.207667,0.692935,0.20763,0.692935,0.207687]}}],"meshes":[{"aabb":{"min":[-54.5711,-48.1907,-3.45131],"max":[54.5712,48.1907,33.119]},"vertices":0,"indices":[0,1,2,3,4,5,6,7,8,9,10,11,12,13,14,15,16,17,18,19,20,21,22,23,24,25,26,27,28,29,30,31,32,33,34,35,36,37,38,39,40,41,42,43,44,45,46,47,48,49,50,51,52,53,54,55,56,57,58,59,60,61,62,63,64,65,66,67,68,69,70,71],"type":"triangles","base":0,"count":72}],"meshInstances":[{"node":1,"mesh":0}]}}