{"model":{"version":3,"nodes":[{"name":"RootNode","position":[0,0,0],"rotation":[0,0,0],"scale":[0.0254,0.0254,0.0254],"scaleCompensation":false},{"name":"Mesh1 Square_corner_1 Model 90","position":[0,0,0],"rotation":[-90,0,0],"scale":[1,1,1],"scaleCompensation":false}],"parents":[-1,0],"skins":[],"morphs":[],"vertices":[{"position":{"type":"float32","components":3,"data":[59.055,-59.0549,17.3228,59.055,-59.0549,1.52531e-05,59.055,47.2441,3.19848e-05,59.055,47.2441,17.3229,-59.055,59.0549,17.3228,-59.055,47.2441,17.3228,47.2441,47.2441,17.3229,47.2441,59.0549,17.3229,-59.055,59.0549,17.3228,47.2441,59.0549,17.3229,47.2441,59.0549,2.85822e-05,-59.055,59.0549,-1.58398e-05,-59.055,59.0549,-1.58398e-05,-59.055,47.2441,-1.65907e-05,-59.055,47.2441,7.4803,-59.055,47.2441,17.3228,-59.055,59.0549,17.3228,47.2441,59.0549,2.85822e-05,47.2441,59.0549,17.3229,59.055,47.2441,17.3229,59.055,47.2441,3.19848e-05,-47.2441,-59.0549,7.48029,-59.055,-47.2441,7.48028,-59.055,-47.2441,17.3228,-47.2441,-59.0549,17.3228,-59.0549,-59.0549,17.3228,-47.2441,-59.0549,17.3228,-59.055,-47.2441,17.3228,-59.055,-47.2441,17.3228,-59.055,-47.2441,7.48028,-59.055,-47.2441,-3.19848e-05,-59.0549,-59.0549,-3.44957e-05,-59.0549,-59.0549,17.3228,-59.0549,-59.0549,17.3228,-59.0549,-59.0549,-3.44957e-05,-47.2441,-59.0549,-2.91688e-05,-47.2441,-59.0549,7.48029,-47.2441,-59.0549,17.3228,47.2441,-59.0549,17.3228,47.2441,-59.0549,7.48032,47.2441,-59.0549,9.92631e-06,59.055,-59.0549,1.52531e-05,59.055,-59.0549,17.3228,47.2441,47.2441,17.3229,47.2441,47.2441,7.48034,47.2441,-59.0549,7.48032,47.2441,-59.0549,17.3228,-59.055,47.2441,17.3228,-59.055,47.2441,7.4803,47.2441,47.2441,7.48034,47.2441,47.2441,17.3229,47.2441,47.2441,17.3229,47.2441,-59.0549,17.3228,59.055,-59.0549,17.3228,59.055,47.2441,17.3229,59.055,47.2441,17.3229,47.2441,59.0549,17.3229,47.2441,47.2441,17.3229]},"normal":{"type":"float32","components":3,"data":[1,9.65875e-08,5.92695e-07,1,1.07659e-07,6.60636e-07,0.923879,0.382685,1.21041e-07,0.923879,0.382685,2.56723e-07,-3.94751e-07,-1.61492e-07,1,-3.94751e-07,-1.61491e-07,1,-3.46905e-07,-1.61491e-07,1,-3.70828e-07,-1.61492e-07,1,-9.15016e-14,1,2.20212e-07,0.382682,0.92388,5.40534e-07,0.382682,0.92388,3.68084e-07,-9.20258e-14,1,2.20212e-07,-1,-3.91913e-08,-3.51076e-07,-1,3.24228e-14,-5.09965e-07,-1,2.19535e-07,-1.63336e-07,-1,-7.68953e-08,-2.7264e-07,-1,-3.22983e-07,-4.40424e-07,0.382682,0.92388,3.68084e-07,0.382682,0.92388,5.40534e-07,0.923879,0.382685,2.56723e-07,0.923879,0.382685,1.21041e-07,0.707104,0.70711,5.48111e-07,0.707104,0.70711,5.48111e-07,0.707104,0.70711,5.48111e-07,0.707104,0.70711,5.48111e-07,-3.22982e-07,-1.61492e-07,1,-3.22982e-07,-1.61492e-07,1,-3.22982e-07,-1.61492e-07,1,-1,0.000200884,-2.72573e-07,-0.396436,0.918062,2.02168e-07,-1,-1.29194e-06,-2.845e-13,-1,-1.04585e-06,-1.67784e-07,-1,-6.45969e-07,-4.40424e-07,-2.65895e-07,-1,-2.55312e-07,-3.22982e-07,-1,-2.20212e-07,-1.99938e-07,-1,-1.3632e-07,-9.00653e-08,-1,-1.08077e-07,-3.22982e-07,-1,-3.87573e-07,8.18652e-14,-1,-2.20212e-07,-0.321296,-0.946979,-4.9155e-07,9.93179e-14,-1,-2.20212e-07,8.85774e-14,-1,-2.20212e-07,7.11247e-14,-1,-2.20212e-07,-1,-3.22978e-07,-3.87573e-07,-1,-3.22978e-07,-3.87573e-07,-1,-3.22978e-07,-3.87573e-07,-1,-3.22978e-07,-3.87573e-07,3.22978e-07,-1,-3.87573e-07,3.22978e-07,-1,-3.87573e-07,3.22978e-07,-1,-3.87573e-07,3.22978e-07,-1,-3.87573e-07,-3.46905e-07,-1.61491e-07,1,-3.22982e-07,-1.61489e-07,1,-3.22982e-07,-1.61489e-07,1,-3.22982e-07,-1.6149e-07,1,-3.22982e-07,-1.6149e-07,1,-3.70828e-07,-1.61492e-07,1,-3.46905e-07,-1.61491e-07,1]},"texCoord0":{"type":"float32","components":2,"data":[0.313769,0.111314,0.313778,0.111314,0.313778,0.111257,0.313769,0.111257,0.113765,0.50154,0.113774,0.50154,0.113774,0.501622,0.113765,0.501622,0.313778,0.111308,0.313778,0.111249,0.313769,0.111249,0.313769,0.111308,0.313778,0.111251,0.313778,0.111257,0.313774,0.111257,0.313769,0.111257,0.313769,0.111251,0.313779,0.111314,0.313779,0.111303,0.31378,0.111303,0.31378,0.111314,0.31378,0.111305,0.31378,0.111307,0.313769,0.111307,0.313769,0.111305,0.113776,0.501613,0.113776,0.501624,0.113775,0.501624,0.313769,0.111308,0.313774,0.111308,0.313778,0.111308,0.313778,0.111314,0.313769,0.111314,0.313778,0.111308,0.313769,0.111308,0.313769,0.111301,0.313773,0.111301,0.313778,0.111301,0.313778,0.111249,0.313773,0.111249,0.313769,0.111249,0.313769,0.111243,0.313778,0.111243,0.313769,0.111257,0.313774,0.111257,0.313774,0.111314,0.313769,0.111314,0.313778,0.111308,0.313773,0.111308,0.313773,0.111249,0.313778,0.111249,0.113765,0.501622,0.113765,0.50154,0.113774,0.50154,0.113774,0.501622,0.113774,0.501603,0.113773,0.501603,0.113774,0.501594]}}],"meshes":[{"aabb":{"min":[-59.055,-59.0549,-3.44957e-05],"max":[59.055,59.0549,17.3229]},"vertices":0,"indices":[0,1,2,2,3,0,4,5,6,6,7,4,8,9,10,10,11,8,12,13,14,12,14,15,12,15,16,17,18,19,19,20,17,21,22,23,23,24,21,25,26,27,28,29,30,28,30,31,28,31,32,33,34,35,33,35,36,33,36,37,38,39,40,38,40,41,38,41,42,43,44,45,45,46,43,47,48,49,49,50,47,51,52,53,53,54,51,55,56,57],"type":"triangles","base":0,"count":90}],"meshInstances":[{"node":1,"mesh":0}]}}