{"model":{"version":3,"nodes":[{"name":"RootNode","position":[0,0,0],"rotation":[0,0,0],"scale":[0.0254,0.0254,0.0254],"scaleCompensation":false},{"name":"LEVEL79-flechas","position":[0,0,0],"rotation":[-90,-0,0],"scale":[1,1,1],"scaleCompensation":false}],"parents":[-1,0],"skins":[],"morphs":[],"vertices":[{"position":{"type":"float32","components":3,"data":[-891.435,938.333,-494.125,-891.45,906.524,-494.072,-871.406,922.384,-488.237,-855.908,938.333,-484.35,-855.923,906.524,-484.298,-835.879,922.383,-478.462,-926.703,938.333,-504.908,-926.718,906.524,-504.855,-906.674,922.383,-499.02,-892.907,941.438,-494.561,-892.925,903.43,-494.498,-891.45,906.524,-494.072,-891.45,906.524,-494.072,-891.435,938.333,-494.125,-892.907,941.438,-494.561,-892.925,903.43,-494.498,-868.974,922.38,-487.525,-871.406,922.384,-488.237,-871.406,922.384,-488.237,-891.45,906.524,-494.072,-892.925,903.43,-494.498,-868.974,922.38,-487.525,-892.907,941.438,-494.561,-891.435,938.333,-494.125,-891.435,938.333,-494.125,-871.406,922.384,-488.237,-868.974,922.38,-487.525,-857.38,941.438,-484.787,-857.398,903.429,-484.724,-855.923,906.524,-484.298,-855.923,906.524,-484.298,-855.908,938.333,-484.35,-857.38,941.438,-484.787,-857.398,903.429,-484.724,-833.447,922.38,-477.75,-835.879,922.383,-478.462,-835.879,922.383,-478.462,-855.923,906.524,-484.298,-857.398,903.429,-484.724,-833.447,922.38,-477.75,-857.38,941.438,-484.787,-855.908,938.333,-484.35,-855.908,938.333,-484.35,-835.879,922.383,-478.462,-833.447,922.38,-477.75,-928.175,941.438,-505.344,-928.193,903.429,-505.282,-926.718,906.524,-504.855,-926.718,906.524,-504.855,-926.703,938.333,-504.908,-928.175,941.438,-505.344,-928.193,903.429,-505.282,-904.243,922.38,-498.308,-906.674,922.383,-499.02,-906.674,922.383,-499.02,-926.718,906.524,-504.855,-928.193,903.429,-505.282,-904.243,922.38,-498.308,-928.175,941.438,-505.344,-926.703,938.333,-504.908,-926.703,938.333,-504.908,-906.674,922.383,-499.02,-904.243,922.38,-498.308]},"normal":{"type":"float32","components":3,"data":[-0.280796,0.00172462,0.959766,-0.280796,0.00172462,0.959766,-0.280796,0.00172462,0.959766,-0.280798,0.00172462,0.959765,-0.280798,0.00172462,0.959765,-0.280798,0.00172462,0.959765,-0.280805,0.00171894,0.959763,-0.280805,0.00171894,0.959763,-0.280805,0.00171894,0.959763,-0.280792,0.00172554,0.959767,-0.280792,0.00172554,0.959767,-0.280792,0.00172554,0.959767,-0.280812,0.00172462,0.959761,-0.280812,0.00172462,0.959761,-0.280812,0.00172462,0.959761,-0.280795,0.00172356,0.959766,-0.280795,0.00172356,0.959766,-0.280795,0.00172356,0.959766,-0.280799,0.00172917,0.959765,-0.280799,0.00172917,0.959765,-0.280799,0.00172917,0.959765,-0.280787,0.00173741,0.959768,-0.280787,0.00173741,0.959768,-0.280787,0.00173741,0.959768,-0.280795,0.00172631,0.959766,-0.280795,0.00172631,0.959766,-0.280795,0.00172631,0.959766,-0.280789,0.00172554,0.959768,-0.280789,0.00172554,0.959768,-0.280789,0.00172554,0.959768,-0.280809,0.00172462,0.959762,-0.280809,0.00172462,0.959762,-0.280809,0.00172462,0.959762,-0.280801,0.00172903,0.959764,-0.280801,0.00172903,0.959764,-0.280801,0.00172903,0.959764,-0.280805,0.00173376,0.959763,-0.280805,0.00173376,0.959763,-0.280805,0.00173376,0.959763,-0.280793,0.00173273,0.959767,-0.280793,0.00173273,0.959767,-0.280793,0.00173273,0.959767,-0.280801,0.00172078,0.959764,-0.280801,0.00172078,0.959764,-0.280801,0.00172078,0.959764,-0.280815,0.00171834,0.95976,-0.280815,0.00171834,0.95976,-0.280815,0.00171834,0.95976,-0.280802,0.00171894,0.959764,-0.280802,0.00171894,0.959764,-0.280802,0.00171894,0.959764,-0.280819,0.00173472,0.959759,-0.280819,0.00173472,0.959759,-0.280819,0.00173472,0.959759,-0.280799,0.00170995,0.959765,-0.280799,0.00170995,0.959765,-0.280799,0.00170995,0.959765,-0.280809,0.00171522,0.959762,-0.280809,0.00171522,0.959762,-0.280809,0.00171522,0.959762,-0.280819,0.00170041,0.959759,-0.280819,0.00170041,0.959759,-0.280819,0.00170041,0.959759]},"texCoord0":{"type":"float32","components":2,"data":[0.859017,0.880883,0.859017,0.880883,0.859017,0.880883,0.859017,0.880883,0.859017,0.880883,0.859017,0.880883,0.859017,0.880883,0.859017,0.880883,0.859017,0.880883,0.953204,0.877433,0.953204,0.877359,0.953204,0.877359,0.953204,0.877359,0.953204,0.877433,0.953204,0.877433,0.953204,0.877359,0.953278,0.877433,0.953278,0.877433,0.953278,0.877433,0.953204,0.877359,0.953204,0.877359,0.953278,0.877433,0.953204,0.877433,0.953204,0.877433,0.953204,0.877433,0.953278,0.877433,0.953278,0.877433,0.953204,0.877433,0.953204,0.877359,0.953204,0.877359,0.953204,0.877359,0.953204,0.877433,0.953204,0.877433,0.953204,0.877359,0.953278,0.877433,0.953278,0.877433,0.953278,0.877433,0.953204,0.877359,0.953204,0.877359,0.953278,0.877433,0.953204,0.877433,0.953204,0.877433,0.953204,0.877433,0.953278,0.877433,0.953278,0.877433,0.953204,0.877433,0.953204,0.877359,0.953204,0.877359,0.953204,0.877359,0.953204,0.877433,0.953204,0.877433,0.953204,0.877359,0.953278,0.877433,0.953278,0.877433,0.953278,0.877433,0.953204,0.877359,0.953204,0.877359,0.953278,0.877433,0.953204,0.877433,0.953204,0.877433,0.953204,0.877433,0.953278,0.877433,0.953278,0.877433]}}],"meshes":[{"aabb":{"min":[-928.193,903.429,-505.344],"max":[-833.447,941.438,-477.75]},"vertices":0,"indices":[0,1,2,3,4,5,6,7,8,9,10,11,12,13,14,15,16,17,18,19,20,21,22,23,24,25,26,27,28,29,30,31,32,33,34,35,36,37,38,39,40,41,42,43,44,45,46,47,48,49,50,51,52,53,54,55,56,57,58,59,60,61,62],"type":"triangles","base":0,"count":63}],"meshInstances":[{"node":1,"mesh":0}]}}