{"model":{"version":3,"nodes":[{"name":"RootNode","position":[0,0,0],"rotation":[0,0,0],"scale":[0.0254,0.0254,0.0254],"scaleCompensation":false},{"name":"LEVEL86-flechas","position":[0,0,0],"rotation":[-90,-0,0],"scale":[0.3937,0.3937,0.3937],"scaleCompensation":false}],"parents":[-1,0],"skins":[],"morphs":[],"vertices":[{"position":{"type":"float32","components":3,"data":[438.452,585.583,-1273.79,438.452,491.743,-1273.79,481.846,538.77,-1267.43,529.19,585.583,-1260.52,529.19,491.743,-1260.52,572.585,538.77,-1254.16,350.971,585.583,-1285.72,350.971,491.743,-1285.72,394.366,538.77,-1279.36,434.593,595.45,-1274.35,434.593,481.843,-1274.35,438.452,491.743,-1273.79,438.452,585.583,-1273.79,434.593,595.45,-1274.35,434.593,481.843,-1274.35,487.129,538.776,-1266.65,481.846,538.77,-1267.43,481.846,538.77,-1267.43,438.452,491.743,-1273.79,434.593,481.843,-1274.35,487.129,538.776,-1266.65,434.593,595.45,-1274.35,438.452,585.583,-1273.79,438.452,585.583,-1273.79,481.846,538.77,-1267.43,487.129,538.776,-1266.65,525.331,595.45,-1261.08,525.331,481.843,-1261.08,529.19,491.743,-1260.52,529.19,491.743,-1260.52,529.19,585.583,-1260.52,525.331,595.45,-1261.08,525.331,481.843,-1261.08,577.867,538.776,-1253.39,572.585,538.77,-1254.16,572.585,538.77,-1254.16,529.19,491.743,-1260.52,525.331,481.843,-1261.08,577.867,538.776,-1253.39,525.331,595.45,-1261.08,529.19,585.583,-1260.52,529.19,585.583,-1260.52,572.585,538.77,-1254.16,577.867,538.776,-1253.39,347.112,595.45,-1286.29,347.112,481.843,-1286.29,350.971,491.743,-1285.72,350.971,491.743,-1285.72,350.971,585.583,-1285.72,347.112,481.843,-1286.29,399.648,538.776,-1278.59,394.366,538.77,-1279.36,394.366,538.77,-1279.36,350.971,491.743,-1285.72,347.112,481.843,-1286.29,399.648,538.776,-1278.59,347.112,595.45,-1286.29,350.971,585.583,-1285.72,350.971,585.583,-1285.72,394.366,538.77,-1279.36,399.648,538.776,-1278.59]},"normal":{"type":"float32","components":3,"data":[-0.144986,0,0.989434,-0.144986,0,0.989434,-0.144986,0,0.989434,-0.144985,0,0.989434,-0.144985,0,0.989434,-0.144985,0,0.989434,-0.144986,0,0.989434,-0.144986,0,0.989434,-0.144986,0,0.989434,-0.144987,0,0.989434,-0.144987,0,0.989434,-0.144987,0,0.989434,-0.144987,0,0.989434,-0.144987,0,0.989434,-0.144986,-3.51798e-07,0.989434,-0.144986,-3.51798e-07,0.989434,-0.144986,-3.51798e-07,0.989434,-0.144985,-5.85615e-07,0.989434,-0.144985,-5.85615e-07,0.989434,-0.144985,-5.85615e-07,0.989434,-0.144985,5.66768e-07,0.989434,-0.144985,5.66768e-07,0.989434,-0.144985,5.66768e-07,0.989434,-0.144986,3.50702e-07,0.989434,-0.144986,3.50702e-07,0.989434,-0.144986,3.50702e-07,0.989434,-0.144987,0,0.989434,-0.144987,0,0.989434,-0.144987,0,0.989434,-0.144987,0,0.989434,-0.144987,0,0.989434,-0.144987,0,0.989434,-0.144985,8.79495e-08,0.989434,-0.144985,8.79495e-08,0.989434,-0.144985,8.79495e-08,0.989434,-0.144984,-1.24728e-06,0.989434,-0.144984,-1.24728e-06,0.989434,-0.144984,-1.24728e-06,0.989434,-0.144984,1.13353e-06,0.989434,-0.144984,1.13353e-06,0.989434,-0.144984,1.13353e-06,0.989434,-0.144985,-2.43966e-07,0.989434,-0.144985,-2.43966e-07,0.989434,-0.144985,-2.43966e-07,0.989434,-0.144987,0,0.989434,-0.144987,0,0.989434,-0.144987,0,0.989434,-0.144987,0,0.989434,-0.144987,0,0.989434,-0.144985,-3.76926e-07,0.989434,-0.144985,-3.76926e-07,0.989434,-0.144985,-3.76926e-07,0.989434,-0.144985,-8.28987e-07,0.989434,-0.144985,-8.28987e-07,0.989434,-0.144985,-8.28987e-07,0.989434,-0.144985,7.93474e-07,0.989434,-0.144985,7.93474e-07,0.989434,-0.144985,7.93474e-07,0.989434,-0.144985,3.20206e-07,0.989434,-0.144985,3.20206e-07,0.989434,-0.144985,3.20206e-07,0.989434]},"texCoord0":{"type":"float32","components":2,"data":[0.859017,0.880883,0.859017,0.880883,0.859017,0.880883,0.859017,0.880883,0.859017,0.880883,0.859017,0.880883,0.859017,0.880883,0.859017,0.880883,0.859017,0.880883,0.951869,0.876123,0.951869,0.875902,0.951869,0.875902,0.951869,0.876123,0.951869,0.876123,0.951869,0.875902,0.951943,0.876123,0.951943,0.876123,0.951943,0.876123,0.951869,0.875902,0.951869,0.875902,0.951943,0.876123,0.951869,0.876123,0.951869,0.876123,0.951869,0.876123,0.951943,0.876123,0.951943,0.876123,0.951869,0.876123,0.951869,0.875902,0.951869,0.875902,0.951869,0.875902,0.951869,0.876123,0.951869,0.876123,0.951869,0.875902,0.951943,0.876123,0.951943,0.876123,0.951943,0.876123,0.951869,0.875902,0.951869,0.875902,0.951943,0.876123,0.951869,0.876123,0.951869,0.876123,0.951869,0.876123,0.951943,0.876123,0.951943,0.876123,0.951869,0.876123,0.951869,0.875902,0.951869,0.875902,0.951869,0.875902,0.951869,0.876123,0.951869,0.875902,0.951943,0.876123,0.951943,0.876123,0.951943,0.876123,0.951869,0.875902,0.951869,0.875902,0.951943,0.876123,0.951869,0.876123,0.951869,0.876123,0.951869,0.876123,0.951943,0.876123,0.951943,0.876123]}}],"meshes":[{"aabb":{"min":[347.112,481.843,-1286.29],"max":[577.867,595.45,-1253.39]},"vertices":0,"indices":[0,1,2,3,4,5,6,7,8,9,10,11,11,12,13,14,15,16,17,18,19,20,21,22,23,24,25,26,27,28,29,30,31,32,33,34,35,36,37,38,39,40,41,42,43,44,45,46,47,48,44,49,50,51,52,53,54,55,56,57,58,59,60],"type":"triangles","base":0,"count":63}],"meshInstances":[{"node":1,"mesh":0}]}}