{"model":{"version":3,"nodes":[{"name":"RootNode","position":[0,0,0],"rotation":[0,0,0],"scale":[0.0254,0.0254,0.0254],"scaleCompensation":false},{"name":"LEVEL57-rampas","position":[0,0,0],"rotation":[-90,-0,0],"scale":[0.3937,0.3937,0.3937],"scaleCompensation":false}],"parents":[-1,0],"skins":[],"morphs":[],"vertices":[{"position":{"type":"float32","components":3,"data":[-2989.14,-803.907,-1295.1,-3289.14,-803.907,-1295.1,-3289.14,-803.907,-1249.5,-2989.14,-803.907,-1249.5,-2989.13,-1103.91,-1320.86,-2989.14,-803.907,-1295.1,-2989.14,-803.907,-1249.5,-2989.13,-1103.91,-1294.13,-2989.13,-1103.91,-1320.86,-3289.14,-803.907,-1295.1,-3289.13,-1103.91,-1320.86,-3289.13,-1103.91,-1294.13,-3289.14,-803.907,-1249.5,-4789.14,-1403.91,-1295.1,-4789.14,-1103.91,-1295.1,-4789.14,-1103.91,-1249.5,-4789.14,-1403.91,-1249.5,-5089.13,-1403.91,-1320.86,-4789.14,-1403.91,-1295.1,-4789.14,-1403.91,-1249.5,-4789.14,-1403.91,-1249.5,-5089.13,-1403.91,-1294.13,-5089.13,-1403.91,-1320.86,-4789.14,-1103.91,-1295.1,-5089.14,-1103.91,-1320.86,-5089.14,-1103.91,-1294.13,-4789.14,-1103.91,-1249.5,-3589.13,1596.09,-1296.65,-3589.14,1296.09,-1296.65,-3589.14,1296.09,-1249.5,-3589.14,1296.09,-1249.5,-3589.13,1596.09,-1249.5,-3589.13,1596.09,-1296.65,-3289.14,1596.09,-1320.86,-3589.13,1596.09,-1296.65,-3589.13,1596.09,-1249.5,-3589.13,1596.09,-1249.5,-3289.14,1596.09,-1294.13,-3589.14,1296.09,-1296.65,-3289.13,1296.09,-1320.86,-3289.13,1296.09,-1294.13,-3289.13,1296.09,-1294.13,-3589.14,1296.09,-1249.5,-3589.14,1296.09,-1296.65,-2989.14,-803.907,-1249.5,-3289.14,-803.907,-1249.5,-2989.13,-1103.91,-1294.13,-3289.13,-1103.91,-1294.13,-2989.13,-1103.91,-1294.13,-3289.14,-803.907,-1249.5,-4789.14,-1403.91,-1249.5,-4789.14,-1103.91,-1249.5,-5089.13,-1403.91,-1294.13,-5089.14,-1103.91,-1294.13,-5089.13,-1403.91,-1294.13,-4789.14,-1103.91,-1249.5,-3589.13,1596.09,-1249.5,-3589.14,1296.09,-1249.5,-3289.14,1596.09,-1294.13,-3289.13,1296.09,-1294.13,-3289.14,1596.09,-1294.13,-3589.14,1296.09,-1249.5,-3589.14,1306.32,-1296.65,-3289.13,1306.32,-1320.86,-3289.13,1296.09,-1320.86,-3289.13,1296.09,-1320.86,-3589.14,1296.09,-1296.65,-3589.14,1306.32,-1296.65]},"normal":{"type":"float32","components":3,"data":[0,1,0,0,1,0,0,1,0,0,1,0,1,1.95311e-05,0,1,1.95311e-05,0,1,1.95311e-05,0,1,1.95311e-05,0,1,1.95311e-05,0,-1,-1.95311e-05,0,-1,-1.95311e-05,0,-1,-1.95311e-05,0,-1,-1.95311e-05,0,1,0,0,1,0,0,1,0,0,1,0,0,-1.77074e-07,-1,-2.67679e-06,-1.77074e-07,-1,-2.67679e-06,-1.77074e-07,-1,-2.67679e-06,2.72349e-07,-1,-4.56611e-06,2.72349e-07,-1,-4.56611e-06,2.72349e-07,-1,-4.56611e-06,0,1,0,0,1,0,0,1,0,0,1,0,-1,3.25521e-05,-1.68549e-10,-1,3.25521e-05,-1.68549e-10,-1,3.25521e-05,-1.68549e-10,-1,3.25521e-05,0,-1,3.25521e-05,0,-1,3.25521e-05,0,-1.22073e-06,1,0,-1.22073e-06,1,0,-1.22073e-06,1,0,-1.22073e-06,1,0,-1.22073e-06,1,0,7.36961e-07,-1,9.13221e-06,7.36961e-07,-1,9.13221e-06,7.36961e-07,-1,9.13221e-06,7.70227e-07,-1,5.17782e-06,7.70227e-07,-1,5.17782e-06,7.70227e-07,-1,5.17782e-06,0,-0.147138,0.989116,0,-0.147138,0.989116,0,-0.147138,0.989116,0,-0.147138,0.989116,0,-0.147138,0.989116,0,-0.147138,0.989116,-0.147142,-8.04944e-07,0.989115,-0.147142,-8.04945e-07,0.989115,-0.147142,-8.04945e-07,0.989115,-0.147141,-1.52341e-06,0.989116,-0.147141,-1.52341e-06,0.989116,-0.147141,-1.52341e-06,0.989116,0.147142,-5.19225e-06,0.989115,0.147142,-5.19225e-06,0.989115,0.147142,-5.19225e-06,0.989115,0.147136,7.94923e-07,0.989116,0.147136,7.94923e-07,0.989116,0.147136,7.94923e-07,0.989116,-0.0804376,0,-0.99676,-0.0804376,0,-0.99676,-0.0804376,0,-0.99676,-0.0804376,0,-0.99676,-0.0804376,0,-0.99676,-0.0804376,0,-0.99676]},"texCoord0":{"type":"float32","components":2,"data":[0.861325,0.07149,0.861325,0.07149,0.861325,0.07149,0.861325,0.07149,0.861325,0.07149,0.861325,0.07149,0.861325,0.07149,0.861325,0.07149,0.861325,0.07149,0.861325,0.07149,0.861325,0.07149,0.861325,0.07149,0.861325,0.07149,0.861325,0.07149,0.861325,0.07149,0.861325,0.07149,0.861325,0.07149,0.861325,0.07149,0.861325,0.07149,0.861325,0.07149,0.861325,0.07149,0.861325,0.07149,0.861325,0.07149,0.861325,0.07149,0.861325,0.07149,0.861325,0.07149,0.861325,0.07149,0.861325,0.0714902,0.861325,0.0714902,0.861325,0.0714902,0.861325,0.0714902,0.861325,0.0714902,0.861325,0.0714902,0.861325,0.0714902,0.861325,0.0714902,0.861325,0.0714902,0.861325,0.0714902,0.861325,0.0714902,0.861325,0.0714902,0.861325,0.0714902,0.861325,0.0714902,0.861325,0.0714902,0.861325,0.0714902,0.861325,0.0714902,-98.6143,114.964,-99.6154,114.964,-98.6142,113.962,-99.6154,113.962,-98.6142,113.962,-99.6154,114.964,-104.621,112.961,-104.621,113.962,-105.623,112.961,-105.623,113.962,-105.623,112.961,-104.621,113.962,-100.617,122.973,-100.617,121.972,-99.6154,122.973,-99.6154,121.972,-99.6154,122.973,-100.617,121.972,0.861325,0.0714902,0.861325,0.0714902,0.861325,0.0714902,0.861325,0.0714902,0.861325,0.0714902,0.861325,0.0714902]}}],"meshes":[{"aabb":{"min":[-5089.14,-1403.91,-1320.86],"max":[-2989.13,1596.09,-1249.5]},"vertices":0,"indices":[44,45,46,47,48,49,50,51,52,53,54,55,56,57,58,59,60,61],"type":"triangles","base":0,"count":18},{"aabb":{"min":[-5089.14,-1403.91,-1320.86],"max":[-2989.13,1596.09,-1249.5]},"vertices":0,"indices":[0,1,2,2,3,0,4,5,6,6,7,8,9,10,11,11,12,9,13,14,15,15,16,13,17,18,19,20,21,22,23,24,25,25,26,23,27,28,29,30,31,32,33,34,35,36,37,33,38,39,40,41,42,43],"type":"triangles","base":0,"count":54},{"aabb":{"min":[-5089.14,-1403.91,-1320.86],"max":[-2989.13,1596.09,-1249.5]},"vertices":0,"indices":[62,63,64,65,66,67],"type":"triangles","base":0,"count":6}],"meshInstances":[{"node":1,"mesh":0},{"node":1,"mesh":1},{"node":1,"mesh":2}]}}