{"model":{"version":3,"nodes":[{"name":"RootNode","position":[0,0,0],"rotation":[0,0,0],"scale":[0.0254,0.0254,0.0254],"scaleCompensation":false},{"name":"LEVEL90-rampaborde","position":[0,0,0],"rotation":[-90,-0,0],"scale":[0.3937,0.3937,0.3937],"scaleCompensation":false}],"parents":[-1,0],"skins":[],"morphs":[],"vertices":[{"position":{"type":"float32","components":3,"data":[-4449.09,426.089,-1253.5,-4149.09,392.855,-1121.5,-4149.09,426.088,-1121.5,-4149.09,392.855,-1121.5,-4449.09,426.089,-1253.5,-4449.09,392.855,-1253.5,-4149.09,700.583,-1121.5,-4449.09,666.088,-1253.5,-4149.09,666.087,-1121.5,-4449.09,666.088,-1253.5,-4149.09,700.583,-1121.5,-4449.09,700.583,-1253.5,-4149.09,392.855,-1191.6,-4149.09,426.088,-1191.6,-4149.09,426.088,-1121.5,-4149.09,426.088,-1121.5,-4149.09,392.855,-1121.5,-4149.09,392.855,-1191.6,-4149.09,426.088,-1191.6,-4449.09,426.089,-1323.6,-4449.09,426.089,-1253.5,-4149.09,426.088,-1121.5,-4449.09,392.855,-1323.6,-4149.09,392.855,-1191.6,-4149.09,392.855,-1121.5,-4449.09,392.855,-1253.5,-4449.09,392.855,-1323.6,-4449.09,666.088,-1323.6,-4149.09,666.087,-1191.6,-4149.09,666.087,-1121.5,-4149.09,666.087,-1121.5,-4449.09,666.088,-1253.5,-4449.09,666.088,-1323.6,-4149.09,666.087,-1191.6,-4149.09,700.583,-1191.6,-4149.09,700.583,-1121.5,-4149.09,700.583,-1121.5,-4149.09,666.087,-1121.5,-4149.09,700.583,-1191.6,-4449.09,700.583,-1323.6,-4449.09,700.583,-1253.5,-4449.09,700.583,-1253.5,-4149.09,700.583,-1121.5,-4149.09,700.583,-1191.6,-4449.09,392.855,-1323.6,-4449.09,392.855,-1253.5,-4449.09,426.089,-1253.5,-4449.09,426.089,-1253.5,-4449.09,426.089,-1323.6,-4449.09,392.855,-1323.6,-4449.09,666.088,-1323.6,-4449.09,666.088,-1253.5,-4449.09,700.583,-1253.5,-4449.09,700.583,-1323.6,-4449.09,426.089,-1323.6,-4149.09,426.088,-1191.6,-4149.09,392.855,-1191.6,-4149.09,392.855,-1191.6,-4449.09,392.855,-1323.6,-4449.09,426.089,-1323.6,-4449.09,700.583,-1323.6,-4149.09,700.583,-1191.6,-4149.09,666.087,-1191.6,-4149.09,666.087,-1191.6,-4449.09,666.088,-1323.6,-4449.09,700.583,-1323.6]},"normal":{"type":"float32","components":3,"data":[-0.402742,0,0.915314,-0.402742,0,0.915314,-0.402742,0,0.915314,-0.402742,0,0.915314,-0.402742,0,0.915314,-0.402742,0,0.915314,-0.402742,0,0.915314,-0.402742,0,0.915314,-0.402742,0,0.915313,-0.402742,0,0.915314,-0.402742,0,0.915314,-0.402742,0,0.915314,1,0,0,1,0,0,1,0,0,1,0,0,1,0,0,1,0,0,1.01726e-07,1,0,1.01726e-07,1,0,1.01726e-07,1,0,1.01726e-07,1,0,-2.03453e-07,-1,0,-2.03453e-07,-1,0,-2.03453e-07,-1,0,-2.03453e-07,-1,0,-2.03453e-07,-1,0,-6.10358e-07,-1,0,-6.10358e-07,-1,0,-6.10357e-07,-1,0,-6.10358e-07,-1,0,-6.10358e-07,-1,0,-6.10357e-07,-1,0,1,0,0,1,0,0,1,0,0,1,0,0,1,0,0,6.10358e-07,1,0,6.10358e-07,1,0,6.10358e-07,1,0,9.69676e-07,1,-1.7414e-06,9.69676e-07,1,-1.7414e-06,9.69676e-07,1,-1.7414e-06,-1,0,0,-1,0,0,-1,0,0,-1,0,0,-1,0,0,-1,0,0,-1,0,0,-1,0,0,-1,0,0,-1,0,0,0.402742,0,-0.915313,0.402742,0,-0.915313,0.402742,0,-0.915313,0.402742,0,-0.915313,0.402742,0,-0.915313,0.402742,0,-0.915313,0.402742,0,-0.915314,0.402742,0,-0.915314,0.402742,0,-0.915314,0.402742,0,-0.915314,0.402742,0,-0.915314,0.402742,0,-0.915314]},"texCoord0":{"type":"float32","components":2,"data":[0.0637767,0.501512,0.0637673,0.501611,0.0637767,0.501611,0.0637673,0.501611,0.0637767,0.501512,0.0637673,0.501512,0.0637767,0.501611,0.0637673,0.501512,0.0637673,0.501611,0.0637673,0.501512,0.0637767,0.501611,0.0637767,0.501512,0.291485,0.147979,0.291494,0.147979,0.291494,0.147979,0.291494,0.147979,0.291485,0.147979,0.291485,0.147979,0.291494,0.147979,0.291494,0.14788,0.291494,0.14788,0.291494,0.147979,0.291485,0.14788,0.291485,0.147979,0.291485,0.147979,0.291485,0.14788,0.291485,0.14788,0.291485,0.14788,0.291485,0.147979,0.291485,0.147979,0.291485,0.147979,0.291485,0.14788,0.291485,0.14788,0.291485,0.147979,0.291494,0.147979,0.291494,0.147979,0.291494,0.147979,0.291485,0.147979,0.291494,0.147979,0.291494,0.14788,0.291494,0.14788,0.291494,0.14788,0.291494,0.147979,0.291494,0.147979,0.291494,0.14788,0.291494,0.14788,0.291494,0.14788,0.291494,0.14788,0.291494,0.14788,0.291494,0.14788,0.291494,0.14788,0.291494,0.14788,0.291494,0.14788,0.291494,0.14788,0.291485,0.14788,0.291485,0.147979,0.291485,0.147979,0.291485,0.147979,0.291485,0.14788,0.291485,0.14788,0.291485,0.14788,0.291485,0.147979,0.291485,0.147979,0.291485,0.147979,0.291485,0.14788,0.291485,0.14788]}}],"meshes":[{"aabb":{"min":[-4449.09,392.855,-1323.6],"max":[-4149.09,700.583,-1121.5]},"vertices":0,"indices":[0,1,2,3,4,5,6,7,8,9,10,11,12,13,14,15,16,17,18,19,20,20,21,18,22,23,24,24,25,26,27,28,29,30,31,32,33,34,35,36,37,33,38,39,40,41,42,43,44,45,46,47,48,49,50,51,52,52,53,50,54,55,56,57,58,59,60,61,62,63,64,65],"type":"triangles","base":0,"count":72}],"meshInstances":[{"node":1,"mesh":0}]}}