{"model":{"version":3,"nodes":[{"name":"RootNode","position":[0,0,0],"rotation":[0,0,0],"scale":[0.0254,0.0254,0.0254],"scaleCompensation":false},{"name":"golf_bosque_piedrachicaB","position":[0,0,0],"rotation":[-90,-0,0],"scale":[1,1,1],"scaleCompensation":false}],"parents":[-1,0],"skins":[],"morphs":[],"vertices":[{"position":{"type":"float32","components":3,"data":[10.2183,28.8032,-1.31673,7.36755,22.8915,13.7726,16.2844,25.0415,-1.31825,-18.1272,-28.8033,-1.3159,-10.4687,-26.3958,15.3363,-29.8725,-16.9811,-1.31286,-10.4687,-26.3958,15.3363,24.2485,4.64282,13.9002,-16.1444,14.2581,8.85878,7.36755,22.8915,13.7726,10.2183,28.8032,-1.31673,-16.1444,14.2581,8.85878,7.68033,-27.6363,-1.31562,-10.4687,-26.3958,15.3363,-18.1272,-28.8033,-1.3159,7.68033,-27.6363,-1.31562,24.2485,4.64282,13.9002,-10.4687,-26.3958,15.3363,7.68033,-27.6363,-1.31562,31.2615,5.54724,-1.3177,24.2485,4.64282,13.9002,31.2615,5.54724,-1.3177,16.2844,25.0415,-1.31825,7.36755,22.8915,13.7726,7.36755,22.8915,13.7726,24.2485,4.64282,13.9002,31.2615,5.54724,-1.3177,-29.8725,-16.9811,-1.31286,-10.4687,-26.3958,15.3363,-16.1444,14.2581,8.85878,-16.1444,14.2581,8.85878,-31.2615,13.7579,-9.28409,-29.8725,-16.9811,-1.31286,7.36755,22.8915,13.7726,-16.1444,14.2581,8.85878,24.2485,4.64282,13.9002,-16.1444,14.2581,8.85878,10.2183,28.8032,-1.31673,-31.2615,13.7579,-9.28409]},"normal":{"type":"float32","components":3,"data":[0.483777,0.77998,0.396978,0.483777,0.77998,0.396978,0.483777,0.77998,0.396978,-0.6521,-0.647961,0.393587,-0.6521,-0.647961,0.393587,-0.652101,-0.647961,0.393587,-0.0885659,0.14466,0.98551,-0.0885659,0.14466,0.98551,-0.0885659,0.14466,0.98551,-0.381426,0.882905,0.273847,-0.381426,0.882905,0.273847,-0.381426,0.882905,0.273847,0.0448301,-0.991428,0.12272,0.0448301,-0.991428,0.12272,0.0448301,-0.991428,0.12272,0.53452,-0.568954,0.624963,0.53452,-0.568954,0.624963,0.53452,-0.568955,0.624963,0.771473,-0.548211,0.322945,0.771473,-0.548211,0.322945,0.771473,-0.548211,0.322945,0.693248,0.532623,0.485509,0.693248,0.532623,0.485509,0.693248,0.532624,0.485509,0.685399,0.636501,0.353688,0.685399,0.636501,0.353688,0.685399,0.636501,0.353688,-0.64171,0.0325019,0.766259,-0.64171,0.0325019,0.766259,-0.641709,0.0325019,0.766259,-0.763541,0.129551,0.63263,-0.763541,0.129551,0.63263,-0.763541,0.129551,0.63263,-0.154535,-0.136111,0.978567,-0.154535,-0.136111,0.978567,-0.154535,-0.136111,0.978567,-0.374943,0.881139,0.28812,-0.374943,0.881139,0.28812,-0.374943,0.881139,0.288119]},"texCoord0":{"type":"float32","components":2,"data":[0.691526,0.209992,0.691516,0.209999,0.691521,0.209988,0.69149,0.210028,0.691502,0.21002,0.691503,0.210034,0.691502,0.21002,0.691505,0.21,0.691519,0.210014,0.691516,0.209999,0.691526,0.209992,0.691519,0.210014,0.691481,0.210007,0.691502,0.21002,0.69149,0.210028,0.691481,0.210007,0.691505,0.21,0.691502,0.21002,0.691481,0.210007,0.691501,0.209984,0.691505,0.21,0.691501,0.209984,0.691521,0.209988,0.691516,0.209999,0.691516,0.209999,0.691505,0.21,0.691501,0.209984,0.691503,0.210034,0.691502,0.21002,0.691519,0.210014,0.691519,0.210014,0.691524,0.210029,0.691503,0.210034,0.691516,0.209999,0.691519,0.210014,0.691505,0.21,0.691519,0.210014,0.691526,0.209992,0.691524,0.210029]}}],"meshes":[{"aabb":{"min":[-31.2615,-28.8033,-9.28409],"max":[31.2615,28.8032,15.3363]},"vertices":0,"indices":[0,1,2,3,4,5,6,7,8,9,10,11,12,13,14,15,16,17,18,19,20,21,22,23,24,25,26,27,28,29,30,31,32,33,34,35,36,37,38],"type":"triangles","base":0,"count":39}],"meshInstances":[{"node":1,"mesh":0}]}}