{"model":{"version":3,"nodes":[{"name":"RootNode","position":[0,0,0],"rotation":[0,0,0],"scale":[0.0254,0.0254,0.0254],"scaleCompensation":false},{"name":"Mesh1 Hill_square Model","position":[0,0,0],"rotation":[-90,0,0],"scale":[1,1,1],"scaleCompensation":false}],"parents":[-1,0],"skins":[],"morphs":[],"vertices":[{"position":{"type":"float32","components":3,"data":[-59.055,59.0549,17.3229,-47.2441,59.0549,17.3229,-47.2441,59.0549,7.48033,-47.2441,59.0549,1.92425e-05,-59.055,59.0549,2.04159e-05,-59.055,59.0549,2.04159e-05,-59.055,-59.0549,-2.15892e-05,-59.055,-59.0549,17.3228,-59.055,59.0549,17.3229,-59.055,-59.0549,17.3228,-47.2441,-59.0549,17.3228,-47.2441,-14.7638,17.3228,-47.2441,14.7638,17.3228,-47.2441,59.0549,17.3229,-59.055,59.0549,17.3229,-47.2441,59.0549,17.3229,-47.2441,14.7638,17.3228,-47.2441,29.5276,7.48032,-47.2441,59.0549,7.48033,59.055,-59.0549,17.3228,59.055,59.0549,17.3229,47.2441,59.0549,17.3229,47.2441,14.7638,17.3228,47.2441,-14.7638,17.3228,47.2441,-59.0549,17.3228,47.2441,-59.0549,17.3228,47.2441,-59.0549,-1.98292e-05,59.055,-59.0549,-1.98292e-05,59.055,-59.0549,17.3228,59.055,59.0549,17.3229,59.055,-59.0549,17.3228,59.055,-59.0549,-1.98292e-05,59.055,59.0549,1.98292e-05,59.055,59.0549,1.98292e-05,47.2441,59.0549,1.92425e-05,47.2441,59.0549,7.48033,47.2441,59.0549,17.3229,59.055,59.0549,17.3229,-59.055,-59.0549,-2.15892e-05,-47.2441,-59.0549,-1.98292e-05,-47.2441,-59.0549,7.4803,-47.2441,-59.0549,17.3228,-59.055,-59.0549,17.3228,47.2441,-59.0549,7.4803,47.2441,-59.0549,17.3228,47.2441,-14.7638,17.3228,47.2441,-29.5276,7.48031,-47.2441,-59.0549,17.3228,-47.2441,-59.0549,7.4803,-47.2441,-29.5276,7.48031,-47.2441,-14.7638,17.3228,47.2441,59.0549,17.3229,47.2441,59.0549,7.48033,47.2441,29.5276,7.48032,47.2441,14.7638,17.3228]},"normal":{"type":"float32","components":3,"data":[-5.70874e-08,1,2.55312e-07,0,1,3.87573e-07,-2.32918e-07,1,1.08077e-07,-1.23044e-07,1,1.3632e-07,2.18765e-14,1,2.20212e-07,-1,0,0,-1,0,0,-1,0,0,-1,0,0,-1.28763e-08,-3.37555e-07,1,0,-3.44511e-07,1,-2.96195e-07,-2.65527e-07,1,1.88141e-07,-3.40162e-07,1,1.36625e-08,-3.24345e-07,1,0,-3.22979e-07,1,1,0,0,1,0,0,1,0,0,1,0,0,1.28764e-08,-3.37555e-07,1,0,-3.22979e-07,1,-0.707107,-2.29347e-07,0.707107,-1.88141e-07,-3.40162e-07,1,2.96195e-07,-2.65527e-07,1,-0.707107,-2.43606e-07,0.707107,0,-1,-4.40424e-07,0,-1,-4.40424e-07,0,-1,-4.40424e-07,0,-1,-4.40424e-07,1,0,0,1,0,0,1,0,0,1,0,0,6.37278e-08,1,1.84513e-07,0,1,0,1.66846e-07,1,2.63437e-07,9.35132e-08,1,2.8397e-07,0,1,2.20212e-07,1.27456e-07,-1,-3.69027e-07,0,-1,0,3.33693e-07,-1,-5.26875e-07,1.87027e-07,-1,-5.6794e-07,0,-1,-4.40424e-07,-1,0,0,-0.707107,-2.43606e-07,0.707107,-1,0,0,-1,0,0,1,0,0,1,0,0,1,0,0,1,0,0,-0.707107,-2.29347e-07,0.707107,-1,0,0,-1,0,0,-1,0,0]},"texCoord0":{"type":"float32","components":2,"data":[0.313769,0.111291,0.313769,0.111298,0.313774,0.111298,0.313778,0.111298,0.313778,0.111291,0.313769,0.111241,0.313769,0.111306,0.313778,0.111306,0.313778,0.111241,0.113765,0.501538,0.113774,0.501538,0.113774,0.501575,0.113774,0.5016,0.113774,0.501637,0.113765,0.501637,0.313778,0.111241,0.313778,0.111265,0.313773,0.111257,0.313773,0.111241,0.113774,0.501538,0.113774,0.501637,0.113765,0.501637,0.113765,0.5016,0.113765,0.501575,0.113765,0.501538,0.313769,0.111265,0.313778,0.111265,0.313778,0.111272,0.313769,0.111272,0.313778,0.111241,0.313778,0.111306,0.313769,0.111306,0.313769,0.111241,0.313778,0.111272,0.313778,0.111265,0.313774,0.111265,0.313769,0.111265,0.313769,0.111272,0.313778,0.111291,0.313778,0.111298,0.313774,0.111298,0.313769,0.111298,0.313769,0.111291,0.313773,0.111306,0.313778,0.111306,0.313778,0.111282,0.313773,0.11129,0.313778,0.111306,0.313773,0.111306,0.313773,0.11129,0.313778,0.111282,0.313778,0.111241,0.313773,0.111241,0.313773,0.111257,0.313778,0.111265]}}],"meshes":[{"aabb":{"min":[-59.055,-59.0549,-2.15892e-05],"max":[59.055,59.0549,17.3229]},"vertices":0,"indices":[0,1,2,0,2,3,0,3,4,5,6,7,7,8,5,9,10,11,9,11,12,9,12,13,9,13,14,15,16,17,17,18,15,19,20,21,19,21,22,19,22,23,19,23,24,25,26,27,25,27,28,29,30,31,31,32,29,33,34,35,33,35,36,33,36,37,38,39,40,38,40,41,38,41,42,43,44,45,45,46,43,47,48,49,49,50,47,51,52,53,53,54,51],"type":"triangles","base":0,"count":93}],"meshInstances":[{"node":1,"mesh":0}]}}