{"model":{"version":3,"nodes":[{"name":"RootNode","position":[0,0,0],"rotation":[0,0,0],"scale":[0.0254,0.0254,0.0254],"scaleCompensation":false},{"name":"LEVEL63-agua","position":[0,0,0],"rotation":[-90,-0,0],"scale":[1,1,1],"scaleCompensation":false}],"parents":[-1,0],"skins":[],"morphs":[],"vertices":[{"position":{"type":"float32","components":3,"data":[-685.771,479.16,-495.977,-685.771,-289.033,-495.977,-603.87,-342.122,-495.977,-195.467,-416.688,-495.977,-195.467,-339.157,-495.977,-634.724,-409.883,-495.977,-588.393,600.01,-495.977,-669.004,518.855,-495.977,-152.034,606.815,-495.977,-663.206,-342.454,-495.977,-604.987,518.997,-495.977,-152.034,520.18,-495.977]},"normal":{"type":"float32","components":3,"data":[0,0,1,0,0,1,0,0,1,0,0,1,0,0,1,0,0,1,0,0,1,0,0,1,0,0,1,0,0,1,0,0,1,0,0,1]},"texCoord0":{"type":"float32","components":2,"data":[7.16966,124.333,7.16966,110.09,8.74833,109.105,18.9455,107.723,18.9455,109.16,8.1536,107.849,8.15361,126.574,7.49285,125.069,18.9455,126.7,7.60461,109.099,8.72681,125.072,18.9455,125.094]}}],"meshes":[{"aabb":{"min":[-685.771,-416.688,-495.977],"max":[-152.034,606.815,-495.977]},"vertices":0,"indices":[0,1,2,3,4,5,6,7,8,5,2,9,10,11,8,4,2,5,0,10,7,7,10,8,0,2,10,9,2,1],"type":"triangles","base":0,"count":30}],"meshInstances":[{"node":1,"mesh":0}]}}