{"model":{"version":3,"nodes":[{"name":"RootNode","position":[0,0,0],"rotation":[0,0,0],"scale":[0.0254,0.0254,0.0254],"scaleCompensation":false},{"name":"golf_desert_helechoB","position":[0,0,0],"rotation":[-90,-0,0],"scale":[0.482177,0.482177,0.482177],"scaleCompensation":false}],"parents":[-1,0],"skins":[],"morphs":[],"vertices":[{"position":{"type":"float32","components":3,"data":[-0.25415,82.8464,154.452,-0.274475,84.1188,-0.582214,-0.259338,-83.1295,-0.6772,-0.261719,-83.5477,154.321,83.4588,1.86292,154.409,83.7716,2.45898,-0.62661,-82.8206,2.05579,-0.641106,-84.0172,1.86536,154.376,0.264221,-82.8466,154.583,0.283875,-84.1187,-0.452118,0.271484,83.1294,-0.547363,0.271667,83.5475,154.452,-83.4587,1.29199,154.409,-83.772,0.693604,-0.62661,82.8201,1.09668,-0.641106,84.0172,1.28699,154.376]},"normal":{"type":"float32","components":3,"data":[-1,-2.584e-05,6.10896e-05,-1,-9.05785e-05,0.000130354,-1,-1.94787e-05,5.42835e-05,-1,4.54965e-05,-1.52346e-05,-0.00125892,0.999996,0.00259403,-0.00242058,0.99999,0.00383981,-0.00114322,0.999996,0.00246994,1.43399e-05,0.999999,0.00122855,1,1.75839e-05,6.56333e-05,1,7.41542e-05,0.000126159,1,1.20253e-05,5.96861e-05,1,-4.47518e-05,-1.06062e-06,0.00125124,-0.999996,0.00260153,0.00241985,-0.99999,0.00385476,0.00113484,-0.999996,0.0024767,-2.96466e-05,-0.999999,0.00122788]},"texCoord0":{"type":"float32","components":2,"data":[0.040625,0.903348,0.04079,0.675502,0.362088,0.675517,0.362312,0.903348,0.040625,0.903348,0.04079,0.675502,0.362088,0.675517,0.362312,0.903348,0.040625,0.903348,0.04079,0.675502,0.362088,0.675517,0.362312,0.903348,0.040625,0.903348,0.04079,0.675502,0.362088,0.675517,0.362312,0.903348]}}],"meshes":[{"aabb":{"min":[-84.0172,-84.1187,-0.6772],"max":[84.0172,84.1188,154.583]},"vertices":0,"indices":[0,1,2,2,3,0,4,5,6,6,7,4,8,9,10,10,11,8,12,13,14,14,15,12],"type":"triangles","base":0,"count":24}],"meshInstances":[{"node":1,"mesh":0}]}}