{"model":{"version":3,"nodes":[{"name":"RootNode","position":[0,0,0],"rotation":[0,0,0],"scale":[0.01,0.01,0.01],"scaleCompensation":false},{"name":"oscurecedor","position":[0,0,0],"rotation":[-90,-0,0],"scale":[1,1,1],"scaleCompensation":false}],"parents":[-1,0],"skins":[],"morphs":[],"vertices":[{"position":{"type":"float32","components":3,"data":[-2052.26,-3448.97,1061.64,-1516.91,-3452.91,-30.8442,-2052.97,-2429.59,1061.64,-1515.46,-2435.23,-30.8442,1498.98,-3996.92,1061.64,1510.4,-3456.85,-30.8442,-1520.79,-3996.92,1061.64,2052.26,-3448.97,1061.64,2051.54,-2435.23,1061.64,1511.86,-2423.94,-30.8442,2050.12,581.611,1061.64,1514.77,585.554,-30.8442,-1501.12,1129.57,1061.64,-1512.54,589.498,-30.8442,1518.65,1129.57,1061.64,-2054.4,581.61,1061.64,-1512.54,589.498,-30.8442,-2054.4,581.61,1061.64]},"normal":{"type":"float32","components":3,"data":[0.853691,0.311695,0.417203,0.603918,0.599108,0.525693,0.8973,-0.000385742,0.44142,0.897276,-0.00107362,0.441468,-0.313732,0.852482,0.418146,-0.601535,0.602718,0.524296,0.322544,0.847046,0.422467,-0.850551,0.317052,0.419573,-0.896543,0.000384137,0.442957,-0.896565,0.00106751,0.44291,-0.853719,-0.311597,0.417218,-0.60382,-0.599324,0.52556,0.313732,-0.852482,0.418146,0.601634,-0.602505,0.524427,-0.322544,-0.847046,0.422468,0.850521,-0.317151,0.419557,0.601634,-0.602505,0.524427,0.850521,-0.317151,0.419557]},"texCoord0":{"type":"float32","components":2,"data":[-0.633169,1,-0.536891,0,-0.835325,1,-0.753764,0,0.247118,1,0.320151,0,-0.466088,1,0.418262,1,0.618811,1,0.541476,0,1.36683,1,1.46311,2.98023e-08,2.24712,1,2.32015,2.98023e-08,1.53391,1,-1.58174,1,-1.67985,2.98023e-08,2.41826,1]}}],"meshes":[{"aabb":{"min":[-2054.4,-3996.92,-30.8442],"max":[2052.26,1129.57,1061.64]},"vertices":0,"indices":[0,1,2,3,2,1,4,5,6,1,6,5,7,8,5,6,1,0,4,7,5,8,9,5,10,11,8,9,8,11,12,13,14,11,14,13,15,2,16,3,16,2,14,11,10,12,17,13],"type":"triangles","base":0,"count":48}],"meshInstances":[{"node":1,"mesh":0}]}}