{"model":{"version":3,"nodes":[{"name":"RootNode","position":[0,0,0],"rotation":[0,0,0],"scale":[0.0254,0.0254,0.0254],"scaleCompensation":false},{"name":"LEVEL11-rampaborde","position":[0,0,0],"rotation":[-90,-0,0],"scale":[0.3937,0.3937,0.3937],"scaleCompensation":false}],"parents":[-1,0],"skins":[],"morphs":[],"vertices":[{"position":{"type":"float32","components":3,"data":[-2989.14,426.094,-1048,-2989.14,394.364,-1048,-2989.14,426.094,-1092,-2989.14,426.094,-1092,-2989.14,394.364,-1048,-2989.14,394.364,-1092,-3289.14,394.364,-1268,-2989.14,394.364,-1092,-3289.14,394.364,-1224,-2989.14,394.364,-1048,-3289.14,394.364,-1224,-2989.14,394.364,-1092,-2989.14,426.094,-1048,-3289.14,426.094,-1224,-2989.14,394.364,-1048,-3289.14,394.364,-1224,-2989.14,666.094,-1092,-2989.14,698.609,-1092,-2989.14,666.094,-1048,-2989.14,666.094,-1048,-2989.14,698.609,-1048,-2989.14,698.609,-1048,-3289.14,698.609,-1224,-2989.14,666.094,-1048,-3289.14,666.094,-1224,-2989.14,666.094,-1048,-3289.14,698.609,-1224,-3289.14,426.094,-1249,-3289.14,426.094,-1224,-2989.14,426.094,-1092,-2989.14,426.094,-1048,-3289.14,426.094,-1224,-2989.14,698.609,-1048,-2989.14,698.609,-1092,-3289.14,698.609,-1224,-3289.14,698.609,-1268,-3289.14,698.609,-1224,-2989.14,698.609,-1092,-2989.14,666.094,-1092,-2989.14,666.094,-1048,-3289.14,666.094,-1249,-3289.14,666.094,-1224,-3289.14,394.364,-1268,-3289.14,394.364,-1224,-3289.14,426.094,-1224,-3289.14,426.094,-1249,-3289.14,394.364,-1268,-3289.14,666.094,-1249,-3289.14,666.094,-1224,-3289.14,698.609,-1224,-3289.14,698.609,-1268]},"normal":{"type":"float32","components":3,"data":[1,0,0,1,0,0,1,0,0,1,-3.84707e-05,-2.77432e-05,1,-3.84707e-05,-2.77432e-05,1,-3.84707e-05,-2.77432e-05,-1.01726e-07,-1,0,-1.01726e-07,-1,0,-1.01726e-07,-1,0,2.03453e-07,-1,-6.93585e-07,2.03453e-07,-1,-6.93585e-07,2.03453e-07,-1,-6.93585e-07,-0.506015,0,0.862524,-0.506015,0,0.862524,-0.506015,0,0.862524,-0.506015,0,0.862524,1,0,0,1,0,0,1,0,0,1,0,0,1,0,0,-0.506015,0,0.862525,-0.506015,0,0.862525,-0.506015,0,0.862525,-0.506015,0,0.862525,-0.506015,0,0.862525,-0.506015,0,0.862525,1.01725e-07,1,0,1.01725e-07,1,0,1.01725e-07,1,0,1.01725e-07,1,0,1.01725e-07,1,0,8.13803e-07,1,-1.38716e-06,8.13803e-07,1,-1.38716e-06,8.13803e-07,1,-1.38716e-06,2.03451e-07,1,0,2.03451e-07,1,0,2.03451e-07,1,0,-2.03451e-07,-1,0,-2.03451e-07,-1,0,-2.03451e-07,-1,0,-2.03451e-07,-1,0,-1,0,0,-1,0,0,-1,0,0,-1,0,0,-1,0,0,-1,0,0,-1,0,0,-1,0,0,-1,0,0]},"texCoord0":{"type":"float32","components":2,"data":[0.424372,0.104257,0.424372,0.0983776,0.429339,0.104257,0.432987,0.104257,0.424372,0.0983776,0.432987,0.0983776,0.424339,0.16847,0.424337,0.0881014,0.432994,0.163327,0.432995,0.0829584,0.432994,0.163327,0.424337,0.0881014,0.949433,0.765826,0.949433,0.640836,0.937522,0.765826,0.937522,0.640836,0.429339,0.15129,0.432987,0.157169,0.424372,0.15129,0.424372,0.15129,0.424372,0.157169,0.949433,0.765823,0.949433,0.640833,0.937522,0.765823,0.937522,0.640833,0.937522,0.765823,0.949433,0.640833,0.428122,0.16444,0.432982,0.161683,0.428108,0.0885101,0.432986,0.0857534,0.432982,0.161683,0.43299,0.0830183,0.424351,0.0881614,0.432989,0.163387,0.424353,0.16853,0.432989,0.163387,0.424351,0.0881614,0.428098,0.0886067,0.432988,0.08585,0.428112,0.164536,0.432985,0.16178,0.428122,0.16444,0.432982,0.161683,0.432982,0.161683,0.428122,0.16444,0.428122,0.16444,0.424353,0.16853,0.432989,0.163387,0.432989,0.163387,0.424353,0.16853]}}],"meshes":[{"aabb":{"min":[-3289.14,394.364,-1268],"max":[-2989.14,698.609,-1048]},"vertices":0,"indices":[0,1,2,3,4,5,6,7,8,9,10,11,12,13,14,15,14,13,16,17,18,19,17,20,21,22,23,24,25,26,27,28,29,30,29,31,32,33,34,35,36,37,38,39,40,41,40,39,42,43,44,44,45,46,47,48,49,49,50,47],"type":"triangles","base":0,"count":60}],"meshInstances":[{"node":1,"mesh":0}]}}