{"model":{"version":3,"nodes":[{"name":"RootNode","position":[0,0,0],"rotation":[0,0,0],"scale":[0.0254,0.0254,0.0254],"scaleCompensation":false},{"name":"Mesh1 square sand","position":[0,0,0],"rotation":[9.33467e-06,-0,0],"scale":[1,1,1],"scaleCompensation":false}],"parents":[-1,0],"skins":[],"morphs":[],"vertices":[{"position":{"type":"float32","components":3,"data":[59.055,7.48033,-59.0549,-59.055,7.48033,-59.0549,59.055,7.4803,59.0549,-59.055,7.4803,59.0549,59.055,7.4803,59.0549,-59.055,7.48033,-59.0549,-59.055,10.2952,-31.8239,-46.5434,12.1748,-50.7461,-59.055,10.2952,-59.0549,59.055,10.2952,-59.0549,59.055,7.48033,-59.0549,31.7123,10.2952,-59.0549,-59.055,10.2952,59.0549,-59.055,7.4803,59.0549,-40.1917,10.2952,59.0549,-59.055,10.2952,-59.0549,-59.055,7.48033,-59.0549,-59.055,10.2952,-31.8239,59.055,10.2952,59.0549,59.055,7.4803,59.0549,59.055,10.2952,36.6052,18.9118,10.2952,59.0549,59.055,7.4803,59.0549,59.055,10.2952,59.0549,-59.055,7.4803,59.0549,59.055,7.4803,59.0549,-11.0856,10.2952,59.0549,18.9118,10.2952,59.0549,-59.055,7.4803,59.0549,-17.2702,10.2952,-59.0549,-59.055,7.48033,-59.0549,-59.055,10.2952,-59.0549,59.055,7.48033,-59.0549,-59.055,7.48033,-59.0549,11.0998,10.2952,-59.0549,-17.2702,10.2952,-59.0549,-59.055,7.48033,-59.0549,31.7123,10.2952,-59.0549,59.055,7.48033,-59.0549,16.729,10.2952,-39.5957,42.5356,11.4913,-22.8238,11.0998,10.2952,-59.0549,31.7123,10.2952,-59.0549,11.0998,10.2952,-59.0549,42.5356,11.4913,-22.8238,-12.7054,11.3636,-27.1524,16.729,10.2952,-39.5957,-17.2702,10.2952,-59.0549,-46.5434,12.1748,-50.7461,-12.7054,11.3636,-27.1524,-17.2702,10.2952,-59.0549,-40.1917,10.2952,59.0549,-11.0856,10.2952,59.0549,-39.9316,10.2952,46.2627,-17.0692,10.2952,36.5098,-39.9316,10.2952,46.2627,-11.0856,10.2952,59.0549,-39.9316,10.2952,46.2627,-17.0692,10.2952,36.5098,-26.0335,10.2952,13.6212,-59.055,10.2952,13.8098,-26.0335,10.2952,13.6212,-12.7054,11.3636,-27.1524,-39.3007,10.6959,-16.5493,-12.7054,11.3636,-27.1524,-46.5434,12.1748,-50.7461,-11.0856,10.2952,59.0549,18.9118,10.2952,59.0549,-17.0692,10.2952,36.5098,-17.0692,10.2952,36.5098,18.9118,10.2952,59.0549,7.04851,11.9308,27.7007,9.82719,10.4161,-1.62124,17.0707,10.2952,15.0407,42.5356,11.4913,-22.8238,-12.7054,11.3636,-27.1524,42.5356,11.4913,-22.8238,16.729,10.2952,-39.5957,18.9118,10.2952,59.0549,59.055,10.2952,59.0549,36.3053,10.2952,36.0892,18.9118,10.2952,59.0549,36.3053,10.2952,36.0892,17.0707,10.2952,15.0407,17.0707,10.2952,15.0407,46.3737,12.5166,11.4918,42.5356,11.4913,-22.8238,36.3053,10.2952,36.0892,59.055,10.2952,36.6052,46.3737,12.5166,11.4918,59.055,10.2952,13.5403,46.3737,12.5166,11.4918,59.055,10.2952,36.6052,46.3737,12.5166,11.4918,59.055,10.2952,13.5403,42.5356,11.4913,-22.8238,59.055,10.2952,-18.1469,42.5356,11.4913,-22.8238,59.055,10.2952,13.5403,42.5356,11.4913,-22.8238,59.055,10.2952,-18.1469,59.055,10.2952,-59.0549,59.055,10.2952,-18.1469,59.055,7.48033,-59.0549,59.055,10.2952,-59.0549,59.055,10.2952,13.5403,59.055,7.48033,-59.0549,59.055,7.4803,59.0549,59.055,7.48033,-59.0549,59.055,10.2952,36.6052,-59.055,10.2952,40.4487,-59.055,7.4803,59.0549,-59.055,10.2952,59.0549,-59.055,10.2952,13.8098,-59.055,7.4803,59.0549,-59.055,7.48033,-59.0549,-59.055,7.4803,59.0549,-59.055,10.2952,-10.0661,-59.055,7.48033,-59.0549,-59.055,10.2952,59.0549,-40.1917,10.2952,59.0549,-39.9316,10.2952,46.2627,-59.055,10.2952,40.4487,-39.9316,10.2952,46.2627,-59.055,10.2952,13.8098,-59.055,10.2952,-10.0661,-39.3007,10.6959,-16.5493,-46.5434,12.1748,-50.7461,-59.055,10.2952,59.0549,-39.9316,10.2952,46.2627,-59.055,10.2952,40.4487,42.5356,11.4913,-22.8238,59.055,10.2952,-59.0549,31.7123,10.2952,-59.0549,59.055,10.2952,36.6052,36.3053,10.2952,36.0892,59.055,10.2952,59.0549,9.82719,10.4161,-1.62124,42.5356,11.4913,-22.8238,-12.7054,11.3636,-27.1524,7.04851,11.9308,27.7007,17.0707,10.2952,15.0407,-26.0335,10.2952,13.6212,17.0707,10.2952,15.0407,7.04851,11.9308,27.7007,18.9118,10.2952,59.0549,7.04851,11.9308,27.7007,-26.0335,10.2952,13.6212,-17.0692,10.2952,36.5098,-39.9316,10.2952,46.2627,-26.0335,10.2952,13.6212,-59.055,10.2952,13.8098,9.82719,10.4161,-1.62124,-12.7054,11.3636,-27.1524,-26.0335,10.2952,13.6212,-59.055,10.2952,13.8098,-12.7054,11.3636,-27.1524,-39.3007,10.6959,-16.5493,46.3737,12.5166,11.4918,17.0707,10.2952,15.0407,36.3053,10.2952,36.0892,-46.5434,12.1748,-50.7461,-17.2702,10.2952,-59.0549,-59.055,10.2952,-59.0549,17.0707,10.2952,15.0407,9.82719,10.4161,-1.62124,-26.0335,10.2952,13.6212,-39.3007,10.6959,-16.5493,-59.055,10.2952,-10.0661,-59.055,10.2952,13.8098,-59.055,10.2952,-10.0661,-46.5434,12.1748,-50.7461,-59.055,10.2952,-31.8239,11.0998,10.2952,-59.0549,-17.2702,10.2952,-59.0549,16.729,10.2952,-39.5957]},"normal":{"type":"float32","components":3,