{"model":{"version":3,"nodes":[{"name":"RootNode","position":[0,0,0],"rotation":[0,0,0],"scale":[0.0254,0.0254,0.0254],"scaleCompensation":false},{"name":"Mesh1 Inner_corner Model 270","position":[0,0,0],"rotation":[-90,0,0],"scale":[1,1,1],"scaleCompensation":false}],"parents":[-1,0],"skins":[],"morphs":[],"vertices":[{"position":{"type":"float32","components":3,"data":[-47.2439,-59.0549,-3.33786e-05,-47.2439,-59.0549,17.3228,-59.055,-59.0549,-3.83854e-05,-59.055,-59.0549,17.3228,-59.055,-47.2448,-3.3617e-05,-59.055,-59.0549,-3.83854e-05,-59.055,-47.2448,7.48028,-59.055,-47.2448,17.3228,-59.055,-59.0549,17.3228,-47.2439,-47.2448,17.3228,-59.055,-47.2448,17.3228,-47.2439,-59.0549,17.3228,-59.055,-59.0549,17.3228,-47.2439,-47.2448,7.48028,-59.055,-47.2448,7.48028,-47.2439,-47.2448,17.3228,-59.055,-47.2448,17.3228,-47.2439,-47.2448,17.3228,-47.2439,-59.0549,17.3228,-47.2439,-47.2448,7.48028,-47.2439,-59.0549,7.48028]},"normal":{"type":"float32","components":3,"data":[3.22976e-07,-1,-4.40424e-07,3.22976e-07,-1,-4.40424e-07,3.22976e-07,-1,-4.40424e-07,3.22976e-07,-1,-4.40424e-07,-1,1.29201e-06,-5.09965e-07,-1,7.1597e-07,6.8364e-08,-1,1.07246e-06,-1.63332e-07,-1,3.69136e-07,4.08972e-07,-1,-2.13387e-13,6.60636e-07,-3.22976e-07,-3.23002e-07,1,-3.22976e-07,-3.23002e-07,1,-3.22976e-07,-3.23002e-07,1,-3.22976e-07,-3.23002e-07,1,-3.22976e-07,1,7.75146e-07,-3.22976e-07,1,7.75147e-07,-3.22976e-07,1,7.75147e-07,-3.22976e-07,1,7.75147e-07,1,3.23002e-07,3.87574e-07,1,3.23002e-07,3.87573e-07,1,3.23002e-07,3.87574e-07,1,3.23002e-07,3.87574e-07]},"texCoord0":{"type":"float32","components":2,"data":[0.313769,0.111297,0.313778,0.111297,0.313769,0.111304,0.313778,0.111304,0.313778,0.111249,0.313778,0.111242,0.313774,0.111249,0.313769,0.111249,0.313769,0.111242,0.113776,0.501625,0.113776,0.501613,0.113765,0.501625,0.113765,0.501613,0.313773,0.111297,0.313773,0.111304,0.313778,0.111297,0.313778,0.111304,0.31378,0.111325,0.313769,0.111325,0.31378,0.111316,0.313769,0.111316]}}],"meshes":[{"aabb":{"min":[-59.055,-59.0549,-3.83854e-05],"max":[-47.2439,-47.2448,17.3228]},"vertices":0,"indices":[0,1,2,2,1,3,4,5,6,6,5,7,7,5,8,9,10,11,12,11,10,13,14,15,16,15,14,17,18,19,20,19,18],"type":"triangles","base":0,"count":33}],"meshInstances":[{"node":1,"mesh":0}]}}