{"model":{"version":3,"nodes":[{"name":"RootNode","position":[0,0,0],"rotation":[0,0,0],"scale":[0.0254,0.0254,0.0254],"scaleCompensation":false},{"name":"Mesh1 Narrow_round Model","position":[0,0,0],"rotation":[-90,0,0],"scale":[1,1,1],"scaleCompensation":false}],"parents":[-1,0],"skins":[],"morphs":[],"vertices":[{"position":{"type":"float32","components":3,"data":[-59.055,59.0549,17.3229,-47.2441,59.0549,17.3229,-47.2441,59.0549,7.48033,-47.2441,59.0549,1.86559e-05,-59.055,59.0549,1.92425e-05,-59.055,-59.0549,-2.15892e-05,-59.055,-59.0549,17.3228,-59.055,59.0549,17.3229,-59.055,59.0549,1.92425e-05,-27.5591,-2.82225e-06,17.3228,-47.2441,59.0549,17.3229,-59.055,59.0549,17.3229,-59.055,-59.0549,17.3228,-47.2441,-59.0549,17.3228,-59.055,-59.0549,-2.15892e-05,-47.2441,-59.0549,-1.98292e-05,-47.2441,-59.0549,7.48029,-47.2441,-59.0549,17.3228,-59.055,-59.0549,17.3228,-27.5591,-2.82225e-06,17.3228,-27.5591,2.596e-06,7.48031,-47.2441,59.0549,7.48033,-47.2441,59.0549,17.3229,-47.2441,-59.0549,17.3228,-47.2441,-59.0549,7.48029,-27.5591,2.596e-06,7.48031,-27.5591,-2.82225e-06,17.3228,59.055,59.0549,17.3229,59.055,59.0549,1.92425e-05,47.2441,59.0549,1.86559e-05,47.2441,59.0549,7.48033,47.2441,59.0549,17.3229,27.5591,-2.82225e-06,17.3228,47.2441,-59.0549,17.3228,59.055,-59.0549,17.3228,59.055,59.0549,17.3229,47.2441,59.0549,17.3229,27.5591,-2.82225e-06,17.3228,27.5591,2.596e-06,7.48031,47.2441,-59.0549,7.48029,47.2441,-59.0549,17.3228,47.2441,-59.0549,17.3228,47.2441,-59.0549,7.48029,47.2441,-59.0549,-1.98292e-05,59.055,-59.0549,-1.98292e-05,59.055,-59.0549,17.3228,59.055,59.0549,17.3229,59.055,-59.0549,17.3228,59.055,-59.0549,-1.98292e-05,59.055,59.0549,1.92425e-05,47.2441,59.0549,17.3229,47.2441,59.0549,7.48033,27.5591,2.596e-06,7.48031,27.5591,-2.82225e-06,17.3228]},"normal":{"type":"float32","components":3,"data":[-5.70874e-08,1,2.55312e-07,0,1,3.87573e-07,-2.32918e-07,1,1.08077e-07,-1.23044e-07,1,1.3632e-07,1.09382e-14,1,2.20212e-07,-1,0,0,-1,0,0,-1,0,0,-1,0,0,5.41607e-14,-3.22979e-07,1,0,-3.22979e-07,1,1.95226e-14,-3.22979e-07,1,1.95226e-14,-3.22979e-07,1,0,-3.22979e-07,1,1.27456e-07,-1,-3.69027e-07,0,-1,0,3.33693e-07,-1,-5.26875e-07,1.87027e-07,-1,-5.6794e-07,0,-1,-4.40424e-07,1,-1.9999e-08,-2.71081e-09,1,2.99985e-08,-3.73794e-09,0.948683,0.316229,1.27705e-07,0.948683,0.316229,1.22562e-07,0.948683,-0.316229,-2.38031e-07,0.948683,-0.316229,-2.45124e-07,1,2.99985e-08,-3.73794e-09,1,-1.9999e-08,-2.71081e-09,5.70873e-08,1,2.55312e-07,-1.09382e-14,1,2.20212e-07,1.23044e-07,1,1.3632e-07,2.32917e-07,1,1.08077e-07,0,1,3.87573e-07,-5.41606e-14,-3.22979e-07,1,0,-3.22979e-07,1,-1.95226e-14,-3.22979e-07,1,-1.95226e-14,-3.22979e-07,1,0,-3.22979e-07,1,-1,-4.99976e-08,-3.73798e-09,-1,6.99966e-08,-2.71077e-09,-0.948683,-0.316229,-2.38031e-07,-0.948683,-0.316229,-2.45124e-07,0,-1,-4.40424e-07,-1,0,0,0,-1,-4.40424e-07,0,-1,-4.40424e-07,0,-1,-4.40424e-07,1,0,0,1,0,0,1,0,0,1,0,0,-0.948683,0.316229,1.27705e-07,-0.948683,0.316229,1.22562e-07,-1,6.99966e-08,-2.71077e-09,-1,-4.99976e-08,-3.73798e-09]},"texCoord0":{"type":"float32","components":2,"data":[0.31378,0.111244,0.31377,0.111244,0.31377,0.111236,0.31377,0.11123,0.31378,0.11123,0.31378,0.111242,0.313769,0.111242,0.313769,0.11132,0.31378,0.11132,0.113775,0.501609,0.11377,0.501618,0.113764,0.501618,0.113764,0.501561,0.11377,0.501561,0.313778,0.111262,0.313778,0.111269,0.313774,0.111269,0.313769,0.111269,0.313769,0.111262,0.313778,0.111243,0.313773,0.111243,0.313773,0.111239,0.313778,0.111239,0.313778,0.111303,0.313773,0.111303,0.313773,0.111298,0.313778,0.111298,0.31377,0.111244,0.31377,0.11123,0.313779,0.11123,0.313779,0.111236,0.313779,0.111244,0.113765,0.501561,0.113765,0.501561,0.113765,0.501561,0.113765,0.501561,0.113765,0.501561,0.313778,0.111298,0.313773,0.111298,0.313773,0.111303,0.313778,0.111303,0.313768,0.111282,0.313768,0.111273,0.313768,0.111265,0.31378,0.111265,0.31378,0.111282,0.313769,0.11132,0.313769,0.111242,0.31378,0.111242,0.31378,0.11132,0.313778,0.111239,0.313773,0.111239,0.313773,0.111243,0.313778,0.111243]}}],"meshes":[{"aabb":{"min":[-59.055,-59.0549,-2.15892e-05],"max":[59.055,59.0549,17.3229]},"vertices":0,"indices":[0,1,2,0,2,3,0,3,4,5,6,7,7,8,5,9,10,11,9,11,12,9,12,13,14,15,16,14,16,17,14,17,18,19,20,21,21,22,19,23,24,25,25,26,23,27,28,29,27,29,30,27,30,31,32,33,34,32,34,35,32,35,36,37,38,39,39,40,37,41,42,43,41,43,44,41,44,45,46,47,48,48,49,46,50,51,52,52,53,50],"type":"triangles","base":0,"count":90}],"meshInstances":[{"node":1,"mesh":0}]}}