{"model":{"version":3,"nodes":[{"name":"RootNode","position":[0,0,0],"rotation":[0,0,0],"scale":[0.0254,0.0254,0.0254],"scaleCompensation":false},{"name":"LEVEL87-flechas","position":[0,0,0],"rotation":[-90,-0,0],"scale":[0.3937,0.3937,0.3937],"scaleCompensation":false}],"parents":[-1,0],"skins":[],"morphs":[],"vertices":[{"position":{"type":"float32","components":3,"data":[-3767.03,-7.05882,-1239.43,-3767.03,-92.549,-1239.43,-3713.72,-49.9388,-1215.96,-2513.89,-54.2403,-1266.72,-2566.74,-11.7768,-1274.48,-2566.74,-96.522,-1274.48,-3671.82,-7.05881,-1197.49,-3671.82,-92.549,-1197.49,-3618.51,-49.9388,-1174.02,-2418.69,-54.2407,-1252.78,-2471.53,-11.7773,-1260.54,-2471.53,-96.5221,-1260.54,-3858.95,-7.05884,-1279.69,-3858.95,-92.549,-1279.69,-3805.64,-49.9388,-1256.22,-2605.81,-54.2403,-1280.92,-2658.66,-11.7769,-1288.68,-2658.66,-96.522,-1288.68,-3770.6,0.654907,-1241,-3770.6,-100.234,-1241,-3767.03,-92.549,-1239.43,-3767.03,-92.549,-1239.43,-3767.03,-7.05882,-1239.43,-3770.6,0.654907,-1241,-3770.6,-100.234,-1241,-3707.68,-49.9487,-1213.3,-3713.72,-49.9388,-1215.96,-3713.72,-49.9388,-1215.96,-3767.03,-92.549,-1239.43,-3770.6,-100.234,-1241,-3707.68,-49.9487,-1213.3,-3770.6,0.654907,-1241,-3767.03,-7.05882,-1239.43,-3767.03,-7.05882,-1239.43,-3713.72,-49.9388,-1215.96,-3707.68,-49.9487,-1213.3,-2507.68,-54.2468,-1265.81,-2570.6,-3.69414,-1275.05,-2566.74,-11.7768,-1274.48,-2566.74,-11.7768,-1274.48,-2513.89,-54.2403,-1266.72,-2507.68,-54.2468,-1265.81,-2570.6,-3.69414,-1275.05,-2570.6,-104.583,-1275.05,-2566.74,-96.522,-1274.48,-2566.74,-96.522,-1274.48,-2566.74,-11.7768,-1274.48,-2570.6,-104.583,-1275.05,-2507.68,-54.2468,-1265.81,-2513.89,-54.2403,-1266.72,-2513.89,-54.2403,-1266.72,-2566.74,-96.522,-1274.48,-2570.6,-104.583,-1275.05,-3675.39,0.654907,-1199.06,-3675.39,-100.234,-1199.06,-3671.82,-92.549,-1197.49,-3671.82,-92.549,-1197.49,-3671.82,-7.05881,-1197.49,-3675.39,0.654907,-1199.06,-3675.39,-100.234,-1199.06,-3612.48,-49.9487,-1171.36,-3618.51,-49.9388,-1174.02,-3618.51,-49.9388,-1174.02,-3671.82,-92.549,-1197.49,-3675.39,-100.234,-1199.06,-3612.48,-49.9487,-1171.36,-3675.39,0.654907,-1199.06,-3671.82,-7.05881,-1197.49,-3671.82,-7.05881,-1197.49,-3618.51,-49.9388,-1174.02,-3612.48,-49.9487,-1171.36,-2412.48,-54.2473,-1251.87,-2475.39,-3.69456,-1261.11,-2471.53,-11.7773,-1260.54,-2471.53,-11.7773,-1260.54,-2418.69,-54.2407,-1252.78,-2412.48,-54.2473,-1251.87,-2475.39,-3.69456,-1261.11,-2475.39,-104.583,-1261.11,-2471.53,-96.5221,-1260.54,-2471.53,-96.5221,-1260.54,-2471.53,-11.7773,-1260.54,-2475.39,-3.69456,-1261.11,-2475.39,-104.583,-1261.11,-2412.48,-54.2473,-1251.87,-2418.69,-54.2407,-1252.78,-2418.69,-54.2407,-1252.78,-2471.53,-96.5221,-1260.54,-2475.39,-104.583,-1261.11,-3862.52,0.654907,-1281.27,-3862.52,-100.234,-1281.27,-3858.95,-92.549,-1279.69,-3858.95,-92.549,-1279.69,-3858.95,-7.05884,-1279.69,-3862.52,0.654907,-1281.27,-3862.52,-100.234,-1281.27,-3799.61,-49.9487,-1253.57,-3805.64,-49.9388,-1256.22,-3805.64,-49.9388,-1256.22,-3858.95,-92.549,-1279.69,-3862.52,-100.234,-1281.27,-3799.61,-49.9487,-1253.57,-3862.52,0.654907,-1281.27,-3858.95,-7.05884,-1279.69,-3858.95,-7.05884,-1279.69,-3805.64,-49.9388,-1256.22,-3799.61,-49.9487,-1253.57,-2599.6,-54.2468,-1280.01,-2662.52,-3.69414,-1289.25,-2658.66,-11.7769,-1288.68,-2658.66,-11.7769,-1288.68,-2605.81,-54.2403,-1280.92,-2599.6,-54.2468,-1280.01,-2662.52,-3.69414,-1289.25,-2662.52,-104.583,-1289.25,-2658.66,-96.522,-1288.68,-2658.66,-96.522,-1288.68,-2658.66,-11.7769,-1288.68,-2662.52,-3.69414,-1289.25,-2662.52,-104.583,-1289.25,-2599.6,-54.2468,-1280.01,-2605.81,-54.2403,-1280.92,-2605.81,-54.2403,-1280.92,-2658.66,-96.522,-1288.68,-2662.52,-104.583,-1289.25]},"normal":{"type":"float32","components":3,"data":[-0.402913,0,0.915239,-0.402913,0,0.915238,-0.402913,0,0.915238,-0.145281,0,0.98939,-0.145281,0,0.98939,-0.145281,0,0.98939,-0.402926,0,0.915233,-0.402926,0,0.915233,-0.402926,0,0.915233,-0.145281,0,0.98939,-0.145281,0,0.98939,-0.145281,0,0.98939,-0.402914,0,0.915238,-0.402914,0,0.915238,-0.402914,0,0.915238,-0.145274,0,0.989391,-0.145274,0,0.989392,-0.145274,0,0.989391,-0.40291,0,0.91524,-0.40291,0,0.91524,-0.40291,0,0.91524,-0.40291,0,0.91524,-0.40291,0,0.91524,-0.40291,0,0.91524,-0.402914,1.69969e-06,0.915238,-0.402914,1.69969e-06,0.915238,-0.402914,1.69969e-06,0.915238,-0.402914,2.54797e-06,0.915238,-0.402914,2.54797e-06,0.915238,-0.402914,2.54797e-06,0.915238,-0.402914,-2.49808e-06,0.915238,-0.402914,-2.49808e-06,0.915238,-0.402914,-2.49808e-06,0.915238,-0.402914,-1.62277e-06,0.915238,-0.402914,-1.62277e-06,0.915238,-0.402914,-1.62277e-06,0.915238,-0.145281,-9.63257e-08,0.98939,-0.145281,-9.63257e-08,0.98939,-0.145281,-9.63258e-08,0.989391,-0.145281,7.1672e-08,0.98939,-0.145281,7.16721e-08,0.989391,-0.145281,7.1672e-08,0.98939,-0.145281,0,0.98939,-0.145281,0,0.98939,-0.145281,0,0.989391,-0.145281,0,0.98939,-0.145281,0,0.98939,-0.145281,-6.03031e-08,0.98939,-0.145281,-6.03031e-08,0.98939,-0.145281,-6.03031e-08,0.989391,-0.145281,1.07687e-07,0.98939,-0.145281,1.07687e-07,0.98939,-0.145281,1.07687e-07,0.98939,-0.402927,0,0.915232,-0.402927,0,0.915232,-0.402927,0,0.915232,-0.402927,0,0.915232,-0.402927,0,0.915232,-0.402927,0,0.915232,-0.402925,-6.43123e-07,0.915233,-0.402925,-6.43123e-07,0.915233,-0.402925,-6.43123e-07,0.915233,-0.402925,-1.05713e-06,0.915233,-0.402925,-1.05713e-06,0.915233,-0.402925,-1.05713e-06,0.915233,-0.402925,1.03131e-06,0.915233,-0.402925,1.03131e-06,0.915233,-0.402925,1.03131e-06,0.915233,-0.402925,5.95013e-07,0.915233,-0.402925,5.95013e-07,0.915233,-0.402925,5.95013e-07,0.915233,-0.145281,-8.54891e-07,0.98939,-0.145281,-8.54891e-07,0.98939,-0.145281,-8.54891e-07,0.98939,-0.145281,1.72013e-07,0.98939,-0.145281,1.72013e-07,0.98939,-0.145281,1.72013e-07,0.98939,-0.14528,0,0.989391,-0.14528,0,0.989391,-0.14528,0,0.989391,-0.14528,0,0.989391,-0.14528,0,0.989391,-0.14528,0,0.989391,-0.145281,-6.03035e-08,0.98939,-0.145281,-6.03035e-08,0.989391,-0.145281,-6.03035e-08,0.98939,-0.145281,9.1893e-07,0.98939,-0.145281,9.1893e-07,0.98939,-0.145281,9.1893e-07,0.98939,-0.402911,0,0.915239,-0.402911,0,0.915239,-0.402911,0,0.915239,-0.402911,0,0.915239,-0.402911,0,0.915239,-0.402911,0,0.915239,-0.402914,5.05314e-07,0.915238,-0.402914,5.05314e-07,0.915238,-0.402914,5.05314e-07,0.915238,-0.402916,2.33113e-06,0.915237,-0.402916,2.33113e-06,0.915237,-0.402916,2.33113e-06,0.915237,-0.402915,-2.20015e-06,0.915237,-0.402915,-2.20015e-06,0.915237,-0.402915,-2.20015e-06,0.915237,-0.402914,-2.70462e-07,0.915238,-0.402914,-2.70462e-07,0.915238,-0.402914,-2.70462e-07,0.915238,-0.145274,2.52855e-07,0.989392,-0.145274,2.52855e-07,0.989392,-0.145273,2.52855e-07,0.989391,-0.145273,2.86689e-07,0.989392,-0.145273,2.86689e-07,0.989392,-0.145273,2.86689e-07,0.989392,-0.145274,0,0.989391,-0.145274,0,0.989392,-0.145274,0,0.989392,-0.145274,0,0.989391,-0.145274,0,0.989392,-0.145274,0,0.989392,-0.145273,-2.77395e-07,0.989392,-0.145273,-2.77395e-07,0.989392,-0.145273,-2.77395e-07,0.989392,-0.145274,-2.44089e-07,0.989392,-0.145273,-2.44089e-07,0.989392,-0.145274,-2.44089e-07,0.989392]},"texCoord0":{"type":"float32","components":2,