{"model":{"version":3,"nodes":[{"name":"RootNode","position":[0,0,0],"rotation":[0,0,0],"scale":[0.0254,0.0254,0.0254],"scaleCompensation":false},{"name":"Mesh1 split solo","position":[0,0,0],"rotation":[-90,0,0],"scale":[1,1,1],"scaleCompensation":false}],"parents":[-1,0],"skins":[],"morphs":[],"vertices":[{"position":{"type":"float32","components":3,"data":[5.90546,59.0549,4.56422e-05,-5.90557,59.0549,4.56422e-05,-5.90557,59.0549,7.48036,-5.90557,59.0549,17.3229,5.90546,59.0549,17.3229,5.90546,-59.0549,17.3228,5.90546,-59.0549,7.48032,5.90546,59.0549,7.48036,5.90546,59.0549,17.3229,5.90546,-59.0549,5.98384e-06,5.90546,-59.0549,17.3228,-5.90557,-59.0549,17.3228,-5.90557,-59.0549,7.48032,-5.90557,-59.0549,5.98384e-06,-5.90557,59.0549,7.48036,-5.90557,-59.0549,7.48032,-5.90557,-59.0549,17.3228,-5.90557,59.0549,17.3229,-5.90557,59.0549,17.3229,-5.90557,-59.0549,17.3228,5.90546,-59.0549,17.3228,5.90546,59.0549,17.3229]},"normal":{"type":"float32","components":3,"data":[6.37268e-08,1,1.84514e-07,0,1,0,1.66843e-07,1,2.63437e-07,9.35129e-08,1,2.83971e-07,0.707107,0.707107,1.55713e-07,0.707107,-0.707107,-3.11427e-07,1,4.03723e-09,3.12945e-15,1,4.03723e-09,1.64754e-15,0.707107,0.707107,1.55713e-07,-1.27454e-07,-1,-3.69029e-07,0.707107,-0.707107,-3.11427e-07,-1.87026e-07,-1,-5.67942e-07,-3.33686e-07,-1,-5.26873e-07,0,-1,0,-1,-4.03723e-09,-1.64754e-15,-1,-4.03723e-09,-3.12945e-15,-1,-4.03723e-09,-3.04663e-15,-1,-4.03723e-09,-1.56472e-15,0,-3.22979e-07,1,0,-3.22979e-07,1,0,-3.22979e-07,1,0,-3.22979e-07,1]},"texCoord0":{"type":"float32","components":2,"data":[0.313778,0.111264,0.313778,0.111257,0.313774,0.111257,0.313769,0.111257,0.313769,0.111264,0.313778,0.111307,0.313773,0.111307,0.313773,0.111242,0.313778,0.111242,0.313778,0.111264,0.313769,0.111264,0.313769,0.111257,0.313774,0.111257,0.313778,0.111257,0.313773,0.111242,0.313773,0.111307,0.313778,0.111307,0.313778,0.111242,0.113765,0.501637,0.113765,0.501538,0.113774,0.501538,0.113774,0.501637]}}],"meshes":[{"aabb":{"min":[-5.90557,-59.0549,5.98384e-06],"max":[5.90546,59.0549,17.3229]},"vertices":0,"indices":[0,1,2,0,2,3,0,3,4,5,6,7,7,8,5,9,10,11,9,11,12,9,12,13,14,15,16,16,17,14,18,19,20,20,21,18],"type":"triangles","base":0,"count":36}],"meshInstances":[{"node":1,"mesh":0}]}}