{"model":{"version":3,"nodes":[{"name":"RootNode","position":[0,0,0],"rotation":[0,0,0],"scale":[0.0254,0.0254,0.0254],"scaleCompensation":false},{"name":"LEVEL83-rampas","position":[0,0,0],"rotation":[-90,-0,0],"scale":[0.3937,0.3937,0.3937],"scaleCompensation":false}],"parents":[-1,0],"skins":[],"morphs":[],"vertices":[{"position":{"type":"float32","components":3,"data":[-2389.14,396.094,-1249.15,-2689.14,396.094,-1294.12,-2689.14,96.0935,-1294.12,-2689.14,96.0935,-1294.12,-2389.14,96.0935,-1249.15,-2389.14,396.094,-1249.15,-2389.14,396.094,-1294.75,-2689.14,396.094,-1294.12,-2389.14,396.094,-1249.15,-2389.14,96.0937,-1294.75,-2389.14,396.094,-1249.15,-2389.14,96.0937,-1249.15,-2389.14,96.0937,-1294.75,-2389.14,396.094,-1294.75,-2389.14,96.0937,-1294.75,-2389.14,96.0937,-1249.15,-2689.14,96.0937,-1294.12,-2539.14,-98.9056,-1283.5,-2539.14,-143.906,-1294.12,-2527.49,-97.3721,-1283.5,-2515.84,-140.839,-1294.12,-2527.49,-97.3721,-1283.5,-2539.14,-143.906,-1294.12,-2539.14,-98.9056,-1283.5,-2550.78,-97.3721,-1283.5,-2539.14,-143.906,-1294.12,-2562.43,-140.839,-1294.12,-2539.14,-143.906,-1294.12,-2550.78,-97.3721,-1283.5,-2515.84,-140.839,-1294.12,-2494.14,-131.848,-1294.12,-2527.49,-97.3721,-1283.5,-2516.64,-92.8769,-1283.5,-2527.49,-97.3721,-1283.5,-2494.14,-131.848,-1294.12,-2494.14,-131.848,-1294.12,-2475.5,-117.546,-1294.12,-2516.64,-92.8769,-1283.5,-2507.32,-85.7266,-1283.5,-2516.64,-92.8769,-1283.5,-2475.5,-117.546,-1294.12,-2507.32,-85.7266,-1283.5,-2475.5,-117.546,-1294.12,-2500.16,-76.4066,-1283.5,-2461.19,-98.9056,-1294.12,-2500.16,-76.4066,-1283.5,-2475.5,-117.546,-1294.12,-2500.16,-76.4066,-1283.5,-2461.19,-98.9056,-1294.12,-2495.67,-65.553,-1283.5,-2452.2,-77.2,-1294.12,-2495.67,-65.553,-1283.5,-2461.19,-98.9056,-1294.12,-2495.67,-65.553,-1283.5,-2452.2,-77.2,-1294.12,-2494.14,-53.9059,-1283.5,-2449.14,-53.9059,-1294.12,-2494.14,-53.9059,-1283.5,-2452.2,-77.2,-1294.12,-2494.14,-53.9059,-1283.5,-2449.14,-53.9059,-1294.12,-2495.67,-42.2589,-1283.5,-2452.2,-30.6119,-1294.12,-2495.67,-42.2589,-1283.5,-2449.14,-53.9059,-1294.12,-2452.2,-30.6119,-1294.12,-2461.19,-8.90623,-1294.12,-2495.67,-42.2589,-1283.5,-2500.16,-31.4053,-1283.5,-2495.67,-42.2589,-1283.5,-2461.19,-8.90623,-1294.12,-2461.19,-8.90623,-1294.12,-2475.5,9.73391,-1294.12,-2500.16,-31.4053,-1283.5,-2507.32,-22.0853,-1283.5,-2500.16,-31.4053,-1283.5,-2475.5,9.73391,-1294.12,-2507.32,-22.0853,-1283.5,-2475.5,9.73391,-1294.12,-2516.64,-14.935,-1283.5,-2494.14,24.0359,-1294.12,-2516.64,-14.935,-1283.5,-2475.5,9.73391,-1294.12,-2516.64,-14.935,-1283.5,-2494.14,24.0359,-1294.12,-2527.49,-10.4382,-1283.5,-2515.84,33.0279,-1294.12,-2527.49,-10.4382,-1283.5,-2494.14,24.0359,-1294.12,-2527.49,-10.4382,-1283.5,-2515.84,33.0279,-1294.12,-2539.14,-8.90624,-1283.5,-2539.14,36.0934,-1294.12,-2539.14,-8.90624,-1283.5,-2515.84,33.0279,-1294.12,-2539.14,36.0934,-1294.12,-2562.43,33.0279,-1294.12,-2539.14,-8.90624,-1283.5,-2550.78,-10.4382,-1283.5,-2539.14,-8.90624,-1283.5,-2562.43,33.0279,-1294.12,-2562.43,33.0279,-1294.12,-2584.14,24.0359,-1294.12,-2550.78,-10.4382,-1283.5,-2561.64,-14.935,-1283.5,-2550.78,-10.4382,-1283.5,-2584.14,24.0359,-1294.12,-2584.14,24.0359,-1294.12,-2602.78,9.73391,-1294.12,-2561.64,-14.935,-1283.5,-2570.96,-22.0853,-1283.5,-2561.64,-14.935,-1283.5,-2602.78,9.73391,-1294.12,-2570.96,-22.0853,-1283.5,-2602.78,9.73391,-1294.12,-2578.11,-31.4053,-1283.5,-2617.08,-8.90623,-1294.12,-2578.11,-31.4053,-1283.5,-2602.78,9.73391,-1294.12,-2578.11,-31.4053,-1283.5,-2617.08,-8.90623,-1294.12,-2582.6,-42.2589,-1283.5,-2626.07,-30.6119,-1294.12,-2582.6,-42.2589,-1283.5,-2617.08,-8.90623,-1294.12,-2582.6,-42.2589,-1283.5,-2626.07,-30.6119,-1294.12,-2584.14,-53.9059,-1283.5,-2629.14,-53.9059,-1294.12,-2584.14,-53.9059,-1283.5,-2626.07,-30.6119,-1294.12,-2582.6,-65.553,-1283.5,-2584.14,-53.9059,-1283.5,-2626.07,-77.2,-1294.12,-2629.14,-53.9059,-1294.12,-2626.07,-77.2,-1294.12,-2584.14,-53.9059,-1283.5,-2582.6,-65.553,-1283.5,-2626.07,-77.2,-1294.12,-2578.11,-76.4066,-1283.5,-2617.08,-98.9056,-1294.12,-2578.11,-76.4066,-1283.5,-2626.07,-77.2,-1294.12,-2578.11,-76.4066,-1283.5,-2617.08,-98.9056,-1294.12,-2570.96,-85.7266,-1283.5,-2602.78,-117.546,-1294.12,-2570.96,-85.7266,-1283.5,-2617.08,-98.9056,-1294.12,-2602.78,-117.546,-1294.12,-2584.14,-131.848,-1294.12,-2570.96,-85.7266,-1283.5,-2561.64,-92.8769,-1283.5,-2570.96,-85.7266,-1283.5,-2584.14,-131.848,-1294.12,-2561.64,-92.8769,-1283.5,-2584.14,-131.848,-1294.12,-2550.78,-97.3721,-1283.5,-2562.43,-140.839,-1294.12,-2550.78,-97.3721,-1283.5,-2584.14,-131.848,-1294.12,-2507.32,-85.7266,-1283.5,-2500.16,-76.4066,-1283.5,-2516.64,-92.8769,-1283.5,-2516.64,-92.8769,-1283.5,-2500.16,-76.4066,-1283.5,-2527.49,-97.3721,-1283.5,-2527.49,-97.3721,-1283.5,-2500.16,-76.4066,-1283.5,-2539.14,-98.9056,-1283.5,-2539.14,-98.9056,-1283.5,-2500.16,-76.4066,-1283.5,-2550.78,-97.3721,-1283.5,-2550.78,-97.3721,-1283.5,-2500.16,-76.4066,-1283.5,-2561.64,-92.8769,-1283.5,-2561.64,-92.8769,-1283.5,-2570.96,-85.7266,-1283.5,-2578.11,-76.4066,-1283.5,-2582.6,-65.553,-1283.5,-2584.14,-53.9059,-1283.5,-2582.6,-42.2589,-1283.5,-2578.11,-31.4053,-1283.5,-2578.11,-31.4053,-1283.5,-2570.96,-22.0853,-1283.5,-2570.96,-22.0853,-1283.5,-2561.64,-14.935,-1283.5,-2550.78,-10.4382,-1283.5,-2539.14,-8.90624,-1283.5,-2539.14,-8.90624,-1283.5,-2527.49,-10.4382,-1283.5,-2516.64,-14.935,-1283.5,-2507.32,-22.0853,-1283.5,-2500.16,-31.4053,-1283.5,-2495.67,-42.2589,-1283.5,-2494.14,-53.9059,-1283.5,-2495.67,-65.553,-1283.5]},"normal":{"type":"float32","components":3,