{"model":{"version":3,"nodes":[{"name":"RootNode","position":[0,0,0],"rotation":[0,0,0],"scale":[0.0254,0.0254,0.0254],"scaleCompensation":false},{"name":"golf_bosque_hojas","position":[0,0,0],"rotation":[-90,-0,0],"scale":[1,1,0.009283],"scaleCompensation":false}],"parents":[-1,0],"skins":[],"morphs":[],"vertices":[{"position":{"type":"float32","components":3,"data":[-104.131,100.504,-0.011804,-100.436,-104.183,-0.0133346,104.131,-100.504,0.011804,100.436,104.183,0.0133346]},"normal":{"type":"float32","components":3,"data":[-0.000122713,-9.69343e-06,1,-0.000122713,-9.69348e-06,1,-0.000122713,-9.69343e-06,1,-0.000122713,-9.69339e-06,1]},"texCoord0":{"type":"float32","components":2,"data":[0.690967,0.517942,0.690967,0.236771,0.981517,0.236771,0.981517,0.517942]}}],"meshes":[{"aabb":{"min":[-104.131,-104.183,-0.0133346],"max":[104.131,104.183,0.0133346]},"vertices":0,"indices":[0,1,2,2,3,0],"type":"triangles","base":0,"count":6}],"meshInstances":[{"node":1,"mesh":0}]}}