{"model":{"version":3,"nodes":[{"name":"RootNode","position":[0,0,0],"rotation":[0,0,0],"scale":[0.0254,0.0254,0.0254],"scaleCompensation":false},{"name":"Mesh1 Hill_square Model 90","position":[0,0,0],"rotation":[-90,0,0],"scale":[1,1,1],"scaleCompensation":false}],"parents":[-1,0],"skins":[],"morphs":[],"vertices":[{"position":{"type":"float32","components":3,"data":[-59.055,-59.0549,17.3228,-59.055,-47.2441,17.3228,-59.055,-47.2441,7.48032,-59.055,-47.2441,9.55079e-06,-59.055,-59.0549,7.62656e-06,-59.055,-59.0549,7.62656e-06,59.055,-59.0549,-2.68691e-05,59.055,-59.0549,17.3228,-59.055,-59.0549,17.3228,59.055,-59.0549,17.3228,59.055,-47.2441,17.3228,14.7638,-47.2441,17.3228,-14.7638,-47.2441,17.3228,-59.055,-47.2441,17.3228,-59.055,-59.0549,17.3228,-59.055,-47.2441,17.3228,-14.7638,-47.2441,17.3228,-29.5276,-47.2441,7.48032,-59.055,-47.2441,7.48032,59.055,59.0549,17.3228,-59.055,59.0549,17.3229,-59.055,47.2441,17.3229,-14.7638,47.2441,17.3228,14.7638,47.2441,17.3228,59.055,47.2441,17.3228,59.055,47.2441,17.3228,59.055,47.2441,-8.96413e-06,59.055,59.0549,-8.21323e-06,59.055,59.0549,17.3228,-59.055,59.0549,17.3229,59.055,59.0549,17.3228,59.055,59.0549,-8.21323e-06,-59.0549,59.0549,2.68691e-05,-59.0549,59.0549,2.68691e-05,-59.055,47.2441,2.49449e-05,-59.055,47.2441,7.48034,-59.055,47.2441,17.3229,-59.055,59.0549,17.3229,59.055,-59.0549,-2.68691e-05,59.055,-47.2441,-2.43582e-05,59.055,-47.2441,7.48029,59.055,-47.2441,17.3228,59.055,-59.0549,17.3228,59.055,47.2441,7.48031,59.055,47.2441,17.3228,14.7638,47.2441,17.3228,29.5276,47.2441,7.48031,59.055,-47.2441,17.3228,59.055,-47.2441,7.48029,29.5276,-47.2441,7.4803,14.7638,-47.2441,17.3228,-59.055,47.2441,17.3229,-59.055,47.2441,7.48034,-29.5275,47.2441,7.48033,-14.7638,47.2441,17.3228]},"normal":{"type":"float32","components":3,"data":[-1,-1.42852e-07,-1.7142e-07,-1,-3.22984e-07,-3.87573e-07,-1,-9.00656e-08,-1.08077e-07,-1,0,0,-1,0,0,-6.72662e-14,-1,-2.20212e-07,-6.43161e-14,-1,-2.20212e-07,-6.46175e-14,-1,-2.20212e-07,-6.75676e-14,-1,-2.20212e-07,3.34913e-07,-1.84476e-07,1,3.44511e-07,-1.61492e-07,1,2.65526e-07,-4.57688e-07,1,2.99272e-07,-2.28912e-07,1,3.06488e-07,-1.64907e-07,1,3.0683e-07,-1.61492e-07,1,1.38013e-07,1,4.14036e-07,1.72256e-07,1,5.16763e-07,1.6683e-07,1,5.00485e-07,1.29192e-07,1,3.87573e-07,3.34913e-07,-1.38508e-07,1,3.0683e-07,-1.61492e-07,1,1.1913e-07,-0.707107,0.707107,2.99272e-07,-9.40706e-08,1,2.65527e-07,1.34703e-07,1,6.09012e-08,-0.707107,0.707106,1,1.9994e-07,-8.38919e-08,1,1.40006e-14,-2.20212e-07,1,1.23044e-07,-1.3632e-07,1,3.22984e-07,7.11249e-14,-3.22978e-08,1,2.20212e-07,-3.22978e-08,1,2.20212e-07,-3.22978e-08,1,2.20212e-07,-3.22978e-08,1,2.20212e-07,-1,3.61432e-07,1.97581e-07,-1,1.29194e-06,1.52989e-06,-1,4.66482e-07,2.26571e-07,-1,-1.7041e-07,-5.5661e-07,-1,-3.22984e-07,-6.60636e-07,1,-6.45969e-07,-1.1919e-13,1,-6.45969e-07,0,1,-6.45969e-07,-1.70173e-13,1,-6.45968e-07,-1.83436e-13,1,-6.45969e-07,-1.4225e-13,-2.58383e-07,-1,-3.87574e-07,6.09012e-08,-0.707107,0.707106,-2.58383e-07,-1,-3.87575e-07,-2.58384e-07,-1,-3.87575e-07,2.58383e-07,1,3.87574e-07,2.58384e-07,1,3.87573e-07,2.58383e-07,1,3.87574e-07,2.58383e-07,1,3.87574e-07,1.1913e-07,-0.707107,0.707107,-1.29192e-07,-1,-3.87573e-07,-1.6683e-07,-1,-5.00485e-07,-1.72256e-07,-1,-5.16763e-07]},"texCoord0":{"type":"float32","components":2,"data":[0.313769,0.111291,0.313769,0.111298,0.313774,0.111298,0.313778,0.111298,0.313778,0.111291,0.313769,0.111241,0.313769,0.111306,0.313778,0.111306,0.313778,0.111241,0.113765,0.501538,0.113774,0.501538,0.113774,0.501575,0.113774,0.5016,0.113774,0.501637,0.113765,0.501637,0.313778,0.111241,0.313778,0.111265,0.313773,0.111257,0.313773,0.111241,0.113774,0.501538,0.113774,0.501637,0.113765,0.501637,0.113765,0.5016,0.113765,0.501575,0.113765,0.501538,0.313769,0.111265,0.313778,0.111265,0.313778,0.111272,0.313769,0.111272,0.313778,0.111241,0.313778,0.111306,0.313769,0.111306,0.313769,0.111241,0.313778,0.111272,0.313778,0.111265,0.313774,0.111265,0.313769,0.111265,0.313769,0.111272,0.313778,0.111291,0.313778,0.111298,0.313774,0.111298,0.313769,0.111298,0.313769,0.111291,0.313773,0.111306,0.313778,0.111306,0.313778,0.111282,0.313773,0.11129,0.313778,0.111306,0.313773,0.111306,0.313773,0.11129,0.313778,0.111282,0.313778,0.111241,0.313773,0.111241,0.313773,0.111257,0.313778,0.111265]}}],"meshes":[{"aabb":{"min":[-59.055,-59.0549,-2.68691e-05],"max":[59.055,59.0549,17.3229]},"vertices":0,"indices":[0,1,2,0,2,3,0,3,4,5,6,7,7,8,5,9,10,11,9,11,12,9,12,13,9,13,14,15,16,17,17,18,15,19,20,21,19,21,22,19,22,23,19,23,24,25,26,27,25,27,28,29,30,31,31,32,29,33,34,35,33,35,36,33,36,37,38,39,40,38,40,41,38,41,42,43,44,45,45,46,43,47,48,49,49,50,47,51,52,53,53,54,51],"type":"triangles","base":0,"count":93}],"meshInstances":[{"node":1,"mesh":0}]}}