{"model":{"version":3,"nodes":[{"name":"RootNode","position":[0,0,0],"rotation":[0,0,0],"scale":[0.0254,0.0254,0.0254],"scaleCompensation":false},{"name":"Mesh1 Split_start Model","position":[0,0,0],"rotation":[-90,0,0],"scale":[1,1,1],"scaleCompensation":false}],"parents":[-1,0],"skins":[],"morphs":[],"vertices":[{"position":{"type":"float32","components":3,"data":[-59.055,59.0549,17.3229,-47.2441,59.0549,17.3229,-47.2441,59.0549,7.48033,-47.2441,59.0549,1.98292e-05,-59.055,59.0549,2.04159e-05,-59.055,-59.0549,-1.98292e-05,-59.055,-59.0549,17.3228,-59.055,59.0549,17.3229,-59.055,59.0549,2.04159e-05,-47.2441,-59.0549,17.3228,-47.2441,59.0549,17.3229,-59.055,59.0549,17.3229,-59.055,-59.0549,17.3228,5.90546,59.0549,1.98292e-05,-5.90556,59.0549,1.98292e-05,-5.90556,59.0549,7.48033,-5.90556,59.0549,17.3229,5.90546,59.0549,17.3229,5.90546,59.0549,7.48033,5.90546,59.0549,7.48033,5.90546,59.0549,17.3229,5.90546,-5.6445e-06,17.3228,5.90546,-59.0549,7.4803,5.90546,-59.0549,-1.92425e-05,5.90546,-59.0549,7.4803,-5.90556,-59.0549,7.4803,-5.90556,-59.0549,-1.92425e-05,-5.90556,59.0549,17.3229,-5.90556,59.0549,7.48033,-5.90556,-59.0549,7.4803,-5.90556,-5.6445e-06,17.3228,-5.90556,59.0549,17.3229,-5.90556,-5.6445e-06,17.3228,5.90546,-5.6445e-06,17.3228,5.90546,59.0549,17.3229,-5.90556,-5.6445e-06,17.3228,-5.90556,-59.0549,7.4803,5.90546,-59.0549,7.4803,5.90546,-5.6445e-06,17.3228,-47.2441,-59.0549,7.4803,-47.2441,59.0549,7.48033,-47.2441,59.0549,17.3229,-47.2441,-59.0549,17.3228,-59.055,-59.0549,17.3228,-59.055,-59.0549,-1.98292e-05,-47.2441,-59.0549,-1.92425e-05,-47.2441,-59.0549,7.4803,-47.2441,-59.0549,17.3228,47.244,-59.0549,17.3228,47.244,-59.0549,7.4803,47.244,-59.0549,-1.92425e-05,59.055,-59.0549,-1.92425e-05,59.055,-59.0549,17.3228,59.055,59.0549,17.3229,59.055,-59.0549,17.3228,59.055,-59.0549,-1.92425e-05,59.055,59.0549,1.98292e-05,59.055,-59.0549,17.3228,59.055,59.0549,17.3229,47.244,59.0549,17.3229,47.244,-59.0549,17.3228,47.244,59.0549,7.48033,47.244,-59.0549,7.4803,47.244,-59.0549,17.3228,47.244,59.0549,17.3229,59.055,59.0549,1.98292e-05,47.244,59.0549,1.98292e-05,47.244,59.0549,7.48033,47.244,59.0549,17.3229,59.055,59.0549,17.3229]},"normal":{"type":"float32","components":3,"data":[-5.70874e-08,1,2.55312e-07,0,1,3.87573e-07,-2.32918e-07,1,1.08077e-07,-1.23044e-07,1,1.3632e-07,1.09383e-14,1,2.20212e-07,-1,0,0,-1,0,0,-1,0,0,-1,0,0,0,-3.22979e-07,1,0,-3.22979e-07,1,0,-3.22979e-07,1,0,-3.22979e-07,1,6.37268e-08,1,1.84514e-07,0,1,0,1.66843e-07,1,2.63437e-07,9.35129e-08,1,2.83971e-07,0,1,2.20212e-07,-1,0,0,1,4.24463e-10,2.54677e-09,1,0,0,1,3.81322e-09,2.28793e-08,1,4.03723e-09,2.42233e-08,0,-1,0,0,-1,0,0,-1,0,0,-1,0,-1,-3.82355e-09,-2.56426e-09,-1,-4.03723e-09,-1.56472e-15,-1,-2.03247e-09,-2.4057e-08,-1,1.56472e-14,-4.84467e-08,0,-3.22979e-07,1,0,-3.22979e-07,1,0,-3.22979e-07,1,0,-3.22979e-07,1,0,-0.1644,0.986394,0,-0.1644,0.986394,0,-0.1644,0.986394,0,-0.1644,0.986394,1,0,0,1,0,0,1,0,0,1,0,0,1.14175e-07,-1,-5.10624e-07,2.18765e-14,-1,-4.40424e-07,2.46088e-07,-1,-2.7264e-07,4.65836e-07,-1,-2.16154e-07,0,-1,-7.75147e-07,0,-1,-4.40424e-07,-1,0,0,0,-1,-4.40424e-07,0,-1,-4.40424e-07,0,-1,-4.40424e-07,1,0,0,1,0,0,1,0,0,1,0,0,0,-3.22979e-07,1,0,-3.22979e-07,1,0,-3.22979e-07,1,0,-3.22979e-07,1,-1,0,0,-1,0,0,-1,0,0,-1,0,0,6.37274e-08,1,1.84514e-07,0,1,0,1.66845e-07,1,2.63437e-07,9.35131e-08,1,2.8397e-07,0,1,2.20212e-07]},"texCoord0":{"type":"float32","components":2,"data":[0.313769,0.11128,0.313769,0.111286,0.313774,0.111286,0.313778,0.111286,0.313778,0.11128,0.313769,0.111305,0.313778,0.111305,0.313778,0.11124,0.313769,0.11124,0.113774,0.501538,0.113774,0.501637,0.113765,0.501637,0.113765,0.501538,0.313778,0.111264,0.313778,0.111258,0.313774,0.111258,0.313769,0.111258,0.313769,0.111264,0.313774,0.111264,0.313773,0.11124,0.313778,0.11124,0.313778,0.111272,0.313773,0.111305,0.313783,0.111312,0.313783,0.111312,0.313783,0.111312,0.313783,0.111312,0.313778,0.11124,0.313773,0.11124,0.313773,0.111305,0.313778,0.111272,0.113765,0.501637,0.113765,0.501588,0.113774,0.501588,0.113774,0.501637,0.313769,0.111278,0.313769,0.111229,0.313778,0.111229,0.313778,0.111278,0.313773,0.111305,0.313773,0.11124,0.313778,0.11124,0.313778,0.111305,0.313769,0.11128,0.313778,0.11128,0.313778,0.111286,0.313774,0.111286,0.313769,0.111286,0.313769,0.111287,0.313774,0.111287,0.313778,0.111287,0.313778,0.111293,0.313769,0.111293,0.313778,0.11124,0.313778,0.111305,0.313769,0.111305,0.313769,0.11124,0.113774,0.501538,0.113774,0.501637,0.113765,0.501637,0.113765,0.501538,0.313773,0.11124,0.313773,0.111305,0.313778,0.111305,0.313778,0.11124,0.313778,0.111293,0.313778,0.111287,0.313774,0.111287,0.313769,0.111287,0.313769,0.111293]}}],"meshes":[{"aabb":{"min":[-59.055,-59.0549,-1.98292e-05],"max":[59.055,59.0549,17.3229]},"vertices":0,"indices":[0,1,2,0,2,3,0,3,4,5,6,7,7,8,5,9,10,11,11,12,9,13,14,15,13,15,16,13,16,17,13,17,18,19,20,21,21,22,19,23,24,25,25,26,23,27,28,29,29,30,27,31,32,33,33,34,31,35,36,37,37,38,35,39,40,41,41,42,39,43,44,45,43,45,46,43,46,47,48,49,50,48,50,51,48,51,52,53,54,55,55,56,53,57,58,59,59,60,57,61,62,63,63,64,61,65,66,67,65,67,68,65,68,69],"type":"triangles","base":0,"count":114}],"meshInstances":[{"node":1,"mesh":0}]}}