{"model":{"version":3,"nodes":[{"name":"RootNode","position":[0,0,0],"rotation":[0,0,0],"scale":[0.01,0.01,0.01],"scaleCompensation":false},{"name":"Sphere001","position":[0,0,3.49095e-07],"rotation":[9.33467e-06,-0,0],"scale":[1.26138,1.26138,1.26138],"scaleCompensation":false}],"parents":[-1,0],"skins":[],"morphs":[],"vertices":[{"position":{"type":"float32","components":3,"data":[0,0,5.51454,-1.3032e-07,2.98138,4.63912,-1.61186,2.5081,4.63912,0,0,5.51454,-2.71196,1.23851,4.63912,0,0,5.51454,-2.95104,-0.424295,4.63912,0,0,5.51454,-2.25318,-1.95239,4.63912,0,0,5.51454,-0.839953,-2.86062,4.63912,0,0,5.51454,0.839954,-2.86062,4.63912,0,0,5.51454,2.25318,-1.95239,4.63912,0,0,5.51454,2.95104,-0.424295,4.63912,0,0,5.51454,2.71196,1.23851,4.63912,0,0,5.51454,1.61186,2.5081,4.63912,0,0,5.51454,-1.3032e-07,2.98138,4.63912,-2.19265e-07,5.0162,2.29082,-2.71196,4.2199,2.29082,-4.5629,2.0838,2.29082,-4.96514,-0.71388,2.29082,-3.79099,-3.28491,2.29082,-1.41323,-4.81301,2.29082,1.41323,-4.81301,2.29082,3.79099,-3.28491,2.29082,4.96514,-0.71388,2.29082,4.5629,2.0838,2.29082,2.71196,4.21989,2.29082,-2.19265e-07,5.0162,2.29082,-2.38595e-07,5.45841,-0.784801,-2.95104,4.59191,-0.784801,-4.96514,2.2675,-0.784801,-5.40285,-0.776813,-0.784801,-4.12519,-3.5745,-0.784801,-1.53781,-5.2373,-0.784801,1.53781,-5.2373,-0.784801,4.12519,-3.5745,-0.784801,5.40285,-0.776812,-0.784801,4.96514,2.2675,-0.784801,2.95104,4.5919,-0.784801,-2.38595e-07,5.45841,-0.784801,-1.82172e-07,4.16761,-3.61125,-2.25318,3.50602,-3.61125,-3.79099,1.73129,-3.61125,-4.12519,-0.593113,-3.61125,-3.14967,-2.7292,-3.61125,-1.17415,-3.99879,-3.61125,1.17415,-3.99879,-3.61125,3.14967,-2.7292,-3.61125,4.12519,-0.593113,-3.61125,3.79099,1.73129,-3.61125,2.25318,3.50601,-3.61125,-1.82172e-07,4.16761,-3.61125,0,0,-5.51454,0,0,-5.51454,0,0,-5.51454,0,0,-5.51454,0,0,-5.51454,0,0,-5.51454,0,0,-5.51454,0,0,-5.51454,0,0,-5.51454,0,0,-5.51454,0,0,-5.51454]},"normal":{"type":"float32","components":3,"data":[-2.58774e-09,5.17548e-09,1,7.22373e-08,0.574815,0.818284,-0.310768,0.483565,0.818284,-2.58774e-09,5.17548e-09,1,-0.52287,0.238787,0.818284,-2.58774e-09,5.17548e-09,1,-0.568964,-0.0818046,0.818284,-2.58774e-09,5.17548e-09,1,-0.434416,-0.376424,0.818284,-2.58774e-09,5.17548e-09,1,-0.161944,-0.551531,0.818284,-2.58774e-09,5.17548e-09,1,0.161944,-0.551531,0.818284,-2.58774e-09,5.17548e-09,1,0.434416,-0.376423,0.818284,-2.58774e-09,5.17548e-09,1,0.568964,-0.0818046,0.818284,-2.58774e-09,5.17548e-09,1,0.52287,0.238787,0.818284,-2.58774e-09,5.17548e-09,1,0.310768,0.483565,0.818284,-2.58774e-09,5.17548e-09,1,7.22373e-08,0.574815,0.818284,8.03345e-08,0.917639,0.397415,-0.496113,0.771967,0.397415,-0.834714,0.381201,0.397415,-0.908299,-0.130594,0.397415,-0.693505,-0.600926,0.397415,-0.258529,-0.880468,0.397415,0.258529,-0.880468,0.397415,0.693505,-0.600926,0.397415,0.908299,-0.130594,0.397415,0.834714,0.381201,0.397415,0.496113,0.771967,0.397415,8.03345e-08,0.917639,0.397415,9.18566e-08,0.990753,-0.135678,-0.535642,0.833475,-0.135678,-0.901221,0.411574,-0.135678,-0.980669,-0.140999,-0.135678,-0.748761,-0.648805,-0.135678,-0.279127,-0.950621,-0.135678,0.279128,-0.950621,-0.135678,0.748761,-0.648805,-0.135678,0.980669,-0.140999,-0.135678,0.901221,0.411573,-0.135678,0.535642,0.833474,-0.135678,9.18566e-08,0.990753,-0.135678,1.11065e-07,0.736043,-0.676935,-0.397935,0.619199,-0.676935,-0.669528,0.305763,-0.676935,-0.728551,-0.10475,-0.676935,-0.556264,-0.482006,-0.676935,-0.207367,-0.706228,-0.676935,0.207367,-0.706228,-0.676935,0.556264,-0.482006,-0.676935,0.728551,-0.10475,-0.676935,0.669528,0.305763,-0.676935,0.397935,0.619199,-0.676935,1.11065e-07,0.736043,-0.676935,-1.59194e-08,8.6833e-09,-1,-1.59194e-08,8.6833e-09,-1,-1.59194e-08,8.6833e-09,-1,-1.59194e-08,8.6833e-09,-1,-1.59194e-08,8.6833e-09,-1,-1.59194e-08,8.6833e-09,-1,-1.59194e-08,8.6833e-09,-1,-1.59194e-08,8.6833e-09,-1,-1.59194e-08,8.6833e-09,-1,-1.59194e-08,8.6833e-09,-1,-1.59194e-08,8.6833e-09,-1]},"texCoord0":{"type":"float32","components":2,"data":[0,1,0,0.818182,0.0909091,0.818182,0.0909091,1,0.181818,0.818182,0.181818,1,0.272727,0.818182,0.272727,1,0.363636,0.818182,0.363636,1,0.454545,0.818182,0.454545,1,0.545455,0.818182,0.545455,1,0.636364,0.818182,0.636364,1,0.727273,0.818182,0.727273,1,0.818182,0.818182,0.818182,1,0.909091,0.818182,0.909091,1,1,0.818182,0,0.636364,0.0909091,0.636364,0.181818,0.636364,0.272727,0.636364,0.363636,0.636364,0.454545,0.636364,0.545455,0.636364,0.636364,0.636364,0.727273,0.636364,0.818182,0.636364,0.909091,0.636364,1,0.636364,0,0.454545,0.0909091,0.454545,0.181818,0.454545,0.272727,0.454545,0.363636,0.454545,0.454545,0.454545,0.545455,0.454545,0.636364,0.454545,0.727273,0.454545,0.818182,0.454545,0.909091,0.454545,1,0.454545,0,0.272727,0.0909091,0.272727,0.181818,0.272727,0.272727,0.272727,0.363636,0.272727,0.454545,0.272727,0.545455,0.272727,0.636364,0.272727,0.727273,0.272727,0.818182,0.272727,0.909091,0.272727,1,0.272727,0,0.0909091,0.0909091,0.0909091,0.181818,0.0909091,0.272727,0.0909091,0.363636,0.0909091,0.454545,0.0909091,0.545455,0.0909091,0.636364,0.0909091,0.727273,0.0909091,0.818182,0.0909091,0.909091,0.0909091]}}],"meshes":[{"aabb":{"min":[-5.40285,-5.2373,-5.51454],"max":[5.40285,5.45841,5.51454]},"vertices":0,"indices":[0,1,2,3,2,4,5,4,6,7,6,8,9,8,10,11,10,12,13,12,14,15,14,16,17,16,18,19,18,20,21,20,22,1,23,24,1,24,2,2,24,25,2,25,4,4,25,26,4,26,6,6,26,27,6,27,8,8,27,28,8,28,10,10,28,29,10,29,12,12,29,30,12,30,14,14,30,31,14,31,16,16,31,32,16,32,18,18,32,33,18,33,20,20,33,34,20,34,22,23,35,36,23,36,24,24,36,37,24,37,25,25,37,38,25,38,26,26,38,39,26,39,27,27,39,40,27,40,28,28,40,41,28,41,29,29,41,42,29,42,30,30,42,43,30,43,31,31,43,44,31,44,32,32,44,45,32,45,33,33,45,46,33,46,34,35,47,48,35,48,36,36,48,49,36,49,37,37,49,50,37,50,38,38,50,51,38,51,39,39,51,52,39,52,40,40,52,53,40,53,41,41,53,54,41,54,42,42,54,55,42,55,43,43,55,56,43,56,44,44,56,57,44,57,45,45,57,58,45,58,46,59,48,47,60,49,48,61,50,49,62,51,50,63,52,51,64,53,52,65,54,53,66,55,54,67,56,55,68,57,56,69,58,57],"type":"triangles","base":0,"count":264}],"meshInstances":[{"node":1,"mesh":0}]}}