{"model":{"version":3,"nodes":[{"name":"RootNode","position":[0,0,0],"rotation":[0,0,0],"scale":[0.0254,0.0254,0.0254],"scaleCompensation":false},{"name":"Sphere.384","position":[0,0,0],"rotation":[-90,-12.7051,1.48232e-15],"scale":[70.6552,70.6552,70.6552],"scaleCompensation":false}],"parents":[-1,0],"skins":[],"morphs":[],"vertices":[{"position":{"type":"float32","components":3,"data":[-0.227068,0.166507,0.0010072,-0.099967,0.0829748,1.87885,0.0401362,0.114876,1.87671,0.0401362,0.114876,1.87671,0.13129,0.24737,0.000581384,-0.227068,0.166507,0.0010072,-0.24519,-0.0478421,-0.00324821,-0.108878,-0.0169632,1.87701,-0.099967,0.0829748,1.87885,-0.099967,0.0829748,1.87885,-0.227068,0.166507,0.0010072,-0.24519,-0.0478421,-0.00324821,0.201898,-0.157312,-0.0125041,0.0808198,-0.0741188,1.87623,-0.0546152,-0.103621,1.87877,-0.0546152,-0.103621,1.87877,-0.134566,-0.233028,-0.000816226,0.201898,-0.157312,-0.0125041,0.222488,0.0584048,-0.0036279,0.0900711,0.0282969,1.8781,0.0808198,-0.0741188,1.87623,0.0808198,-0.0741188,1.87623,0.201898,-0.157312,-0.0125041,0.222488,0.0584048,-0.0036279,-0.134566,-0.233028,-0.000816226,-0.0546152,-0.103621,1.87877,-0.108878,-0.0169632,1.87701,-0.108878,-0.0169632,1.87701,-0.24519,-0.0478421,-0.00324821,-0.134566,-0.233028,-0.000816226,0.13129,0.24737,0.000581384,0.0401362,0.114876,1.87671,0.0900711,0.0282969,1.8781,0.0900711,0.0282969,1.8781,0.222488,0.0584048,-0.0036279,0.13129,0.24737,0.000581384,-0.371558,1.6328,1.58047,-0.372867,1.63827,4.80379,0.387564,-1.73429,4.79396,0.387564,-1.73429,4.79396,0.338631,-1.51685,1.57973,-0.371558,1.6328,1.58047,-1.60133,-0.359521,1.58047,-1.66272,-0.373368,4.80379,1.49358,0.338234,4.79396,1.49358,0.338234,4.79396,1.57337,0.356231,1.57974,-1.60133,-0.359521,1.58047,0.341274,-1.53031,1.58047,0.390402,-1.74745,4.80379,-0.370029,1.6251,4.79396,-0.370029,1.6251,4.79396,-0.368915,1.61933,1.57974,0.341274,-1.53031,1.58047,1.56897,0.355215,1.58047,1.49037,0.337498,4.80379,-1.66593,-0.374104,4.79396,-1.66593,-0.374104,4.79396,-1.60573,-0.360537,1.57974,1.56897,0.355215,1.58047,-0.104977,0.087775,1.16731,-0.46895,0.638004,1.64882,-0.416456,0.640305,1.65908,-0.416456,0.640305,1.65908,0.00865425,0.1153,1.22707,-0.104977,0.087775,1.16731,-0.11545,0.0152218,1.22514,-0.466982,0.595443,1.66022,-0.46895,0.638004,1.64882,-0.46895,0.638004,1.64882,-0.104977,0.087775,1.16731,-0.11545,0.0152218,1.22514,0.00181838,0.0250245,1.29983,-0.409834,0.587568,1.67433,-0.466982,0.595443,1.66022,-0.466982,0.595443,1.66022,-0.11545,0.0152218,1.22514,0.00181838,0.0250245,1.29983,0.00865425,0.1153,1.22707,-0.416456,0.640305,1.65908,-0.409834,0.587568,1.67433,-0.409834,0.587568,1.67433,0.00181838,0.0250245,1.29983,0.00865425,0.1153,1.22707,0.0170677,0.0348881,1.01477,0.0957239,-0.605078,1.68943,0.140251,-0.634802,1.68907,0.140251,-0.634802,1.68907,0.111374,-0.0335233,0.954209,0.0170677,0.0348881,1.01477,-0.0449061,-0.00196001,0.955443,0.0770211,-0.636921,1.66532,0.0957239,-0.605078,1.68943,0.0957239,-0.605078,1.68943,0.0170677,0.0348881,1.01477,-0.0449061,-0.00196001,0.955443,0.0389625,-0.0803474,0.876398,0.120473,-0.676948,1.65924,0.0770211,-0.636921,1.66532,0.0770211,-0.636921,1.66532,-0.0449061,-0.00196001,0.955443,0.0389625,-0.0803474,0.876398,0.111374,-0.0335233,0.954209,0.140251,-0.634802,1.68907,0.120473,-0.676948,1.65924,0.120473,-0.676948,1.65924,0.0389625,-0.0803474,0.876398,0.111374,-0.0335233,0.954209]},"normal":{"type":"float32","components":3,"data":[-0.220794,0.973579,0.0582522,-0.220794,0.973579,0.0582522,-0.220794,0.973579,0.0582522,-0.219675,0.973841,0.0581001,-0.219675,0.973841,0.0581001,-0.219675,0.973841,0.0581001,-0.993677,0.0873002,0.0706045,-0.993677,0.0873002,0.0706045,-0.993677,0.0873002,0.0706045,-0.994051,0.0826347,0.0709576,-0.994051,0.0826347,0.0709576,-0.994051,0.0826347,0.0709576,0.213514,-0.975296,0.0566466,0.213514,-0.975296,0.0566466,0.213514,-0.975296,0.0566466,0.221085,-0.973551,0.0576238,0.221085,-0.973551,0.0576238,0.221085,-0.973551,0.0576238,0.993496,-0.0909951,0.0684565,0.993496,-0.0909951,0.0684565,0.993496,-0.0909951,0.0684565,0.992906,-0.0975714,0.0679485,0.992906,-0.0975714,0.0679485,0.992906,-0.0975714,0.0679485,-0.845991,-0.528265,0.0723558,-0.845991,-0.528265,0.0723558,-0.845991,-0.528265,0.0723557,-0.85676,-0.510874,0.0705021,-0.85676,-0.510874,0.0705021,-0.85676,-0.510874,0.0705021,0.86313,0.499049,0.0771792,0.86313,0.499049,0.0771792,0.86313,0.499049,0.0771792,0.89899,0.432309,0.0701791,0.89899,0.432309,0.0701791,0.89899,0.432309,0.0701791,0.97551,0.219954,2.2993e-05,0.97551,0.219954,2.2993e-05,0.97551,0.219954,2.2993e-05,0.975509,0.21996,2.906e-05,0.975509,0.21996,2.906e-05,0.975509,0.21996,2.906e-05,-0.219934,0.975515,2.10726e-06,-0.219934,0.975515,2.10726e-06,-0.219934,0.975515,2.10726e-06,-0.219935,0.975515,2.43598e-06,-0.219935,0.975515,2.43598e-06,-0.219935,0.975515,2.43598e-06,-0.97551,-0.219954,5.1319e-05,-0.97551,-0.219954,5.1319e-05,-0.97551,-0.219954,5.1319e-05,-0.975509,-0.21996,5.70824e-05,-0.975509,-0.21996,5.70824e-05,-0.975509,-0.21996,5.70824e-05,0.219934,-0.975515,1.33476e-06,0.219934,-0.975515,1.33476e-06,0.219934,-0.975515,1.33476e-06,0.219935,-0.975515,1.6432e-06,0.219935,-0.975515,1.6432e-06,0.219935,-0.975515,1.6432e-06,0.108617,0.694377,-0.711367,0.108617,0.694377,-0.711367,0.108617,0.694377,-0.711367,0.185586,0.709602,-0.679723,0.185586,0.709602,-0.679723,0.185586,0.709602,-0.679723,-0.863901,-0.167132,-0.475123,-0.863901,-0.167132,-0.475123,-0.863901,-0.167132,-0.475123,-0.880544,-0.211126,-0.424343,-0.880545,-0.211126,-0.424343,-0.880544,-0.211126,-0.424343,-0.264539,-0.661039,0.702173,-0.264539,-0.661039,0.702173,-0.264539,-0.661039,0.702173,-0.347963,-0.688197,0.636637,-0.347963,-0.688197,0.636637,-0.347963,-0.688197,0.636637,0.824616,0.250238,0.507335,0.824616,0.250238,0.507335,0.824616,0.250238,0.507335,0.834678,0.305909,0.457966,0.834678,0.305909,0.457966,0.834678,0.305909,0.457966,0.453549,0.672404,0.58495,0.453548,0.672404,0.58495,0.453548,0.672404,0.58495,0.694979,0.569632,0.438775,0.694979,0.569632,0.438775,0.694979,0.569632,0.438775,-0.895472,0.244146,0.372187,-0.895472,0.244146,0.372187,-0.895472,0.244146,0.372187,-0.743608,0.439652,0.503739,-0.743608,0.439652,0.503739,-0.743608,0.439652,0.503739,-0.64624,-0.637909,-0.418863,-0.64624,-0.637909,-0.418863,-0.64624,-0.637909,-0.418863,-0.791152,-0.517094,-0.326638,-0.791152,-0.517094,-0.326638,-0.791152,-0.517094,-0.326638,0.932511,-0.260679,-0.249938,0.932511,-0.260679,-0.249938,0.932511,-0.260679,-0.249938,0.7698,-0.466484,-0.435661,0.7698,-0.466484,-0.435661,0.7698,-0.466484,-0.435661]},"texCoord0":{"type":"float32","components":2,