{"model":{"version":3,"nodes":[{"name":"RootNode","position":[0,0,0],"rotation":[0,0,0],"scale":[0.0254,0.0254,0.0254],"scaleCompensation":false},{"name":"Mesh1 Obstacle_block Model solo","position":[0,0,0],"rotation":[-90,0,0],"scale":[1,1,1],"scaleCompensation":false}],"parents":[-1,0],"skins":[],"morphs":[],"vertices":[{"position":{"type":"float32","components":3,"data":[9.5008,37.4398,7.48038,-9.50075,37.4398,7.48038,-9.50075,37.4398,17.3229,9.5008,37.4398,17.3229,9.5008,-36.6799,17.3229,9.5008,37.4398,17.3229,-9.50075,37.4398,17.3229,-9.50075,-36.6799,17.3229,9.5008,-36.6799,7.48035,9.5008,37.4398,7.48038,9.5008,37.4398,17.3229,9.5008,-36.6799,17.3229,-9.50075,-36.6799,17.3229,-9.50075,-36.6799,7.48035,9.5008,-36.6799,7.48035,9.5008,-36.6799,17.3229,-9.50075,37.4398,7.48038,-9.50075,-36.6799,7.48035,-9.50075,-36.6799,17.3229,-9.50075,37.4398,17.3229]},"normal":{"type":"float32","components":3,"data":[0,1,7.75147e-07,0,1,7.75147e-07,0,1,7.75147e-07,0,1,7.75147e-07,0,-3.08801e-07,1,0,-3.08801e-07,1,0,-3.08801e-07,1,0,-3.08801e-07,1,1,0,0,1,0,0,1,0,0,1,0,0,0,-1,-7.75146e-07,0,-1,-7.75146e-07,0,-1,-7.75146e-07,0,-1,-7.75146e-07,-1,0,0,-1,0,0,-1,0,0,-1,0,0]},"texCoord0":{"type":"float32","components":2,"data":[0.313774,0.111275,0.313774,0.111265,0.313769,0.111265,0.313769,0.111275,0.113776,0.501578,0.113776,0.501621,0.113765,0.501621,0.113765,0.501578,0.313773,0.111294,0.313773,0.111253,0.313778,0.111253,0.313778,0.111294,0.313769,0.111265,0.313774,0.111265,0.313774,0.111275,0.313769,0.111275,0.313773,0.111253,0.313773,0.111294,0.313778,0.111294,0.313778,0.111253]}}],"meshes":[{"aabb":{"min":[-9.50075,-36.6799,7.48035],"max":[9.5008,37.4398,17.3229]},"vertices":0,"indices":[0,1,2,2,3,0,4,5,6,6,7,4,8,9,10,10,11,8,12,13,14,14,15,12,16,17,18,18,19,16],"type":"triangles","base":0,"count":30}],"meshInstances":[{"node":1,"mesh":0}]}}