{"model":{"version":3,"nodes":[{"name":"RootNode","position":[0,0,0],"rotation":[0,0,0],"scale":[0.0254,0.0254,0.0254],"scaleCompensation":false},{"name":"Mesh1 Walls_to_open Model 90","position":[0,0,0],"rotation":[-90,0,0],"scale":[1,1,1],"scaleCompensation":false}],"parents":[-1,0],"skins":[],"morphs":[],"vertices":[{"position":{"type":"float32","components":3,"data":[-59.055,59.0549,17.3228,-47.2441,59.0549,17.3228,-47.2441,59.0549,7.4803,-47.2441,59.0549,-1.0513e-05,-59.055,59.0549,-1.58398e-05,-59.055,59.0549,-1.58398e-05,-59.055,47.2441,-1.65907e-05,-59.055,47.2441,7.4803,-59.055,47.2441,17.3228,-59.055,59.0549,17.3228,-47.2441,59.0549,17.3228,-59.055,59.0549,17.3228,-59.055,47.2441,17.3228,-47.2441,59.0549,17.3228,-59.055,47.2441,17.3228,-59.055,47.2441,7.4803,-47.2441,59.0549,7.4803,-59.0549,-59.0549,-3.44957e-05,-47.2441,-59.0549,-2.91688e-05,-47.2441,-59.0549,7.48029,-47.2441,-59.0549,17.3228,-59.0549,-59.0549,17.3228,-59.055,-47.2441,17.3228,-59.0549,-59.0549,17.3228,-47.2441,-59.0549,17.3228,-59.055,-47.2441,7.48028,-59.055,-47.2441,17.3228,-47.2441,-59.0549,17.3228,-47.2441,-59.0549,7.48029,-59.055,-47.2441,17.3228,-59.055,-47.2441,7.48028,-59.055,-47.2441,-3.19848e-05,-59.0549,-59.0549,-3.44957e-05,-59.0549,-59.0549,17.3228]},"normal":{"type":"float32","components":3,"data":[-5.70874e-08,1,2.55311e-07,-1.25179e-13,1,3.87573e-07,-2.32918e-07,1,1.08077e-07,-1.23044e-07,1,1.3632e-07,-9.93179e-14,1,2.20212e-07,-1,-3.91913e-08,-3.51076e-07,-1,3.24228e-14,-5.09965e-07,-1,2.19535e-07,-1.63336e-07,-1,-7.68953e-08,-2.7264e-07,-1,-3.22983e-07,-4.40424e-07,-3.22983e-07,-1.61491e-07,1,-3.22983e-07,-1.61491e-07,1,-3.22983e-07,-1.61491e-07,1,0.707107,-0.707107,-9.29028e-08,0.707107,-0.707107,-2.74056e-07,0.707107,-0.707107,-1.81153e-07,0.707107,-0.707107,0,-2.59254e-07,-1,-1.84514e-07,-3.22982e-07,-1,-4.94128e-13,-1.56136e-07,-1,-2.63437e-07,-2.29469e-07,-1,-2.8397e-07,-3.22982e-07,-1,-2.20212e-07,-3.22982e-07,-1.61492e-07,1,-3.22982e-07,-1.61492e-07,1,-3.22982e-07,-1.61492e-07,1,0.707105,0.707109,5.48111e-07,0.707105,0.707108,5.48111e-07,0.707105,0.707108,5.48111e-07,0.707105,0.707108,5.48111e-07,-1,0.000200884,-2.72572e-07,-0.396436,0.918062,2.02168e-07,-1,-1.29193e-06,-2.84499e-13,-1,-1.04585e-06,-1.67784e-07,-1,-6.45967e-07,-4.40424e-07]},"texCoord0":{"type":"float32","components":2,"data":[0.313778,0.111307,0.313778,0.1113,0.313773,0.1113,0.313769,0.1113,0.313769,0.111307,0.313769,0.111308,0.31378,0.111308,0.31378,0.111316,0.31378,0.111325,0.313769,0.111325,0.113765,0.501625,0.113765,0.501614,0.113776,0.501614,0.31378,0.111324,0.31378,0.111326,0.313769,0.111326,0.313769,0.111324,0.313769,0.111307,0.313769,0.1113,0.313773,0.1113,0.313778,0.1113,0.313778,0.111307,0.113764,0.501613,0.113776,0.501613,0.113776,0.501625,0.313769,0.111324,0.31378,0.111324,0.31378,0.111326,0.313769,0.111326,0.313769,0.111325,0.313769,0.111316,0.313769,0.111308,0.31378,0.111308,0.31378,0.111325]}}],"meshes":[{"aabb":{"min":[-59.055,-59.0549,-3.44957e-05],"max":[-47.2441,59.0549,17.3228]},"vertices":0,"indices":[0,1,2,0,2,3,0,3,4,5,6,7,5,7,8,5,8,9,10,11,12,13,14,15,15,16,13,17,18,19,17,19,20,17,20,21,22,23,24,25,26,27,27,28,25,29,30,31,29,31,32,29,32,33],"type":"triangles","base":0,"count":54}],"meshInstances":[{"node":1,"mesh":0}]}}