{"model":{"version":3,"nodes":[{"name":"RootNode","position":[0,0,0],"rotation":[0,0,0],"scale":[0.0254,0.0254,0.0254],"scaleCompensation":false},{"name":"LEVEL20-rampaborde","position":[0,0,0],"rotation":[-90,-0,0],"scale":[0.3937,0.3937,0.3937],"scaleCompensation":false}],"parents":[-1,0],"skins":[],"morphs":[],"vertices":[{"position":{"type":"float32","components":3,"data":[-589.136,-503.901,-1077,-619.136,-503.901,-1077,-619.136,-503.901,-1136,-619.136,-503.901,-1136,-589.137,-503.901,-1136,-589.137,-203.903,-1268,-589.137,-203.901,-1209,-589.136,-503.901,-1077,-589.136,-503.901,-1077,-589.137,-503.901,-1136,-589.137,-203.903,-1268,-619.136,-203.903,-1209,-619.136,-503.901,-1077,-589.136,-503.901,-1077,-589.136,-503.901,-1077,-589.137,-203.901,-1209,-619.136,-203.903,-1209,-619.136,-203.903,-1209,-619.136,-203.901,-1249,-619.136,-503.901,-1136,-619.136,-503.901,-1136,-619.136,-503.901,-1077,-1489.14,-503.901,-1077,-1489.14,-203.901,-1224,-1489.14,-203.901,-1268,-1489.14,-203.901,-1268,-1489.14,-503.901,-1136,-1489.14,-503.901,-1077,-1489.14,-503.901,-1077,-1459.13,-503.901,-1077,-1459.13,-203.903,-1224,-1459.13,-203.903,-1224,-1489.14,-203.901,-1224,-1489.14,-503.901,-1077,-1459.13,-503.901,-1136,-1459.13,-203.901,-1249,-1459.13,-203.903,-1224,-1459.13,-203.903,-1224,-1459.13,-503.901,-1077,-1459.13,-503.901,-1136,-1489.14,-503.901,-1136,-1459.13,-503.901,-1136,-1459.13,-503.901,-1077,-1489.14,-503.901,-1077,-619.136,-203.901,-1249,-619.136,-203.903,-1209,-589.137,-203.901,-1209,-589.137,-203.901,-1209,-589.137,-203.903,-1268,-619.136,-203.901,-1249,-1489.14,-203.901,-1268,-1489.14,-203.901,-1224,-1459.13,-203.903,-1224,-1459.13,-203.903,-1224,-1459.13,-203.901,-1249,-1489.14,-203.901,-1268,-619.136,-503.901,-1136,-619.136,-203.901,-1249,-589.137,-203.903,-1268,-589.137,-203.903,-1268,-589.137,-503.901,-1136,-619.136,-503.901,-1136,-1489.14,-503.901,-1136,-1489.14,-203.901,-1268,-1459.13,-203.901,-1249,-1459.13,-203.901,-1249,-1459.13,-503.901,-1136,-1489.14,-503.901,-1136]},"normal":{"type":"float32","components":3,"data":[0,-1,0,0,-1,0,0,-1,0,0,-1,0,0,-1,0,1,4.06897e-07,-9.89191e-12,1,4.06897e-07,-9.89191e-12,1,4.06897e-07,-9.89191e-12,1,-9.10361e-07,-2.06899e-06,1,-9.10361e-07,-2.06899e-06,1,-9.10361e-07,-2.06899e-06,0,0.40274,0.915314,0,0.40274,0.915314,0,0.40274,0.915314,-1.96653e-05,0.402738,0.915315,-1.96653e-05,0.402738,0.915315,-1.96653e-05,0.402738,0.915315,-1,0,0,-1,0,0,-1,0,0,-1,0,0,-1,0,0,-1,3.66211e-06,1.26999e-12,-1,3.66211e-06,1.26999e-12,-1,3.66211e-06,1.26999e-12,-1,3.66211e-06,0,-1,3.66211e-06,0,-1,3.66211e-06,0,0,0.440017,0.89799,0,0.440017,0.89799,0,0.440017,0.89799,2.17088e-05,0.440015,0.89799,2.17088e-05,0.440015,0.89799,2.17088e-05,0.440015,0.89799,1,0,0,1,0,0,1,0,0,1,-6.06908e-07,-2.06899e-06,1,-6.06907e-07,-2.06899e-06,1,-6.06907e-07,-2.06899e-06,0,-1,0,0,-1,0,0,-1,0,0,-1,0,-4.8829e-05,1,3.73842e-05,-4.8829e-05,1,3.73842e-05,-4.8829e-05,1,3.73842e-05,3.34319e-05,1,-2.43106e-05,3.34319e-05,1,-2.43106e-05,3.34319e-05,1,-2.43106e-05,4.93366e-05,1,3.46791e-07,4.93366e-05,1,3.46791e-07,4.93366e-05,1,3.46791e-07,-3.69876e-05,1,5.92044e-05,-3.69876e-05,1,5.92044e-05,-3.69876e-05,1,5.92044e-05,-0.50988,-0.303228,-0.805031,-0.50988,-0.303228,-0.805031,-0.50988,-0.303228,-0.805031,0,-0.40274,-0.915314,0,-0.40274,-0.915314,0,-0.40274,-0.915314,0.501524,-0.348428,-0.791878,0.501524,-0.348428,-0.791878,0.501524,-0.348428,-0.791878,0,-0.35249,-0.935816,0,-0.35249,-0.935815,0,-0.35249,-0.935816]},"texCoord0":{"type":"float32","components":2,"data":[0.435894,0.0874361,0.435894,0.0918195,0.43959,0.0918195,0.442318,0.0918195,0.442318,0.0874361,0.435855,0.13631,0.442321,0.133498,0.442321,0.0815274,0.442321,0.0815274,0.435858,0.0843394,0.435855,0.13631,0.916418,0.652703,0.916418,0.734893,0.908586,0.734893,0.908586,0.734893,0.908586,0.652703,0.916418,0.652703,0.442319,0.133418,0.438689,0.135005,0.438687,0.083311,0.438687,0.083311,0.44232,0.081724,0.442319,0.081453,0.44232,0.133423,0.43586,0.136235,0.43586,0.136235,0.435862,0.084265,0.442319,0.081453,0.916418,0.734893,0.908586,0.734893,0.908586,0.652703,0.908586,0.652703,0.916418,0.652703,0.916418,0.734893,0.438679,0.0832044,0.438682,0.134899,0.442321,0.133312,0.442321,0.133312,0.442322,0.0816174,0.438679,0.0832044,0.442318,0.131271,0.43959,0.126887,0.435894,0.126887,0.435894,0.131271,0.435855,0.13631,0.442321,0.133498,0.442321,0.133498,0.442321,0.133498,0.435855,0.13631,0.435855,0.13631,0.438682,0.134899,0.442321,0.133312,0.442321,0.133312,0.442321,0.133312,0.438682,0.134899,0.438682,0.134899,0.435858,0.0843394,0.435855,0.13631,0.435855,0.13631,0.435855,0.13631,0.435858,0.0843394,0.435858,0.0843394,0.438679,0.0832044,0.438682,0.134899,0.438682,0.134899,0.438682,0.134899,0.438679,0.0832044,0.438679,0.0832044]}}],"meshes":[{"aabb":{"min":[-1489.14,-503.901,-1268],"max":[-589.136,-203.901,-1077]},"vertices":0,"indices":[0,1,2,0,3,4,5,6,7,8,9,10,11,12,13,14,15,16,17,18,19,20,21,17,22,23,24,25,26,27,28,29,30,31,32,33,34,35,36,37,38,39,40,41,42,40,42,43,44,45,46,47,48,49,50,51,52,53,54,55,56,57,58,59,60,61,62,63,64,65,66,67],"type":"triangles","base":0,"count":72}],"meshInstances":[{"node":1,"mesh":0}]}}