{"model":{"version":3,"nodes":[{"name":"RootNode","position":[0,0,0],"rotation":[0,0,0],"scale":[0.0254,0.0254,0.0254],"scaleCompensation":false},{"name":"Mesh1 Diamond Corner Model 180","position":[0,0,0],"rotation":[-90,0,0],"scale":[1,1,1],"scaleCompensation":false}],"parents":[-1,0],"skins":[],"morphs":[],"vertices":[{"position":{"type":"float32","components":3,"data":[59.055,59.0549,17.3228,59.055,59.0549,-1.75998e-06,47.2441,59.0549,-1.75998e-06,47.2441,59.0549,7.48031,47.2441,59.0549,17.3228,-59.055,-59.0549,-4.54747e-12,59.055,59.0549,-1.75998e-06,59.055,59.0549,17.3228,-59.055,-59.0549,17.3228,-59.055,-59.0549,-4.54747e-12,-59.055,-59.0549,17.3228,-59.055,-47.2441,17.3228,-59.055,-47.2441,7.48031,-59.055,-47.2441,-4.54747e-12,47.2441,59.0549,7.48031,-59.055,-47.2441,7.48031,-59.055,-47.2441,17.3228,47.2441,59.0549,17.3228,47.2441,59.0549,17.3228,-59.055,-47.2441,17.3228,-59.055,-59.0549,17.3228,59.055,59.0549,17.3228]},"normal":{"type":"float32","components":3,"data":[0,1,0,0,1,0,0,1,0,0,1,0,0,1,0,0.707106,-0.707107,-1.45469e-07,0.707107,-0.707107,0,0.707107,-0.707107,-1.02441e-08,0.707107,-0.707107,-1.55714e-07,-1,0,0,-1,0,0,-1,0,0,-1,0,0,-1,0,0,-0.707107,0.707107,-2.28131e-08,-0.707107,0.707107,-5.48111e-07,-0.707107,0.707107,-5.25299e-07,-0.707107,0.707107,0,-4.00427e-09,3.60385e-09,1,-1.79435e-07,1.61492e-07,1,-1.67421e-07,1.50679e-07,1,0,0,1]},"texCoord0":{"type":"float32","components":2,"data":[0.313769,0.111241,0.313778,0.111241,0.313778,0.111247,0.313774,0.111247,0.313769,0.111247,0.313777,0.11124,0.313777,0.11124,0.313776,0.11124,0.313777,0.11124,0.313769,0.111241,0.313778,0.111241,0.313778,0.111248,0.313773,0.111248,0.313769,0.111248,0.313774,0.111247,0.313773,0.111248,0.313778,0.111248,0.313769,0.111247,0.113765,0.501557,0.113774,0.501557,0.113774,0.501551,0.113765,0.50155]}}],"meshes":[{"aabb":{"min":[-59.055,-59.0549,-1.75998e-06],"max":[59.055,59.0549,17.3228]},"vertices":0,"indices":[0,1,2,0,2,3,0,3,4,5,6,7,7,8,5,9,10,11,9,11,12,9,12,13,14,15,16,16,17,14,18,19,20,20,21,18],"type":"triangles","base":0,"count":36}],"meshInstances":[{"node":1,"mesh":0}]}}