{"model":{"version":3,"nodes":[{"name":"RootNode","position":[0,0,0],"rotation":[0,0,0],"scale":[0.0254,0.0254,0.0254],"scaleCompensation":false},{"name":"golf_bosque_piedrachicaC","position":[0,0,0],"rotation":[-90,-0,0],"scale":[1,1,1],"scaleCompensation":false}],"parents":[-1,0],"skins":[],"morphs":[],"vertices":[{"position":{"type":"float32","components":3,"data":[30.0691,9.57629,-1.74068,22.8846,13.1584,14.9114,30.3196,-7.08657,-1.73764,22.8846,13.1584,14.9114,-23.6517,14.9084,13.4753,-1.24524,-20.0487,8.43387,-24.1638,-9.94538,13.3478,-30.3195,-12.223,-1.74165,-1.24524,-20.0487,8.43387,10.6794,26.6479,-1.74041,22.8846,13.1584,14.9114,30.0691,9.57629,-1.74068,9.35739,22.5369,16.5825,-23.6517,14.9084,13.4753,22.8846,13.1584,14.9114,10.6794,26.6479,-1.74041,9.35739,22.5369,16.5825,22.8846,13.1584,14.9114,10.6794,26.6479,-1.74041,-23.6517,14.9084,13.4753,9.35739,22.5369,16.5825,10.6794,26.6479,-1.74041,-29.3283,19.1245,-1.74261,-23.6517,14.9084,13.4753,-24.1638,-9.94538,13.3478,-23.6517,14.9084,13.4753,-29.3283,19.1245,-1.74261,-29.3283,19.1245,-1.74261,-30.3195,-12.223,-1.74165,-24.1638,-9.94538,13.3478,30.3196,-7.08657,-1.73764,22.8846,13.1584,14.9114,-1.24524,-20.0487,8.43387,-1.24524,-20.0487,8.43387,15.3608,-26.6479,-1.73999,30.3196,-7.08657,-1.73764,-24.1638,-9.94538,13.3478,-1.24524,-20.0487,8.43387,-23.6517,14.9084,13.4753,-1.24524,-20.0487,8.43387,-30.3195,-12.223,-1.74165,15.3608,-26.6479,-1.73999]},"normal":{"type":"float32","components":3,"data":[0.919181,0.0138912,0.393591,0.919181,0.0138912,0.393591,0.919181,0.0138912,0.393591,-0.0366406,-0.165613,0.98551,-0.0366406,-0.165613,0.98551,-0.0366406,-0.165613,0.98551,-0.338186,-0.90035,0.273861,-0.338186,-0.90035,0.273861,-0.338187,-0.90035,0.273861,0.655824,0.744872,0.12272,0.655824,0.744872,0.12272,0.655824,0.744872,0.12272,-0.0386286,-0.229032,0.972652,-0.0386286,-0.229032,0.972652,-0.0386286,-0.229032,0.972652,0.574086,0.789111,0.218469,0.574086,0.789111,0.218469,0.574086,0.789111,0.218469,-0.238288,0.951167,0.196214,-0.238288,0.951167,0.196214,-0.238288,0.951167,0.196214,-0.174925,0.930115,0.322937,-0.174925,0.930115,0.322937,-0.174925,0.930115,0.322937,-0.9352,0.0174574,0.353688,-0.9352,0.0174574,0.353688,-0.935201,0.0174574,0.353688,-0.927061,0.0293244,0.373763,-0.927061,0.0293244,0.373763,-0.927061,0.0293244,0.373763,0.439425,-0.468776,0.76626,0.439425,-0.468776,0.76626,0.439425,-0.468776,0.76626,0.40438,-0.309337,0.86069,0.40438,-0.309337,0.86069,0.40438,-0.309337,0.86069,0.205733,-0.00925744,0.978564,0.205733,-0.00925745,0.978564,0.205733,-0.00925744,0.978564,-0.298726,-0.945983,0.126016,-0.298726,-0.945983,0.126016,-0.298726,-0.945983,0.126016]},"texCoord0":{"type":"float32","components":2,"data":[0.69149,0.210028,0.691502,0.21002,0.691503,0.210034,0.691502,0.21002,0.691505,0.21,0.691519,0.210014,0.691516,0.209999,0.691526,0.209992,0.691519,0.210014,0.691481,0.210007,0.691502,0.21002,0.69149,0.210028,0.691497,0.21001,0.691505,0.21,0.691502,0.21002,0.691481,0.210007,0.691497,0.21001,0.691502,0.21002,0.691481,0.210007,0.691505,0.21,0.691497,0.21001,0.691481,0.210007,0.691501,0.209984,0.691505,0.21,0.691516,0.209999,0.691505,0.21,0.691501,0.209984,0.691501,0.209984,0.691526,0.209992,0.691516,0.209999,0.691503,0.210034,0.691502,0.21002,0.691519,0.210014,0.691519,0.210014,0.691524,0.210029,0.691503,0.210034,0.691516,0.209999,0.691519,0.210014,0.691505,0.21,0.691519,0.210014,0.691526,0.209992,0.691524,0.210029]}}],"meshes":[{"aabb":{"min":[-30.3195,-26.6479,-1.74261],"max":[30.3196,26.6479,16.5825]},"vertices":0,"indices":[0,1,2,3,4,5,6,7,8,9,10,11,12,13,14,15,16,17,18,19,20,21,22,23,24,25,26,27,28,29,30,31,32,33,34,35,36,37,38,39,40,41],"type":"triangles","base":0,"count":42}],"meshInstances":[{"node":1,"mesh":0}]}}