{"model":{"version":3,"nodes":[{"name":"RootNode","position":[0,0,0],"rotation":[0,0,0],"scale":[0.0254,0.0254,0.0254],"scaleCompensation":false},{"name":"Mesh1 T_split Model 180","position":[0,0,0],"rotation":[-90,0,0],"scale":[1,1,1],"scaleCompensation":false}],"parents":[-1,0],"skins":[],"morphs":[],"vertices":[{"position":{"type":"float32","components":3,"data":[59.055,-59.0549,17.3228,47.2441,-59.0549,17.3228,47.2441,-59.0549,7.48031,47.2441,-59.0549,-2.72848e-12,59.055,-59.0549,5.86656e-07,59.055,-59.0549,5.86656e-07,59.055,59.0549,-1.17332e-06,59.055,59.0549,17.3228,59.055,-59.0549,17.3228,47.2441,59.0549,17.3228,47.2441,-59.0549,17.3228,59.055,-59.0549,17.3228,59.055,59.0549,17.3228,59.055,59.0549,-1.17332e-06,47.2441,59.0549,-1.17332e-06,47.2441,59.0549,7.48031,47.2441,59.0549,17.3228,59.055,59.0549,17.3228,-59.055,59.0549,17.3228,-59.055,47.2441,17.3228,-47.244,59.0549,17.3228,-47.244,59.0549,7.48031,-47.244,59.0549,17.3228,-59.055,47.2441,17.3228,-59.055,47.2441,7.48031,-59.055,47.2441,3.63798e-12,-59.055,47.2441,7.48031,-59.055,47.2441,17.3228,-59.055,59.0549,17.3228,-59.055,59.0549,-2.34664e-06,-47.244,59.0549,-1.17332e-06,-59.055,59.0549,-2.34664e-06,-59.055,59.0549,17.3228,-47.244,59.0549,17.3228,-47.244,59.0549,7.48031,-59.055,-47.2441,3.63798e-12,-59.055,-59.0549,1.75998e-06,-59.055,-59.0549,17.3228,-59.055,-47.2441,17.3228,-59.055,-47.2441,7.48031,-59.055,-47.2441,17.3228,-59.055,-59.0549,17.3228,-47.2441,-59.0549,17.3228,-59.055,-47.2441,17.3228,-47.2441,-59.0549,7.48031,-59.055,-47.2441,7.48031,-47.2441,-59.0549,17.3228,-59.055,-59.0549,1.75998e-06,-47.2441,-59.0549,3.63798e-12,-47.2441,-59.0549,7.48031,-47.2441,-59.0549,17.3228,-59.055,-59.0549,17.3228,47.2441,59.0549,17.3228,47.2441,59.0549,7.48031,47.2441,-59.0549,7.48031,47.2441,-59.0549,17.3228]},"normal":{"type":"float32","components":3,"data":[8.57636e-08,-1,-4.2673e-07,3.22981e-07,-1,-7.75146e-07,-1.42851e-07,-1,-2.16154e-07,-1.23044e-07,-1,-1.3632e-07,1.09382e-14,-1,-2.20212e-07,1,6.45958e-08,1.2906e-14,1,6.45958e-08,0,1,6.45958e-08,1.31878e-15,1,6.45958e-08,1.42248e-14,0,0,1,0,0,1,0,0,1,0,0,1,0,1,0,0,1,0,0,1,0,0,1,0,0,1,0,0,0,1,0,0,1,0,0,1,0.707104,-0.70711,9.29032e-08,0.707104,-0.70711,0,0.707104,-0.70711,1.81154e-07,0.707104,-0.70711,2.74057e-07,-1,0,0,-1,0,0,-1,0,0,-1,0,0,-1,0,0,0,1,0,0,1,0,0,1,0,0,1,0,1,0,0,-1,0,0,-1,0,0,-1,0,0,-1,0,0,1,0,0,0,1.61492e-07,1,0,1.61492e-07,1,0,1.61492e-07,1,0.707105,0.707108,0,0.707106,0.707108,0,0.707106,0.707108,0,0.707106,0.707108,0,0,-1,0,0,-1,0,0,-1,0,0,-1,0,0,-1,0,-1,3.87575e-07,1.59013e-14,-1,3.87575e-07,0,-1,3.87575e-07,2.84526e-13,-1,3.87575e-07,3.00427e-13]},"texCoord0":{"type":"float32","components":2,"data":[0.313769,0.111292,0.313769,0.111298,0.313774,0.111298,0.313778,0.111298,0.313778,0.111292,0.313769,0.11124,0.313769,0.111305,0.313778,0.111305,0.313778,0.11124,0.113774,0.501538,0.113774,0.501637,0.113765,0.501637,0.113765,0.501538,0.313778,0.111292,0.313778,0.111298,0.313774,0.111298,0.313769,0.111298,0.313769,0.111292,0.113776,0.501613,0.113776,0.501625,0.113774,0.501625,0.31378,0.111307,0.313769,0.111307,0.313769,0.111305,0.31378,0.111305,0.313769,0.111298,0.313773,0.111298,0.313778,0.111298,0.313778,0.111305,0.313769,0.111305,0.313778,0.111248,0.313778,0.111255,0.313769,0.111255,0.313769,0.111248,0.313774,0.111248,0.313769,0.111246,0.313769,0.11124,0.313778,0.11124,0.313778,0.111246,0.313773,0.111246,0.113776,0.501614,0.113776,0.501625,0.113765,0.501625,0.313769,0.111307,0.31378,0.111307,0.31378,0.111308,0.313769,0.111305,0.313778,0.111255,0.313778,0.111248,0.313774,0.111248,0.313769,0.111248,0.313769,0.111255,0.313778,0.111305,0.313773,0.111305,0.313773,0.11124,0.313778,0.11124]}}],"meshes":[{"aabb":{"min":[-59.055,-59.0549,-2.34664e-06],"max":[59.055,59.0549,17.3228]},"vertices":0,"indices":[0,1,2,0,2,3,0,3,4,5,6,7,7,8,5,9,10,11,11,12,9,13,14,15,13,15,16,13,16,17,18,19,20,21,22,23,23,24,21,25,26,27,25,27,28,25,28,29,30,31,32,30,32,33,30,33,34,35,36,37,35,37,38,35,38,39,40,41,42,43,44,45,44,43,46,47,48,49,47,49,50,47,50,51,52,53,54,54,55,52],"type":"triangles","base":0,"count":90}],"meshInstances":[{"node":1,"mesh":0}]}}