{"model":{"version":3,"nodes":[{"name":"RootNode","position":[0,0,0],"rotation":[0,0,0],"scale":[0.0254,0.0254,0.0254],"scaleCompensation":false},{"name":"golf_bosque_piedramediaC","position":[0,0,0],"rotation":[-90,-0,0],"scale":[1,1,1],"scaleCompensation":false}],"parents":[-1,0],"skins":[],"morphs":[],"vertices":[{"position":{"type":"float32","components":3,"data":[-56.7524,-14.1501,52.2281,-25.1151,51.5931,44.6608,-39.539,60.2075,-3.61003,-9.62631,-54.5673,45.7796,51.9438,-26.1567,49.1842,-20.3941,-10.1642,61.9517,35.731,-43.0471,-2.8694,51.9438,-26.1567,49.1842,-9.62631,-54.5673,45.7796,67.9767,2.34088,-0.742008,51.9438,-26.1567,49.1842,35.731,-43.0471,-2.8694,49.5073,49.5892,-7.799,-39.539,60.2075,-3.61003,-25.1151,51.5931,44.6608,-25.1151,51.5931,44.6608,54.555,48.9446,44.2503,49.5073,49.5892,-7.799,-15.2542,-60.2075,-5.83365,-9.62631,-54.5673,45.7796,-49.7415,-30.8074,-5.27108,-67.9767,-10.663,-5.58075,-56.7524,-14.1501,52.2281,-39.539,60.2075,-3.61003,-49.7415,-30.8074,-5.27108,-56.7524,-14.1501,52.2281,-67.9767,-10.663,-5.58075,-56.7524,-14.1501,52.2281,-9.62631,-54.5673,45.7796,-20.3941,-10.1642,61.9517,54.555,48.9446,44.2503,-4.83414,50.0647,71.9219,31.6493,39.5293,63.0174,51.9438,-26.1567,49.1842,67.9767,2.34088,-0.742008,49.5073,49.5892,-7.799,49.5073,49.5892,-7.799,54.555,48.9446,44.2503,51.9438,-26.1567,49.1842,51.9438,-26.1567,49.1842,31.6493,39.5293,63.0174,-4.83414,50.0647,71.9219,-4.83414,50.0647,71.9219,-20.3941,-10.1642,61.9517,51.9438,-26.1567,49.1842,-25.1151,51.5931,44.6608,-56.7524,-14.1501,52.2281,-20.3941,-10.1642,61.9517,51.9438,-26.1567,49.1842,54.555,48.9446,44.2503,31.6493,39.5293,63.0174,35.731,-43.0471,-2.8694,-9.62631,-54.5673,45.7796,-15.2542,-60.2075,-5.83365,-25.1151,51.5931,44.6608,-20.3941,-10.1642,61.9517,-4.83414,50.0647,71.9219,-49.7415,-30.8074,-5.27108,-9.62631,-54.5673,45.7796,-56.7524,-14.1501,52.2281,54.555,48.9446,44.2503,-25.1151,51.5931,44.6608,-4.83414,50.0647,71.9219]},"normal":{"type":"float32","components":3,"data":[-0.835836,0.440011,0.328281,-0.835836,0.440011,0.328281,-0.835836,0.440011,0.328281,0.0955881,-0.320106,0.942547,0.0955881,-0.320106,0.942547,0.0955881,-0.320106,0.942547,0.405661,-0.898944,0.165342,0.405661,-0.898944,0.165342,0.405661,-0.898944,0.165342,0.81486,-0.575775,-0.0669712,0.81486,-0.575775,-0.0669712,0.81486,-0.575775,-0.0669712,0.123683,0.982623,0.138401,0.123683,0.982623,0.138401,0.123683,0.982623,0.138401,0.0332706,0.999404,0.00915149,0.0332706,0.999404,0.00915149,0.0332706,0.999404,0.00915149,-0.639762,-0.753375,0.152087,-0.639762,-0.753375,0.152087,-0.639762,-0.753375,0.152087,-0.911463,0.360212,0.1987,-0.911463,0.360212,0.1987,-0.911463,0.360212,0.1987,-0.738202,-0.666652,0.103118,-0.738202,-0.666652,0.103118,-0.738202,-0.666652,0.103118,-0.20033,-0.377809,0.903951,-0.20033,-0.377809,0.903951,-0.20033,-0.377809,0.903951,0.348589,0.595174,0.724053,0.348589,0.595174,0.724053,0.348589,0.595174,0.724053,0.794508,0.381178,0.472716,0.794508,0.381178,0.472716,0.794508,0.381178,0.472716,0.994447,-0.0409453,-0.0969484,0.994447,-0.0409453,-0.0969484,0.994447,-0.0409453,-0.0969484,0.195197,-0.143998,0.970135,0.195197,-0.143998,0.970135,0.195197,-0.143998,0.970135,0.128699,-0.194232,0.972477,0.128699,-0.194232,0.972477,0.128699,-0.194232,0.972476,-0.27526,0.239627,0.931027,-0.27526,0.239627,0.931027,-0.27526,0.239627,0.931027,0.62623,0.02941,0.779083,0.62623,0.02941,0.779083,0.62623,0.0294101,0.779083,0.314614,-0.946698,0.0691477,0.314614,-0.946698,0.0691477,0.314614,-0.946698,0.0691477,-0.794893,0.106476,0.597334,-0.794893,0.106476,0.597334,-0.794893,0.106476,0.597334,-0.632928,-0.760844,0.143241,-0.632928,-0.760844,0.143241,-0.632928,-0.760844,0.143241,0.0333693,0.998957,0.0311809,0.0333693,0.998957,0.0311809,0.0333693,0.998957,0.0311809]},"texCoord0":{"type":"float32","components":2,"data":[0.692648,0.209485,0.692672,0.209485,0.69268,0.2095,0.692629,0.209455,0.692655,0.209435,0.692642,0.209457,0.69263,0.209432,0.692647,0.209432,0.692629,0.209455,0.692657,0.209416,0.692647,0.209432,0.69263,0.209432,0.692692,0.209428,0.69268,0.2095,0.692672,0.209485,0.692672,0.209485,0.692682,0.209441,0.692692,0.209428,0.692591,0.209452,0.692629,0.209455,0.692599,0.2095,0.69262,0.209522,0.692648,0.209485,0.69268,0.2095,0.692599,0.2095,0.692648,0.209485,0.69262,0.209522,0.692648,0.209485,0.692629,0.209455,0.692642,0.209457,0.692682,0.209441,0.692677,0.209463,0.692676,0.209451,0.692655,0.209435,0.692657,0.209416,0.692692,0.209428,0.692692,0.209428,0.692682,0.209441,0.692655,0.209435,0.692655,0.209435,0.692676,0.209451,0.692677,0.209463,0.692677,0.209463,0.692654,0.209463,0.692655,0.209435,0.692672,0.209485,0.692648,0.209485,0.692654,0.209463,0.692655,0.209435,0.692682,0.209441,0.692672,0.209443,0.69263,0.209432,0.692629,0.209455,0.692591,0.209452,0.692672,0.209485,0.692654,0.209463,0.692677,0.209463,0.692599,0.2095,0.692629,0.209455,0.692648,0.209485,0.692682,0.209441,0.692672,0.209485,0.692677,0.209463]}}],"meshes":[{"aabb":{"min":[-67.9767,-60.2075,-7.799],"max":[67.9767,60.2075,71.9219]},"vertices":0,"indices":[0,1,2,3,4,5,6,7,8,9,10,11,12,13,14,15,16,17,18,19,20,21,22,23,24,25,26,27,28,29,30,31,32,33,34,35,36,37,38,39,40,41,42,43,44,45,46,47,48,49,50,51,52,53,54,55,56,57,58,59,60,61,62],"type":"triangles","base":0,"count":63}],"meshInstances":[{"node":1,"mesh":0}]}}