{"model":{"version":3,"nodes":[{"name":"RootNode","position":[0,0,0],"rotation":[0,0,0],"scale":[0.0254,0.0254,0.0254],"scaleCompensation":false},{"name":"LEVEL90-flechas","position":[0,0,0],"rotation":[-90,-0,0],"scale":[1,1,1],"scaleCompensation":false}],"parents":[-1,0],"skins":[],"morphs":[],"vertices":[{"position":{"type":"float32","components":3,"data":[-1699.63,214.457,-479.411,-1717.94,229.561,-487.467,-1717.94,199.449,-487.467,-1664.38,214.457,-463.81,-1682.69,229.561,-471.866,-1682.69,199.449,-471.866,-1733.18,214.457,-494.095,-1751.49,229.561,-502.151,-1751.49,199.449,-502.151,-1697.3,214.453,-478.383,-1719.35,232.645,-488.085,-1717.94,229.561,-487.467,-1717.94,229.561,-487.467,-1699.63,214.457,-479.411,-1697.3,214.453,-478.383,-1719.35,232.645,-488.085,-1719.35,196.378,-488.085,-1717.94,199.449,-487.467,-1717.94,199.449,-487.467,-1717.94,229.561,-487.467,-1719.35,196.378,-488.085,-1697.3,214.453,-478.383,-1699.63,214.457,-479.411,-1699.63,214.457,-479.411,-1717.94,199.449,-487.467,-1719.35,196.378,-488.085,-1662.05,214.453,-462.782,-1684.1,232.645,-472.485,-1682.69,229.561,-471.866,-1682.69,229.561,-471.866,-1664.38,214.457,-463.81,-1662.05,214.453,-462.782,-1684.1,232.645,-472.485,-1684.1,196.378,-472.485,-1682.69,199.449,-471.866,-1682.69,199.449,-471.866,-1682.69,229.561,-471.866,-1684.1,232.645,-472.485,-1684.1,196.378,-472.485,-1662.05,214.453,-462.782,-1664.38,214.457,-463.81,-1664.38,214.457,-463.81,-1682.69,199.449,-471.866,-1684.1,196.378,-472.485,-1730.84,214.453,-493.067,-1752.89,232.645,-502.769,-1751.49,229.561,-502.151,-1751.49,229.561,-502.151,-1733.18,214.457,-494.095,-1730.84,214.453,-493.067,-1752.89,232.645,-502.769,-1752.89,196.378,-502.769,-1751.49,199.449,-502.151,-1751.49,199.449,-502.151,-1751.49,229.561,-502.151,-1752.89,232.645,-502.769,-1752.89,196.378,-502.769,-1730.84,214.453,-493.067,-1733.18,214.457,-494.095,-1733.18,214.457,-494.095,-1751.49,199.449,-502.151,-1752.89,196.378,-502.769]},"normal":{"type":"float32","components":3,"data":[-0.402739,0,0.915315,-0.402739,0,0.915315,-0.402739,0,0.915315,-0.402742,0,0.915314,-0.402742,0,0.915314,-0.402742,0,0.915314,-0.402739,0,0.915315,-0.402739,0,0.915315,-0.402739,0,0.915315,-0.402737,2.09863e-06,0.915316,-0.402737,2.09863e-06,0.915316,-0.402737,2.09863e-06,0.915316,-0.402734,6.24477e-06,0.915317,-0.402734,6.24477e-06,0.915317,-0.402734,6.24477e-06,0.915317,-0.402741,0,0.915314,-0.402741,0,0.915314,-0.402741,0,0.915314,-0.402741,0,0.915314,-0.402741,0,0.915314,-0.402734,-5.77445e-06,0.915317,-0.402734,-5.77445e-06,0.915317,-0.402734,-5.77445e-06,0.915317,-0.402737,-1.83802e-06,0.915316,-0.402737,-1.83802e-06,0.915316,-0.402737,-1.83802e-06,0.915316,-0.402744,-2.01632e-06,0.915312,-0.402744,-2.01632e-06,0.915312,-0.402744,-2.01632e-06,0.915312,-0.402754,-1.81889e-05,0.915308,-0.402754,-1.81889e-05,0.915308,-0.402754,-1.81889e-05,0.915308,-0.402741,0,0.915314,-0.402741,0,0.915314,-0.402741,0,0.915314,-0.402741,0,0.915314,-0.402741,0,0.915314,-0.402741,0,0.915314,-0.402754,1.64158e-05,0.915308,-0.402754,1.64158e-05,0.915308,-0.402754,1.64158e-05,0.915308,-0.402742,9.43832e-07,0.915313,-0.402742,9.43832e-07,0.915313,-0.402742,9.43832e-07,0.915313,-0.402725,2.44416e-05,0.915321,-0.402725,2.44416e-05,0.915321,-0.402725,2.44416e-05,0.915321,-0.402744,-6.93858e-06,0.915313,-0.402744,-6.93858e-06,0.915313,-0.402744,-6.93858e-06,0.915313,-0.40277,0,0.915301,-0.40277,0,0.915301,-0.40277,0,0.915301,-0.40277,0,0.915301,-0.40277,0,0.915301,-0.40277,0,0.915301,-0.402744,3.38216e-06,0.915313,-0.402744,3.38216e-06,0.915313,-0.402744,3.38216e-06,0.915313,-0.402721,-2.66246e-05,0.915323,-0.402721,-2.66246e-05,0.915323,-0.402721,-2.66246e-05,0.915323]},"texCoord0":{"type":"float32","components":2,"data":[0.859017,0.880883,0.859017,0.880883,0.859017,0.880883,0.859017,0.880883,0.859017,0.880883,0.859017,0.880883,0.859017,0.880883,0.859017,0.880883,0.859017,0.880883,0.958187,0.87588,0.958112,0.875942,0.958112,0.875942,0.958112,0.875942,0.958187,0.87588,0.958187,0.87588,0.958112,0.875942,0.958112,0.87588,0.958112,0.87588,0.958112,0.87588,0.958112,0.875942,0.958112,0.87588,0.958187,0.87588,0.958187,0.87588,0.958187,0.87588,0.958112,0.87588,0.958112,0.87588,0.958187,0.87588,0.958112,0.875942,0.958112,0.875942,0.958112,0.875942,0.958187,0.87588,0.958187,0.87588,0.958112,0.875942,0.958112,0.87588,0.958112,0.87588,0.958112,0.87588,0.958112,0.875942,0.958112,0.875942,0.958112,0.87588,0.958187,0.87588,0.958187,0.87588,0.958187,0.87588,0.958112,0.87588,0.958112,0.87588,0.958187,0.87588,0.958112,0.875942,0.958112,0.875942,0.958112,0.875942,0.958187,0.87588,0.958187,0.87588,0.958112,0.875942,0.958112,0.87588,0.958112,0.87588,0.958112,0.87588,0.958112,0.875942,0.958112,0.875942,0.958112,0.87588,0.958187,0.87588,0.958187,0.87588,0.958187,0.87588,0.958112,0.87588,0.958112,0.87588]}}],"meshes":[{"aabb":{"min":[-1752.89,196.378,-502.769],"max":[-1662.05,232.645,-462.782]},"vertices":0,"indices":[0,1,2,3,4,5,6,7,8,9,10,11,12,13,14,15,16,17,18,19,15,20,21,22,23,24,25,26,27,28,29,30,31,32,33,34,35,36,37,38,39,40,41,42,43,44,45,46,47,48,49,50,51,52,53,54,55,56,57,58,59,60,61],"type":"triangles","base":0,"count":63}],"meshInstances":[{"node":1,"mesh":0}]}}