{"model":{"version":3,"nodes":[{"name":"RootNode","position":[0,0,0],"rotation":[0,0,0],"scale":[0.0254,0.0254,0.0254],"scaleCompensation":false},{"name":"Plane032","position":[0,0,0],"rotation":[-90,-0,0],"scale":[1,1,1],"scaleCompensation":false}],"parents":[-1,0],"skins":[],"morphs":[],"vertices":[{"position":{"type":"float32","components":3,"data":[1.32365,0.000509262,-0.0079546,-4.70215e-05,2.91435,-0.0079546,-1.31232,0.000509262,-0.0079546,1.32365,5.83377,-0.0079546,-4.70215e-05,8.7476,-0.0079546,-1.31232,5.83377,-0.0079546,1.32365,11.667,-0.0079546,-4.70215e-05,14.5809,-0.0079546,-1.31232,11.667,-0.0079546,1.32365,17.5003,-0.0079546,-4.70215e-05,20.4141,-0.0079546,-1.31232,17.5003,-0.0079546]},"normal":{"type":"float32","components":3,"data":[0,0,1,0,0,1,0,0,1,0,0,1,0,0,1,0,0,1,0,0,1,0,0,1,0,0,1,0,0,1,0,0,1,0,0,1]},"texCoord0":{"type":"float32","components":2,"data":[0.93048,0.0710394,0.477751,0.927299,0.0695203,0.071039,0.93048,0.0710394,0.477751,0.927299,0.0695203,0.071039,0.93048,0.0710394,0.477751,0.927299,0.0695203,0.071039,0.93048,0.0710394,0.477751,0.927299,0.0695203,0.071039]}}],"meshes":[{"aabb":{"min":[-1.31232,0.000509262,-0.0079546],"max":[1.32365,20.4141,-0.0079546]},"vertices":0,"indices":[0,1,2,3,4,5,6,7,8,9,10,11],"type":"triangles","base":0,"count":12}],"meshInstances":[{"node":1,"mesh":0}]}}