{"model":{"version":3,"nodes":[{"name":"RootNode","position":[0,0,0],"rotation":[0,0,0],"scale":[0.0254,0.0254,0.0254],"scaleCompensation":false},{"name":"Mesh1 End Model 270","position":[0,0,0],"rotation":[-90,0,0],"scale":[1,1,1],"scaleCompensation":false}],"parents":[-1,0],"skins":[],"morphs":[],"vertices":[{"position":{"type":"float32","components":3,"data":[59.055,-59.0549,-2.68691e-05,59.055,-47.2441,-2.43582e-05,59.055,-47.2441,7.48029,59.055,-47.2441,17.3228,59.055,-59.0549,17.3228,-59.055,59.0549,17.3229,-47.2441,47.2441,17.3229,59.055,47.2441,17.3228,59.055,59.0549,17.3228,59.055,59.0549,17.3228,59.055,47.2441,17.3228,59.055,47.2441,7.48031,59.055,47.2441,-8.96413e-06,59.055,59.0549,-8.21323e-06,-59.055,59.0549,17.3229,59.055,59.0549,17.3228,59.055,59.0549,-8.21323e-06,-59.0549,59.0549,2.68691e-05,-59.055,-59.0549,17.3228,-59.055,59.0549,17.3229,-59.0549,59.0549,2.68691e-05,-59.055,-59.0549,7.62656e-06,59.055,-59.0549,-2.68691e-05,59.055,-59.0549,17.3228,-59.055,-59.0549,17.3228,-59.055,-59.0549,7.62656e-06,59.055,-47.2441,17.3228,59.055,-47.2441,7.48029,-47.2441,-47.2441,7.48032,-47.2441,-47.2441,17.3228,-47.2441,47.2441,17.3229,-47.2441,-47.2441,17.3228,-47.2441,-47.2441,7.48032,-47.2441,47.2441,7.48034,-47.2441,47.2441,17.3229,-47.2441,47.2441,7.48034,59.055,47.2441,7.48031,59.055,47.2441,17.3228,-47.2441,47.2441,17.3229,-59.055,59.0549,17.3229,-59.055,-59.0549,17.3228,-47.2441,-47.2441,17.3228,-47.2441,-47.2441,17.3228,-59.055,-59.0549,17.3228,59.055,-59.0549,17.3228,59.055,-47.2441,17.3228]},"normal":{"type":"float32","components":3,"data":[1,-6.45969e-07,-1.1919e-13,1,-6.45969e-07,0,1,-6.45969e-07,-1.70173e-13,1,-6.45968e-07,-1.83436e-13,1,-6.45969e-07,-1.4225e-13,3.14124e-07,-1.69325e-07,1,3.14009e-07,-1.70464e-07,1,3.06716e-07,-1.6263e-07,1,3.0683e-07,-1.61492e-07,1,1,2.75055e-07,-9.01364e-08,1,3.22984e-07,1.2518e-13,1,6.29455e-07,-3.67758e-07,1,2.84944e-07,-1.94276e-07,1,0,0,-3.22978e-08,1,2.20212e-07,-3.22978e-08,1,2.20212e-07,-3.22978e-08,1,2.20212e-07,-3.22978e-08,1,2.20212e-07,-1,2.33148e-08,-6.12478e-08,-1,-6.45957e-08,-6.60636e-07,-1,-5.56126e-08,-5.99388e-07,-1,3.22979e-08,7.11238e-15,-6.72662e-14,-1,-2.20212e-07,-6.75676e-14,-1,-2.20212e-07,-6.46175e-14,-1,-2.20212e-07,-6.43161e-14,-1,-2.20212e-07,2.15319e-07,1,3.87573e-07,2.15319e-07,1,3.87573e-07,2.15319e-07,1,3.87573e-07,2.15319e-07,1,3.87573e-07,1,-2.01861e-07,-3.87573e-07,1,-2.01861e-07,-3.87573e-07,1,-2.01861e-07,-3.87573e-07,1,-2.01861e-07,-3.87573e-07,-2.15319e-07,-1,-3.87573e-07,-2.15319e-07,-1,-3.87573e-07,-2.15319e-07,-1,-3.87573e-07,-2.15319e-07,-1,-3.87573e-07,3.14009e-07,-1.70464e-07,1,3.14124e-07,-1.69325e-07,1,3.14905e-07,-1.53414e-07,1,3.14862e-07,-1.53793e-07,1,3.14862e-07,-1.53793e-07,1,3.14905e-07,-1.53414e-07,1,3.05161e-07,-1.60354e-07,1,3.05035e-07,-1.61492e-07,1]},"texCoord0":{"type":"float32","components":2,"data":[0.313778,0.111241,0.313778,0.111248,0.313774,0.111248,0.313769,0.111248,0.313769,0.111241,0.113774,0.501635,0.113765,0.501625,0.113765,0.501538,0.113774,0.501538,0.31378,0.111325,0.313769,0.111325,0.313769,0.111315,0.313769,0.111308,0.31378,0.111308,0.313778,0.11124,0.313778,0.111305,0.313769,0.111305,0.313769,0.11124,0.313769,0.111241,0.313769,0.111305,0.313778,0.111305,0.313778,0.111241,0.313769,0.111305,0.313778,0.111305,0.313778,0.11124,0.313769,0.11124,0.313778,0.111305,0.313773,0.111305,0.313773,0.111246,0.313778,0.111246,0.313769,0.111299,0.313769,0.111248,0.313774,0.111248,0.313774,0.111299,0.313778,0.111246,0.313773,0.111246,0.313773,0.111305,0.313778,0.111305,0.113774,0.501623,0.113765,0.501632,0.113765,0.501541,0.113774,0.50155,0.113774,0.501622,0.113765,0.501631,0.113765,0.50154,0.113774,0.50154]}}],"meshes":[{"aabb":{"min":[-59.055,-59.0549,-2.68691e-05],"max":[59.055,59.0549,17.3229]},"vertices":0,"indices":[0,1,2,0,2,3,0,3,4,5,6,7,7,8,5,9,10,11,9,11,12,9,12,13,14,15,16,16,17,14,18,19,20,20,21,18,22,23,24,24,25,22,26,27,28,28,29,26,30,31,32,32,33,30,34,35,36,36,37,34,38,39,40,40,41,38,42,43,44,44,45,42],"type":"triangles","base":0,"count":72}],"meshInstances":[{"node":1,"mesh":0}]}}