{"model":{"version":3,"nodes":[{"name":"RootNode","position":[0,0,0],"rotation":[0,0,0],"scale":[0.0254,0.0254,0.0254],"scaleCompensation":false},{"name":"Mesh1 Ramp_sharp Model 180","position":[0,0,0],"rotation":[-90,0,0],"scale":[1,1,1],"scaleCompensation":false}],"parents":[-1,0],"skins":[],"morphs":[],"vertices":[{"position":{"type":"float32","components":3,"data":[59.055,-59.0549,17.3228,47.2441,-59.0549,17.3228,47.2441,-59.0549,7.48032,47.2441,-59.0549,5.86665e-07,59.055,-59.0549,5.86666e-07,59.055,59.0549,-5.86654e-07,59.055,59.0549,17.3228,59.055,-59.0549,17.3228,59.055,-59.0549,5.86666e-07,47.2441,-59.0549,17.3228,59.055,-59.0549,17.3228,59.055,59.0549,17.3228,47.2441,59.0549,17.3228,47.2441,-59.0549,17.3228,47.2441,59.0549,17.3228,47.2441,-29.5275,17.3228,-59.055,-59.0549,17.3228,-47.2441,-59.0549,17.3228,-47.2441,-29.5276,17.3228,-47.2442,59.0549,17.3228,-59.055,59.0549,17.3228,-59.055,59.0549,17.3228,-47.2442,59.0549,17.3228,-47.2442,59.0549,7.48031,-47.2442,59.0549,-5.86664e-07,-59.055,59.0549,-1.75999e-06,-59.055,-59.0549,1.75997e-06,-59.055,-59.0549,17.3228,-59.055,59.0549,17.3228,-59.055,59.0549,-1.75999e-06,59.055,59.0549,-5.86654e-07,47.2441,59.0549,-5.86656e-07,47.2441,59.0549,7.48031,47.2441,59.0549,17.3228,59.055,59.0549,17.3228,47.2441,59.0549,17.3228,47.2441,59.0549,7.48031,47.2441,29.5276,7.48032,47.2441,-29.5275,17.3228,47.2441,-29.5275,7.48032,47.2441,29.5276,7.48032,47.2441,-29.5275,17.3228,-47.2441,-59.0549,17.3228,-47.2441,-59.0549,7.48032,-47.2441,-29.5276,7.48032,-47.2441,-29.5276,17.3228,47.2441,-59.0549,7.48032,47.2441,-59.0549,17.3228,47.2441,-29.5275,7.48032,-59.055,-59.0549,17.3228,-59.055,-59.0549,1.75997e-06,-47.2441,-59.0549,5.86656e-07,-47.2441,-59.0549,7.48032,-47.2441,-59.0549,17.3228,-47.2442,59.0549,7.48031,-47.2442,59.0549,17.3228,-47.2441,-29.5276,17.3228,-47.2442,29.5276,7.48032]},"normal":{"type":"float32","components":3,"data":[0,-1,0,0,-1,0,0,-1,0,0,-1,0,0,-1,0,1,-6.45958e-08,0,1,-6.45958e-08,0,1,-6.45958e-08,0,1,-6.45958e-08,0,0,0,1,0,0,1,0,0,1,0,0,1,0,0,-1,0,0,-1,0,0,-1,0,0,1,0,0,1,0,0,1,0,0,1,0,0,1,0,1,0,0,1,0,0,1,0,0,1,0,0,1,0,-1,-3.22979e-08,-6.45299e-15,-1,-3.22979e-08,-7.11238e-15,-1,-3.22979e-08,-6.59392e-16,-1,-3.22979e-08,0,0,1,0,0,1,0,0,1,0,0,1,0,0,1,0,-1,-4.99126e-07,-5.29269e-08,-1,-5.16769e-07,0,-1,-4.39949e-07,-2.30457e-07,-1,-3.91672e-07,-2.45818e-08,1,3.87573e-07,-2.00284e-13,1,3.87573e-07,-2.00284e-13,1,3.87573e-07,-2.00284e-13,1,2.58384e-07,1.49004e-13,1,2.58384e-07,2.00285e-13,1,2.58384e-07,1.21024e-15,1,2.58384e-07,-5.00713e-14,-1,-3.87575e-07,1.53844e-14,-1,-3.87575e-07,0,-1,-3.87575e-07,7.51069e-14,-8.57646e-08,-1,-4.26731e-07,-2.18764e-14,-1,-2.20212e-07,1.23044e-07,-1,-1.3632e-07,1.42852e-07,-1,-2.16154e-07,-3.22983e-07,-1,-7.75147e-07,1,4.36706e-07,5.46082e-08,1,4.30638e-07,0,1,4.59057e-07,2.55772e-07,1,5.16768e-07,7.75168e-07]},"texCoord0":{"type":"float32","components":2,"data":[0.313769,0.111247,0.313769,0.111254,0.313774,0.111254,0.313778,0.111254,0.313778,0.111247,0.313769,0.111306,0.313778,0.111306,0.313778,0.111242,0.313769,0.111242,0.113774,0.501637,0.113765,0.501637,0.113765,0.501538,0.113774,0.501538,0.113774,0.501637,0.113774,0.501538,0.113774,0.501612,0.113774,0.501637,0.113765,0.501637,0.113765,0.501612,0.113765,0.501538,0.113774,0.501538,0.313769,0.111311,0.313769,0.111305,0.313774,0.111305,0.313778,0.111305,0.313778,0.111311,0.313769,0.111242,0.313778,0.111242,0.313778,0.111307,0.313769,0.111307,0.313778,0.111247,0.313778,0.111254,0.313774,0.111254,0.313769,0.111254,0.313769,0.111247,0.313778,0.111306,0.313773,0.111306,0.313773,0.111289,0.313778,0.111257,0.313785,0.11132,0.313785,0.11132,0.313785,0.11132,0.313778,0.111243,0.313773,0.111243,0.313773,0.111259,0.313778,0.111259,0.313773,0.111241,0.313778,0.111241,0.313773,0.111257,0.31378,0.111325,0.31378,0.111308,0.313769,0.111308,0.313769,0.111315,0.313769,0.111325,0.313773,0.111308,0.313778,0.111308,0.313778,0.111259,0.313773,0.111291]}}],"meshes":[{"aabb":{"min":[-59.055,-59.0549,-1.75999e-06],"max":[59.055,59.0549,17.3228]},"vertices":0,"indices":[0,1,2,0,2,3,0,3,4,5,6,7,7,8,5,9,10,11,9,11,12,13,14,15,16,17,18,16,18,19,16,19,20,21,22,23,21,23,24,21,24,25,26,27,28,28,29,26,30,31,32,30,32,33,30,33,34,35,36,37,37,38,35,39,40,41,42,43,44,44,45,42,46,47,38,38,48,46,49,50,51,49,51,52,49,52,53,54,55,56,56,57,54],"type":"triangles","base":0,"count":93}],"meshInstances":[{"node":1,"mesh":0}]}}